"chrom"	"m_start"	"m_stop"	"pos_id"	"f_type"	"met_dir"	"site_start"	"site_stop"	"locus_tag"	"id2"	"f_dir"	"locus_tag1"	"id21"	"f_start"	"f_stop"	"domain"	"MEP-1.x"	"MEP-2.x"	"LSP-1.x"	"LSP-2.x"	"MEP-1.y"	"MEP-2.y"	"LSP-1.y"	"LSP-2.y"	"MEP_wt_mean"	"LSP_wt_mean"	"methyl_status"	"dna"	"feature"
"ST4-74_pColIb.fa"	27276	27277	"ST4-74_pColIb.fa_27276_+"	"CDS"	"+"	27275	27289	"SLP2_0038"	"psiA"	"+"	"SLP2_0038"	"psiA"	26624	27290	"plasmid"	83.33	90	87.1	91.67	6	10	31	12	87.49875	88.3753488372093	"Constitutive"	"plasmid"	"intragenic"
"ST4-74_pColIb.fa"	27285	27286	"ST4-74_pColIb.fa_27285_-"	"CDS"	"-"	27275	27289	"SLP2_0038"	"psiA"	"+"	"SLP2_0038"	"psiA"	26624	27290	"plasmid"	100	94.74	77.78	100	3	19	18	9	95.4572727272727	85.1866666666667	"Constitutive"	"plasmid"	"intragenic"
"ST4-74_pColIb.fa"	32100	32101	"ST4-74_pColIb.fa_32100_+"	"CDS"	"+"	32097	32111	"SLP2_0045"	"ydhA"	"+"	"SLP2_0045"	"ydhA"	32006	32342	"plasmid"	100	76.92	82.76	87.5	5	13	29	8	83.3311111111111	83.7848648648649	"Constitutive"	"plasmid"	"intragenic"
"ST4-74_pColIb.fa"	32109	32110	"ST4-74_pColIb.fa_32109_-"	"CDS"	"-"	32097	32111	"SLP2_0045"	"ydhA"	"+"	"SLP2_0045"	"ydhA"	32006	32342	"plasmid"	83.33	100	94.44	83.33	6	7	18	6	92.3061538461538	91.6625	"Constitutive"	"plasmid"	"intragenic"
"ST4-74_pColIb.fa"	51486	51487	"ST4-74_pColIb.fa_51486_+"	"CDS"	"+"	51485	51499	"SLP2_0060"	"traU"	"-"	"SLP2_0060"	"traU"	49287	52332	"plasmid"	100	73.68	88.46	66.67	3	19	26	12	77.2690909090909	81.5789473684211	"Constitutive"	"plasmid"	"intragenic"
"ST4-74_pColIb.fa"	51495	51496	"ST4-74_pColIb.fa_51495_-"	"CDS"	"-"	51485	51499	"SLP2_0060"	"traU"	"-"	"SLP2_0060"	"traU"	49287	52332	"plasmid"	100	92.59	96.88	100	9	27	32	8	94.4425	97.504	"Constitutive"	"plasmid"	"intragenic"
"ST4-74_pColIb.fa"	78248	78249	"ST4-74_pColIb.fa_78248_+"	"CDS"	"+"	78245	78259	"SLP2_0092"	"pilO"	"-"	"SLP2_0092"	"pilO"	77250	78546	"plasmid"	60	100	88.89	50	5	15	27	4	90	83.871935483871	"Constitutive"	"plasmid"	"intragenic"
"ST4-74_pColIb.fa"	78257	78258	"ST4-74_pColIb.fa_78257_-"	"CDS"	"-"	78245	78259	"SLP2_0092"	"pilO"	"-"	"SLP2_0092"	"pilO"	77250	78546	"plasmid"	100	90.91	73.33	100	9	11	15	4	95.0005	78.9447368421053	"Constitutive"	"plasmid"	"intragenic"
"ST4-74_pColIb.fa"	85363	85364	"ST4-74_pColIb.fa_85363_+"	"CDS"	"+"	85362	85376	"SLP2_0102"	"traB"	"-"	"SLP2_0102"	"traB"	84946	85480	"plasmid"	100	92.86	91.3	50	1	14	23	8	93.336	80.641935483871	"Constitutive"	"plasmid"	"intragenic"
"ST4-74_pColIb.fa"	85372	85373	"ST4-74_pColIb.fa_85372_-"	"CDS"	"-"	85362	85376	"SLP2_0102"	"traB"	"-"	"SLP2_0102"	"traB"	84946	85480	"plasmid"	100	78.57	82.35	85.71	9	14	17	7	86.955652173913	83.33	"Constitutive"	"plasmid"	"intragenic"
"ST4-74_pSLT.fa"	23440	23441	"ST4-74_pSLT.fa_23440_+"	"CDS"	"+"	23437	23451	"SLP1_0022"	"traC"	"-"	"SLP1_0022"	"traC"	22616	25265	"plasmid"	100	100	83.33	100	2	6	24	10	100	88.2329411764706	"Constitutive"	"plasmid"	"intragenic"
"ST4-74_pSLT.fa"	23449	23450	"ST4-74_pSLT.fa_23449_-"	"CDS"	"-"	23437	23451	"SLP1_0022"	"traC"	"-"	"SLP1_0022"	"traC"	22616	25265	"plasmid"	83.33	100	92.59	100	6	4	27	7	89.998	94.1155882352941	"Constitutive"	"plasmid"	"intragenic"
"ST4-74_pSLT.fa"	28801	28802	"ST4-74_pSLT.fa_28801_+"	"CDS"	"+"	28800	28814	"SLP1_0028"	"traB"	"-"	"SLP1_0028"	"traB"	27797	29219	"plasmid"	75	50	61.11	33.33	4	6	18	3	60	57.1414285714286	"Constitutive"	"plasmid"	"intragenic"
"ST4-74_pSLT.fa"	28810	28811	"ST4-74_pSLT.fa_28810_-"	"CDS"	"-"	28800	28814	"SLP1_0028"	"traB"	"-"	"SLP1_0028"	"traB"	27797	29219	"plasmid"	100	100	100	90	3	4	22	10	100	96.875	"Constitutive"	"plasmid"	"intragenic"
"ST4-74_pSLT.fa"	35067	35068	"ST4-74_pSLT.fa_35067_+"	"intergenic"	"+"	35064	35078	"SLP1_0036"	"no"	"+-"	"SLP1_0037"	"psiA"	33729	35367	"plasmid"	100	87.5	100	100	2	8	29	8	90	100	"Constitutive"	"plasmid"	"intergenic"
"ST4-74_pSLT.fa"	35076	35077	"ST4-74_pSLT.fa_35076_-"	"intergenic"	"-"	35064	35078	"SLP1_0036"	"no"	"+-"	"SLP1_0037"	"psiA"	33729	35367	"plasmid"	50	75	66.67	100	2	8	18	5	70	73.915652173913	"Constitutive"	"plasmid"	"intergenic"
"ST4-74_pSLT.fa"	49848	49849	"ST4-74_pSLT.fa_49848_+"	"CDS"	"+"	49845	49859	"SLP1_0055"	"parA"	"-"	"SLP1_0055"	"parA"	48817	50023	"plasmid"	90.91	90	96.15	62.5	11	10	26	16	90.4766666666667	83.3309523809524	"Constitutive"	"plasmid"	"intragenic"
"ST4-74_pSLT.fa"	49857	49858	"ST4-74_pSLT.fa_49857_-"	"CDS"	"-"	49845	49859	"SLP1_0055"	"parA"	"-"	"SLP1_0055"	"parA"	48817	50023	"plasmid"	100	84.62	96.15	93.33	3	13	26	15	87.50375	95.1182926829268	"Constitutive"	"plasmid"	"intragenic"
"ST4-74_pSLT.fa"	64482	64483	"ST4-74_pSLT.fa_64482_+"	"CDS"	"+"	64479	64493	"SLP1_0068"	"spvB"	"+"	"SLP1_0068"	"spvB"	63873	65649	"plasmid"	100	100	85	94.12	6	11	20	17	100	89.1902702702703	"Constitutive"	"plasmid"	"intragenic"
"ST4-74_pSLT.fa"	64491	64492	"ST4-74_pSLT.fa_64491_-"	"CDS"	"-"	64479	64493	"SLP1_0068"	"spvB"	"+"	"SLP1_0068"	"spvB"	63873	65649	"plasmid"	100	90.91	69.57	100	1	11	23	10	91.6675	78.7912121212121	"Constitutive"	"plasmid"	"intragenic"
"ST4-74_pSLT.fa"	68163	68164	"ST4-74_pSLT.fa_68163_+"	"CDS"	"+"	68162	68176	"SLP1_0072"	"PSLT035"	"+"	"SLP1_0072"	"PSLT035"	68173	68524	"plasmid"	83.33	75	80.95	61.54	6	8	21	13	78.57	73.5285294117647	"Constitutive"	"plasmid"	"intragenic"
"ST4-74_pSLT.fa"	68163	68164	"ST4-74_pSLT.fa_68163_+"	"intergenic"	"+"	68162	68176	"SLP1_0071"	"PSLT036"	"-+"	"SLP1_0072"	"PSLT035"	67956	68173	"plasmid"	83.33	75	80.95	61.54	6	8	21	13	78.57	73.5285294117647	"Constitutive"	"plasmid"	"intergenic"
"ST4-74_pSLT.fa"	68172	68173	"ST4-74_pSLT.fa_68172_-"	"CDS"	"-"	68162	68176	"SLP1_0072"	"PSLT035"	"+"	"SLP1_0072"	"PSLT035"	68173	68524	"plasmid"	NA	85.71	90	92.86	NA	7	20	14	85.71	91.1776470588235	"Constitutive"	"plasmid"	"intragenic"
"ST4-74_pSLT.fa"	68172	68173	"ST4-74_pSLT.fa_68172_-"	"intergenic"	"-"	68162	68176	"SLP1_0071"	"PSLT036"	"-+"	"SLP1_0072"	"PSLT035"	67956	68173	"plasmid"	NA	85.71	90	92.86	NA	7	20	14	85.71	91.1776470588235	"Constitutive"	"plasmid"	"intergenic"
"ST4-74_pSLT.fa"	68930	68931	"ST4-74_pSLT.fa_68930_+"	"CDS"	"+"	68929	68943	"SLP1_0073"	"PSLT034"	"-"	"SLP1_0073"	"PSLT034"	68590	69151	"plasmid"	100	90	96	91.67	4	10	25	12	92.8571428571429	94.5956756756757	"Constitutive"	"plasmid"	"intragenic"
"ST4-74_pSLT.fa"	68939	68940	"ST4-74_pSLT.fa_68939_-"	"CDS"	"-"	68929	68943	"SLP1_0073"	"PSLT034"	"-"	"SLP1_0073"	"PSLT034"	68590	69151	"plasmid"	100	75	78.95	100	2	4	19	13	83.3333333333333	87.5015625	"Constitutive"	"plasmid"	"intragenic"
"ST4-74_pSLT.fa"	81847	81848	"ST4-74_pSLT.fa_81847_+"	"CDS"	"+"	81846	81860	"SLP1_0088"	"pefC"	"+"	"SLP1_0088"	"pefC"	80611	82909	"plasmid"	25	87.5	95.83	87.5	4	16	24	8	75	93.7475	"Constitutive"	"plasmid"	"intragenic"
"ST4-74_pSLT.fa"	81856	81857	"ST4-74_pSLT.fa_81856_-"	"CDS"	"-"	81846	81860	"SLP1_0088"	"pefC"	"+"	"SLP1_0088"	"pefC"	80611	82909	"plasmid"	83.33	100	80	92.31	6	15	15	13	95.2371428571429	85.7153571428571	"Constitutive"	"plasmid"	"intragenic"
"ST4-74_pSLT.fa"	84828	84829	"ST4-74_pSLT.fa_84828_+"	"CDS"	"+"	84827	84841	"SLP1_0091"	"orf6"	"+"	"SLP1_0091"	"orf6"	84418	85294	"plasmid"	80	87.5	77.27	71.43	5	8	22	7	84.6153846153846	75.8603448275862	"Constitutive"	"plasmid"	"intragenic"
"ST4-74_pSLT.fa"	84837	84838	"ST4-74_pSLT.fa_84837_-"	"CDS"	"-"	84827	84841	"SLP1_0091"	"orf6"	"+"	"SLP1_0091"	"orf6"	84418	85294	"plasmid"	100	69.23	100	100	6	13	18	7	78.9468421052632	100	"Constitutive"	"plasmid"	"intragenic"
"ST4-74_pSLT.fa"	91009	91010	"ST4-74_pSLT.fa_91009_+"	"intergenic"	"+"	91006	91020	"SLP1_0098"	"PSLT007"	"--"	"SLP1_0099"	"repA"	90112	91052	"plasmid"	100	87.5	88.24	71.43	4	8	17	7	91.6666666666667	83.3370833333333	"Constitutive"	"plasmid"	"intergenic"
"ST4-74_pSLT.fa"	91018	91019	"ST4-74_pSLT.fa_91018_-"	"intergenic"	"-"	91006	91020	"SLP1_0098"	"PSLT007"	"--"	"SLP1_0099"	"repA"	90112	91052	"plasmid"	80	80	100	100	5	5	18	11	80	100	"Constitutive"	"plasmid"	"intergenic"
"ST4-74.fa"	1055118	1055119	"ST4-74.fa_1055118_+"	"CDS"	"+"	1055117	1055131	"SL1344_0942"	"STM1005"	"-"	"SL1344_0942"	"STM1005"	1054794	1056087	"Right"	60	63.64	75.41	100	5	11	61	4	62.5025	76.9232307692308	"Constitutive"	"chromosome"	"intragenic"
"ST4-74.fa"	1055127	1055128	"ST4-74.fa_1055127_-"	"CDS"	"-"	1055117	1055131	"SL1344_0942"	"STM1005"	"-"	"SL1344_0942"	"STM1005"	1054794	1056087	"Right"	62.5	75	83.93	55.56	8	12	56	9	70	80.0018461538461	"Constitutive"	"chromosome"	"intragenic"
"ST4-74.fa"	1089649	1089650	"ST4-74.fa_1089649_+"	"CDS"	"+"	1089646	1089660	"SL1344_0987"	"STM1048"	"+"	"SL1344_0987"	"STM1048"	1089343	1092694	"Right"	100	100	87.5	91.67	5	11	56	12	100	88.2358823529412	"Constitutive"	"chromosome"	"intragenic"
"ST4-74.fa"	1089658	1089659	"ST4-74.fa_1089658_-"	"CDS"	"-"	1089646	1089660	"SL1344_0987"	"STM1048"	"+"	"SL1344_0987"	"STM1048"	1089343	1092694	"Right"	20	42.86	35.9	60	5	14	39	5	36.8442105263158	38.6386363636364	"Constitutive"	"chromosome"	"intragenic"
"ST4-74.fa"	1092722	1092723	"ST4-74.fa_1092722_+"	"intergenic"	"+"	1092721	1092735	"SL1344_0987"	"STM1048"	"++"	"SL1344_0988"	"STM1049"	1092694	1093028	"Right"	57.14	55.56	66.67	85.71	7	9	48	7	56.25125	69.0932727272727	"Constitutive"	"chromosome"	"intergenic"
"ST4-74.fa"	1092731	1092732	"ST4-74.fa_1092731_-"	"intergenic"	"-"	1092721	1092735	"SL1344_0987"	"STM1048"	"++"	"SL1344_0988"	"STM1049"	1092694	1093028	"Right"	80	100	90.91	100	5	13	55	11	94.4444444444444	92.425	"Constitutive"	"chromosome"	"intergenic"
"ST4-74.fa"	1134536	1134537	"ST4-74.fa_1134536_+"	"CDS"	"+"	1134533	1134547	"SL1344_1029"	"pipC"	"-"	"SL1344_1029"	"pipC"	1134194	1134536	"Right"	80	100	88.68	100	5	11	53	15	93.75	91.1770588235294	"Constitutive"	"chromosome"	"intragenic"
"ST4-74.fa"	1134536	1134537	"ST4-74.fa_1134536_+"	"intergenic"	"+"	1134533	1134547	"SL1344_1029"	"pipC"	"--"	"SL1344_1030"	"sopB"	1134536	1134552	"Right"	80	100	88.68	100	5	11	53	15	93.75	91.1770588235294	"Constitutive"	"chromosome"	"intergenic"
"ST4-74.fa"	1134545	1134546	"ST4-74.fa_1134545_-"	"CDS"	"-"	1134533	1134547	"SL1344_1029"	"pipC"	"-"	"SL1344_1029"	"pipC"	1134194	1134536	"Right"	75	88.89	77.78	55.56	4	9	54	9	84.6161538461538	74.6057142857143	"Constitutive"	"chromosome"	"intragenic"
"ST4-74.fa"	1134545	1134546	"ST4-74.fa_1134545_-"	"intergenic"	"-"	1134533	1134547	"SL1344_1029"	"pipC"	"--"	"SL1344_1030"	"sopB"	1134536	1134552	"Right"	75	88.89	77.78	55.56	4	9	54	9	84.6161538461538	74.6057142857143	"Constitutive"	"chromosome"	"intergenic"
"ST4-74.fa"	1167881	1167882	"ST4-74.fa_1167881_+"	"CDS"	"+"	1167878	1167892	"SL1344_1062"	"putA"	"-"	"SL1344_1062"	"putA"	1163918	1167881	"Right"	100	100	80.95	100	5	2	42	8	100	83.998	"Constitutive"	"chromosome"	"intragenic"
"ST4-74.fa"	1167881	1167882	"ST4-74.fa_1167881_+"	"intergenic"	"+"	1167878	1167892	"SL1344_1062"	"putA"	"-+"	"SL1344_1063"	"putP"	1167881	1168302	"Right"	100	100	80.95	100	5	2	42	8	100	83.998	"Constitutive"	"chromosome"	"intergenic"
"ST4-74.fa"	1167890	1167891	"ST4-74.fa_1167890_-"	"CDS"	"-"	1167878	1167892	"SL1344_1062"	"putA"	"-"	"SL1344_1062"	"putA"	1163918	1167881	"Right"	100	100	92.98	100	2	8	57	6	100	93.6485714285714	"Constitutive"	"chromosome"	"intragenic"
"ST4-74.fa"	1167890	1167891	"ST4-74.fa_1167890_-"	"intergenic"	"-"	1167878	1167892	"SL1344_1062"	"putA"	"-+"	"SL1344_1063"	"putP"	1167881	1168302	"Right"	100	100	92.98	100	2	8	57	6	100	93.6485714285714	"Constitutive"	"chromosome"	"intergenic"
"ST4-74.fa"	1186004	1186005	"ST4-74.fa_1186004_+"	"CDS"	"+"	1186003	1186017	"SL1344_1079"	"csgD"	"-"	"SL1344_1079"	"csgD"	1185867	1186518	"Right"	83.33	85.71	77.36	77.78	6	7	53	9	84.6115384615384	77.4209677419355	"Constitutive"	"chromosome"	"intragenic"
"ST4-74.fa"	1186013	1186014	"ST4-74.fa_1186013_-"	"CDS"	"-"	1186003	1186017	"SL1344_1079"	"csgD"	"-"	"SL1344_1079"	"csgD"	1185867	1186518	"Right"	80	68.75	80.95	92.86	5	16	63	14	71.4285714285714	83.1154545454546	"Constitutive"	"chromosome"	"intragenic"
"ST4-74.fa"	1246474	1246475	"ST4-74.fa_1246474_+"	"intergenic"	"+"	1246471	1246485	"SL1344_1141"	"fhuE"	"-+"	"SL1344_1142"	"ycfF"	1246203	1246544	"Right"	100	83.33	91.3	75	1	6	46	4	85.7114285714286	89.996	"Constitutive"	"chromosome"	"intergenic"
"ST4-74.fa"	1246483	1246484	"ST4-74.fa_1246483_-"	"intergenic"	"-"	1246471	1246485	"SL1344_1141"	"fhuE"	"-+"	"SL1344_1142"	"ycfF"	1246203	1246544	"Right"	57.14	100	78.57	55.56	7	8	56	9	79.9986666666667	75.384	"Constitutive"	"chromosome"	"intergenic"
"ST4-74.fa"	1252288	1252289	"ST4-74.fa_1252288_+"	"CDS"	"+"	1252285	1252299	"SL1344_1149"	"ycfJ"	"+"	"SL1344_1149"	"ycfJ"	1252078	1252618	"Right"	100	81.82	95.56	100	2	11	45	7	84.6169230769231	96.1576923076923	"Constitutive"	"chromosome"	"intragenic"
"ST4-74.fa"	1252297	1252298	"ST4-74.fa_1252297_-"	"CDS"	"-"	1252285	1252299	"SL1344_1149"	"ycfJ"	"+"	"SL1344_1149"	"ycfJ"	1252078	1252618	"Right"	100	100	82.22	57.14	6	6	45	7	100	78.8438461538462	"Constitutive"	"chromosome"	"intragenic"
"ST4-74.fa"	1273087	1273088	"ST4-74.fa_1273087_+"	"CDS"	"+"	1273084	1273098	"SL1344_1167"	"ycfD"	"-"	"SL1344_1167"	"ycfD"	1272876	1273998	"Ter"	100	100	95.83	85.71	4	8	48	7	100	94.542	"Constitutive"	"chromosome"	"intragenic"
"ST4-74.fa"	1273096	1273097	"ST4-74.fa_1273096_-"	"CDS"	"-"	1273084	1273098	"SL1344_1167"	"ycfD"	"-"	"SL1344_1167"	"ycfD"	1272876	1273998	"Ter"	100	80	83.05	85.71	7	10	59	7	88.2352941176471	83.3321212121212	"Constitutive"	"chromosome"	"intragenic"
"ST4-74.fa"	1284387	1284388	"ST4-74.fa_1284387_+"	"intergenic"	"+"	1284384	1284398	"SL1344_1177"	"STM1239"	"+-"	"SL1344_1179"	"envF"	1284060	1285041	"Ter"	100	90	94.92	91.67	4	10	59	12	92.8571428571429	94.3707042253521	"Constitutive"	"chromosome"	"intergenic"
"ST4-74.fa"	1284396	1284397	"ST4-74.fa_1284396_-"	"intergenic"	"-"	1284384	1284398	"SL1344_1177"	"STM1239"	"+-"	"SL1344_1179"	"envF"	1284060	1285041	"Ter"	100	100	94.92	81.82	8	13	59	11	100	92.8614285714286	"Constitutive"	"chromosome"	"intergenic"
"ST4-74.fa"	1285798	1285799	"ST4-74.fa_1285798_+"	"CDS"	"+"	1285797	1285811	"SL1344_1179"	"envF"	"-"	"SL1344_1179"	"envF"	1285041	1285830	"Ter"	100	90.91	60.42	72.73	4	11	48	11	93.334	62.7150847457627	"Constitutive"	"chromosome"	"intragenic"
"ST4-74.fa"	1285807	1285808	"ST4-74.fa_1285807_-"	"CDS"	"-"	1285797	1285811	"SL1344_1179"	"envF"	"-"	"SL1344_1179"	"envF"	1285041	1285830	"Ter"	100	69.23	89.06	100	6	13	64	7	78.9468421052632	90.1385915492958	"Constitutive"	"chromosome"	"intragenic"
"ST4-74.fa"	1320651	1320652	"ST4-74.fa_1320651_+"	"intergenic"	"+"	1320650	1320664	"SL1344_1220"	"yeaG"	"-+"	"SL1344_1221"	"mipA"	1320465	1321041	"Ter"	66.67	66.67	85.25	100	6	12	61	8	66.67	86.9601449275362	"Constitutive"	"chromosome"	"intergenic"
"ST4-74.fa"	1320660	1320661	"ST4-74.fa_1320660_-"	"intergenic"	"-"	1320650	1320664	"SL1344_1220"	"yeaG"	"-+"	"SL1344_1221"	"mipA"	1320465	1321041	"Ter"	80	92.31	98.55	100	5	13	69	12	88.8905555555556	98.7648148148148	"Constitutive"	"chromosome"	"intergenic"
"ST4-74.fa"	1320844	1320845	"ST4-74.fa_1320844_+"	"intergenic"	"+"	1320841	1320855	"SL1344_1220"	"yeaG"	"-+"	"SL1344_1221"	"mipA"	1320465	1321041	"Ter"	83.33	91.67	92.31	87.5	6	12	65	8	88.89	91.7828767123288	"Constitutive"	"chromosome"	"intergenic"
"ST4-74.fa"	1320853	1320854	"ST4-74.fa_1320853_-"	"intergenic"	"-"	1320841	1320855	"SL1344_1220"	"yeaG"	"-+"	"SL1344_1221"	"mipA"	1320465	1321041	"Ter"	80	63.64	60.78	66.67	5	11	51	12	68.7525	61.9019047619048	"Constitutive"	"chromosome"	"intergenic"
"ST4-74.fa"	1341284	1341285	"ST4-74.fa_1341284_+"	"CDS"	"+"	1341283	1341297	"SL1344_1239"	"astA"	"+"	"SL1344_1239"	"astA"	1340263	1341298	"Ter"	100	80	91.07	91.67	1	5	56	12	83.3333333333333	91.1758823529412	"Constitutive"	"chromosome"	"intragenic"
"ST4-74.fa"	1341284	1341285	"ST4-74.fa_1341284_+"	"CDS"	"+"	1341283	1341297	"SL1344_1240"	"astD"	"+"	"SL1344_1240"	"astD"	1341294	1342773	"Ter"	100	80	91.07	91.67	1	5	56	12	83.3333333333333	91.1758823529412	"Constitutive"	"chromosome"	"intragenic"
"ST4-74.fa"	1341293	1341294	"ST4-74.fa_1341293_-"	"CDS"	"-"	1341283	1341297	"SL1344_1239"	"astA"	"+"	"SL1344_1239"	"astA"	1340263	1341298	"Ter"	100	100	98.18	92.86	4	10	55	14	100	97.1005797101449	"Constitutive"	"chromosome"	"intragenic"
"ST4-74.fa"	1341293	1341294	"ST4-74.fa_1341293_-"	"CDS"	"-"	1341283	1341297	"SL1344_1240"	"astD"	"+"	"SL1344_1240"	"astD"	1341294	1342773	"Ter"	100	100	98.18	92.86	4	10	55	14	100	97.1005797101449	"Constitutive"	"chromosome"	"intragenic"
"ST4-74.fa"	1343370	1343371	"ST4-74.fa_1343370_+"	"CDS"	"+"	1343369	1343383	"SL1344_1241"	"astB"	"+"	"SL1344_1241"	"astB"	1342769	1344113	"Ter"	100	50	96.49	87.5	4	6	57	8	70	95.3835384615384	"Constitutive"	"chromosome"	"intragenic"
"ST4-74.fa"	1343379	1343380	"ST4-74.fa_1343379_-"	"CDS"	"-"	1343369	1343383	"SL1344_1241"	"astB"	"+"	"SL1344_1241"	"astB"	1342769	1344113	"Ter"	83.33	50	90.32	73.33	6	4	62	15	69.998	87.0102597402597	"Constitutive"	"chromosome"	"intragenic"
"ST4-74.fa"	1350577	1350578	"ST4-74.fa_1350577_+"	"CDS"	"+"	1350574	1350588	"SL1344_1249"	"celC"	"+"	"SL1344_1249"	"celC"	1350471	1350819	"Ter"	100	80	73.33	77.78	2	5	45	9	85.7142857142857	74.0716666666667	"Constitutive"	"chromosome"	"intragenic"
"ST4-74.fa"	1350586	1350587	"ST4-74.fa_1350586_-"	"CDS"	"-"	1350574	1350588	"SL1344_1249"	"celC"	"+"	"SL1344_1249"	"celC"	1350471	1350819	"Ter"	100	63.64	76.27	92.86	4	11	59	14	73.336	79.4516438356164	"Constitutive"	"chromosome"	"intragenic"
"ST4-74.fa"	1382669	1382670	"ST4-74.fa_1382669_+"	"CDS"	"+"	1382668	1382682	"SL1344_1281"	"aroH"	"-"	"SL1344_1281"	"aroH"	1382250	1383297	"Ter"	50	83.33	62.22	63.64	4	12	45	11	74.9975	62.4989285714286	"Constitutive"	"chromosome"	"intragenic"
"ST4-74.fa"	1382678	1382679	"ST4-74.fa_1382678_-"	"CDS"	"-"	1382668	1382682	"SL1344_1281"	"aroH"	"-"	"SL1344_1281"	"aroH"	1382250	1383297	"Ter"	100	90	98.39	88.89	7	10	62	9	94.1176470588235	97.1857746478873	"Constitutive"	"chromosome"	"intragenic"
"ST4-74.fa"	1385110	1385111	"ST4-74.fa_1385110_+"	"CDS"	"+"	1385107	1385121	"SL1344_1283"	"pps"	"+"	"SL1344_1283"	"pps"	1384580	1387001	"Ter"	100	75	98	100	3	12	50	8	80	98.2758620689655	"Constitutive"	"chromosome"	"intragenic"
"ST4-74.fa"	1385119	1385120	"ST4-74.fa_1385119_-"	"CDS"	"-"	1385107	1385121	"SL1344_1283"	"pps"	"+"	"SL1344_1283"	"pps"	1384580	1387001	"Ter"	100	87.5	85.94	92.86	8	8	64	14	93.75	87.1820512820513	"Constitutive"	"chromosome"	"intragenic"
"ST4-74.fa"	1401380	1401381	"ST4-74.fa_1401380_+"	"CDS"	"+"	1401379	1401393	"SL1344_1297"	"ydiL"	"-"	"SL1344_1297"	"ydiL"	1401155	1401515	"Ter"	100	85.71	92.45	100	5	7	53	7	91.6641666666666	93.3308333333333	"Constitutive"	"chromosome"	"intragenic"
"ST4-74.fa"	1401389	1401390	"ST4-74.fa_1401389_-"	"CDS"	"-"	1401379	1401393	"SL1344_1297"	"ydiL"	"-"	"SL1344_1297"	"ydiL"	1401155	1401515	"Ter"	85.71	85.71	74.58	57.14	7	7	59	7	85.71	72.730303030303	"Constitutive"	"chromosome"	"intragenic"
"ST4-74.fa"	1421597	1421598	"ST4-74.fa_1421597_+"	"CDS"	"+"	1421596	1421610	"SL1344_1315"	"orf245"	"-"	"SL1344_1315"	"orf245"	1420908	1421646	"Ter"	66.67	70	75	72.73	3	10	48	11	69.2315384615385	74.5767796610169	"Constitutive"	"chromosome"	"intragenic"
"ST4-74.fa"	1421606	1421607	"ST4-74.fa_1421606_-"	"CDS"	"-"	1421596	1421610	"SL1344_1315"	"orf245"	"-"	"SL1344_1315"	"orf245"	1420908	1421646	"Ter"	100	100	93.75	93.75	4	10	64	16	100	93.75	"Constitutive"	"chromosome"	"intragenic"
"ST4-74.fa"	1430542	1430543	"ST4-74.fa_1430542_+"	"CDS"	"+"	1430541	1430555	"SL1344_1321"	"ttrR"	"+"	"SL1344_1321"	"ttrR"	1429935	1430574	"Ter"	100	85.71	86.44	80	3	7	59	10	89.997	85.5066666666667	"Constitutive"	"chromosome"	"intragenic"
"ST4-74.fa"	1430551	1430552	"ST4-74.fa_1430551_-"	"CDS"	"-"	1430541	1430555	"SL1344_1321"	"ttrR"	"+"	"SL1344_1321"	"ttrR"	1429935	1430574	"Ter"	0	87.5	79.17	90	1	8	48	10	77.7777777777778	81.0372413793103	"Constitutive"	"chromosome"	"intragenic"
"ST4-74.fa"	1430661	1430662	"ST4-74.fa_1430661_+"	"CDS"	"+"	1430660	1430674	"SL1344_1322"	"orf70"	"+"	"SL1344_1322"	"orf70"	1430671	1430884	"Ter"	66.67	85.71	85.42	88.89	3	7	48	9	79.998	85.9678947368421	"Constitutive"	"chromosome"	"intragenic"
"ST4-74.fa"	1430661	1430662	"ST4-74.fa_1430661_+"	"intergenic"	"+"	1430660	1430674	"SL1344_1321"	"ttrR"	"++"	"SL1344_1322"	"orf70"	1430574	1430671	"Ter"	66.67	85.71	85.42	88.89	3	7	48	9	79.998	85.9678947368421	"Constitutive"	"chromosome"	"intergenic"
"ST4-74.fa"	1430670	1430671	"ST4-74.fa_1430670_-"	"CDS"	"-"	1430660	1430674	"SL1344_1322"	"orf70"	"+"	"SL1344_1322"	"orf70"	1430671	1430884	"Ter"	NA	100	96.36	100	NA	9	55	13	100	97.0558823529412	"Constitutive"	"chromosome"	"intragenic"
"ST4-74.fa"	1430670	1430671	"ST4-74.fa_1430670_-"	"intergenic"	"-"	1430660	1430674	"SL1344_1321"	"ttrR"	"++"	"SL1344_1322"	"orf70"	1430574	1430671	"Ter"	NA	100	96.36	100	NA	9	55	13	100	97.0558823529412	"Constitutive"	"chromosome"	"intergenic"
"ST4-74.fa"	1454412	1454413	"ST4-74.fa_1454412_+"	"CDS"	"+"	1454411	1454425	"SL1344_1351"	"ssaP"	"+"	"SL1344_1351"	"ssaP"	1454204	1454579	"Ter"	100	76.92	90.2	87.5	5	13	51	8	83.3311111111111	89.8338983050847	"Constitutive"	"chromosome"	"intragenic"
"ST4-74.fa"	1454421	1454422	"ST4-74.fa_1454421_-"	"CDS"	"-"	1454411	1454425	"SL1344_1351"	"ssaP"	"+"	"SL1344_1351"	"ssaP"	1454204	1454579	"Ter"	66.67	88.89	90.2	100	3	9	51	5	83.335	91.075	"Constitutive"	"chromosome"	"intragenic"
"ST4-74.fa"	1460393	1460394	"ST4-74.fa_1460393_+"	"CDS"	"+"	1460392	1460406	"SL1344_1358"	"ribE"	"+"	"SL1344_1358"	"ribE"	1460403	1461045	"Ter"	80	90.91	96	85.71	5	11	50	7	87.500625	94.7363157894737	"Constitutive"	"chromosome"	"intragenic"
"ST4-74.fa"	1460393	1460394	"ST4-74.fa_1460393_+"	"intergenic"	"+"	1460392	1460406	"SL1344_1357"	"norM"	"-+"	"SL1344_1358"	"ribE"	1460187	1460403	"Ter"	80	90.91	96	85.71	5	11	50	7	87.500625	94.7363157894737	"Constitutive"	"chromosome"	"intergenic"
"ST4-74.fa"	1460402	1460403	"ST4-74.fa_1460402_-"	"CDS"	"-"	1460392	1460406	"SL1344_1358"	"ribE"	"+"	"SL1344_1358"	"ribE"	1460403	1461045	"Ter"	66.67	83.33	86.79	100	3	6	53	4	77.7766666666667	87.7170175438596	"Constitutive"	"chromosome"	"intragenic"
"ST4-74.fa"	1460402	1460403	"ST4-74.fa_1460402_-"	"intergenic"	"-"	1460392	1460406	"SL1344_1357"	"norM"	"-+"	"SL1344_1358"	"ribE"	1460187	1460403	"Ter"	66.67	83.33	86.79	100	3	6	53	4	77.7766666666667	87.7170175438596	"Constitutive"	"chromosome"	"intergenic"
"ST4-74.fa"	1463730	1463731	"ST4-74.fa_1463730_+"	"CDS"	"+"	1463727	1463741	"SL1344_1360"	"ydhC"	"-"	"SL1344_1360"	"ydhC"	1462524	1463730	"Ter"	100	60	76.6	100	5	10	47	11	73.3333333333333	81.0379310344828	"Constitutive"	"chromosome"	"intragenic"
"ST4-74.fa"	1463730	1463731	"ST4-74.fa_1463730_+"	"intergenic"	"+"	1463727	1463741	"SL1344_1360"	"ydhC"	"-+"	"SL1344_1361"	"ydhB"	1463730	1463842	"Ter"	100	60	76.6	100	5	10	47	11	73.3333333333333	81.0379310344828	"Constitutive"	"chromosome"	"intergenic"
"ST4-74.fa"	1463739	1463740	"ST4-74.fa_1463739_-"	"CDS"	"-"	1463727	1463741	"SL1344_1360"	"ydhC"	"-"	"SL1344_1360"	"ydhC"	1462524	1463730	"Ter"	0	40	59.46	100	1	5	37	2	33.3333333333333	61.5389743589744	"LSP-specific"	"chromosome"	"intragenic"
"ST4-74.fa"	1463739	1463740	"ST4-74.fa_1463739_-"	"intergenic"	"-"	1463727	1463741	"SL1344_1360"	"ydhC"	"-+"	"SL1344_1361"	"ydhB"	1463730	1463842	"Ter"	0	40	59.46	100	1	5	37	2	33.3333333333333	61.5389743589744	"LSP-specific"	"chromosome"	"intergenic"
"ST4-74.fa"	1467547	1467548	"ST4-74.fa_1467547_+"	"CDS"	"+"	1467546	1467560	"SL1344_1364"	"ydhO"	"-"	"SL1344_1364"	"ydhO"	1466972	1467827	"Ter"	100	92.86	98.33	100	6	14	60	13	95.002	98.627397260274	"Constitutive"	"chromosome"	"intragenic"
"ST4-74.fa"	1467556	1467557	"ST4-74.fa_1467556_-"	"CDS"	"-"	1467546	1467560	"SL1344_1364"	"ydhO"	"-"	"SL1344_1364"	"ydhO"	1466972	1467827	"Ter"	100	100	92.86	87.5	5	4	56	8	100	92.19	"Constitutive"	"chromosome"	"intragenic"
"ST4-74.fa"	1537403	1537404	"ST4-74.fa_1537403_+"	"CDS"	"+"	1537402	1537416	"SL1344_1431"	"ynfC"	"+"	"SL1344_1431"	"ynfC"	1536803	1537523	"Ter"	100	83.33	93.75	100	5	12	48	10	88.2329411764706	94.8275862068966	"Constitutive"	"chromosome"	"intragenic"
"ST4-74.fa"	1537412	1537413	"ST4-74.fa_1537412_-"	"CDS"	"-"	1537402	1537416	"SL1344_1431"	"ynfC"	"+"	"SL1344_1431"	"ynfC"	1536803	1537523	"Ter"	83.33	80	88.37	83.33	6	10	43	12	81.24875	87.2703636363637	"Constitutive"	"chromosome"	"intragenic"
"ST4-74.fa"	1541360	1541361	"ST4-74.fa_1541360_+"	"intergenic"	"+"	1541359	1541373	"SL1344_1436"	"rspB"	"++"	"SL1344_1437"	"ydfJ"	1541346	1541399	"Ter"	50	36.36	71.43	81.82	4	11	49	11	39.9973333333333	73.3348333333333	"Constitutive"	"chromosome"	"intergenic"
"ST4-74.fa"	1541369	1541370	"ST4-74.fa_1541369_-"	"intergenic"	"-"	1541359	1541373	"SL1344_1436"	"rspB"	"++"	"SL1344_1437"	"ydfJ"	1541346	1541399	"Ter"	100	85.71	94.23	100	6	7	52	10	92.3053846153846	95.1606451612903	"Constitutive"	"chromosome"	"intergenic"
"ST4-74.fa"	1544053	1544054	"ST4-74.fa_1544053_+"	"CDS"	"+"	1544050	1544064	"SL1344_1438"	"ydfI"	"+"	"SL1344_1438"	"ydfI"	1542922	1544389	"Ter"	75	77.78	80	100	4	9	50	9	76.9246153846154	83.0508474576271	"Constitutive"	"chromosome"	"intragenic"
"ST4-74.fa"	1544062	1544063	"ST4-74.fa_1544062_-"	"CDS"	"-"	1544050	1544064	"SL1344_1438"	"ydfI"	"+"	"SL1344_1438"	"ydfI"	1542922	1544389	"Ter"	0	66.67	91.49	87.5	3	9	47	8	50.0025	90.9096363636364	"Constitutive"	"chromosome"	"intragenic"
"ST4-74.fa"	1565918	1565919	"ST4-74.fa_1565918_+"	"CDS"	"+"	1565915	1565929	"SL1344_1462"	"hyaF2"	"-"	"SL1344_1462"	"hyaF2"	1565755	1566817	"Ter"	50	100	92.45	100	2	10	53	10	91.6666666666667	93.6484126984127	"Constitutive"	"chromosome"	"intragenic"
"ST4-74.fa"	1565927	1565928	"ST4-74.fa_1565927_-"	"CDS"	"-"	1565915	1565929	"SL1344_1462"	"hyaF2"	"-"	"SL1344_1462"	"hyaF2"	1565755	1566817	"Ter"	100	60	77.36	100	10	5	53	9	86.6666666666667	80.6464516129032	"Constitutive"	"chromosome"	"intragenic"
"ST4-74.fa"	157142	157143	"ST4-74.fa_157142_+"	"CDS"	"+"	157141	157155	"SL1344_0134"	"lpxC"	"+"	"SL1344_0134"	"lpxC"	156937	157855	"NSR"	85.71	81.82	95.74	100	7	11	47	4	83.3327777777778	96.0741176470588	"Constitutive"	"chromosome"	"intragenic"
"ST4-74.fa"	157151	157152	"ST4-74.fa_157151_-"	"CDS"	"-"	157141	157155	"SL1344_0134"	"lpxC"	"+"	"SL1344_0134"	"lpxC"	156937	157855	"NSR"	100	100	100	87.5	11	17	57	8	100	98.4615384615385	"Constitutive"	"chromosome"	"intragenic"
"ST4-74.fa"	160480	160481	"ST4-74.fa_160480_+"	"CDS"	"+"	160477	160491	"SL1344_0136"	"secA"	"+"	"SL1344_0136"	"secA"	158692	161398	"NSR"	88.89	90.91	94.64	100	9	11	56	5	90.001	95.0793442622951	"Constitutive"	"chromosome"	"intragenic"
"ST4-74.fa"	160489	160490	"ST4-74.fa_160489_-"	"CDS"	"-"	160477	160491	"SL1344_0136"	"secA"	"+"	"SL1344_0136"	"secA"	158692	161398	"NSR"	100	94.44	91.23	66.67	10	18	57	6	96.4257142857143	88.8909523809524	"Constitutive"	"chromosome"	"intragenic"
"ST4-74.fa"	1607281	1607282	"ST4-74.fa_1607281_+"	"CDS"	"+"	1607278	1607292	"SL1344_1499"	"fdnH"	"-"	"SL1344_1499"	"fdnH"	1606396	1607281	"Ter"	75	100	90.2	84.62	8	10	51	13	88.8888888888889	89.0665625	"Constitutive"	"chromosome"	"intragenic"
"ST4-74.fa"	1607281	1607282	"ST4-74.fa_1607281_+"	"intergenic"	"+"	1607278	1607292	"SL1344_1499"	"fdnH"	"--"	"SL1344_1500"	"fdnG"	1607281	1607294	"Ter"	75	100	90.2	84.62	8	10	51	13	88.8888888888889	89.0665625	"Constitutive"	"chromosome"	"intergenic"
"ST4-74.fa"	1607290	1607291	"ST4-74.fa_1607290_-"	"CDS"	"-"	1607278	1607292	"SL1344_1499"	"fdnH"	"-"	"SL1344_1499"	"fdnH"	1606396	1607281	"Ter"	100	100	90.57	100	1	8	53	11	100	92.19078125	"Constitutive"	"chromosome"	"intragenic"
"ST4-74.fa"	1607290	1607291	"ST4-74.fa_1607290_-"	"intergenic"	"-"	1607278	1607292	"SL1344_1499"	"fdnH"	"--"	"SL1344_1500"	"fdnG"	1607281	1607294	"Ter"	100	100	90.57	100	1	8	53	11	100	92.19078125	"Constitutive"	"chromosome"	"intergenic"
"ST4-74.fa"	1646953	1646954	"ST4-74.fa_1646953_+"	"CDS"	"+"	1646952	1646966	"SL1344_1530"	"pdgL"	"-"	"SL1344_1530"	"pdgL"	1646806	1647577	"Ter"	62.5	70	76	66.67	8	10	50	3	66.6666666666667	75.4718867924528	"Constitutive"	"chromosome"	"intragenic"
"ST4-74.fa"	1646962	1646963	"ST4-74.fa_1646962_-"	"CDS"	"-"	1646952	1646966	"SL1344_1530"	"pdgL"	"-"	"SL1344_1530"	"pdgL"	1646806	1647577	"Ter"	100	100	97.96	100	3	12	49	6	100	98.1825454545454	"Constitutive"	"chromosome"	"intragenic"
"ST4-74.fa"	1674169	1674170	"ST4-74.fa_1674169_+"	"CDS"	"+"	1674166	1674180	"SL1344_1556"	"trg"	"-"	"SL1344_1556"	"trg"	1672731	1674357	"Ter"	66.67	91.67	87.5	100	3	12	56	9	86.67	89.2307692307692	"Constitutive"	"chromosome"	"intragenic"
"ST4-74.fa"	1674178	1674179	"ST4-74.fa_1674178_-"	"CDS"	"-"	1674166	1674180	"SL1344_1556"	"trg"	"-"	"SL1344_1556"	"trg"	1672731	1674357	"Ter"	66.67	100	93.18	100	3	7	44	7	90.001	94.1160784313726	"Constitutive"	"chromosome"	"intragenic"
"ST4-74.fa"	1675308	1675309	"ST4-74.fa_1675308_+"	"CDS"	"+"	1675307	1675321	"SL1344_1557"	"adhC"	"-"	"SL1344_1557"	"adhC"	1674525	1675644	"Ter"	100	72.73	41.38	50	1	11	58	8	75.0025	42.4248484848485	"Constitutive"	"chromosome"	"intragenic"
"ST4-74.fa"	1675317	1675318	"ST4-74.fa_1675317_-"	"CDS"	"-"	1675307	1675321	"SL1344_1557"	"adhC"	"-"	"SL1344_1557"	"adhC"	1674525	1675644	"Ter"	100	83.33	93.48	100	1	6	46	6	85.7114285714286	94.2323076923077	"Constitutive"	"chromosome"	"intragenic"
"ST4-74.fa"	1676581	1676582	"ST4-74.fa_1676581_+"	"CDS"	"+"	1676578	1676592	"SL1344_1559"	"steB"	"+"	"SL1344_1559"	"steB"	1676473	1676875	"Ter"	100	100	75.71	66.67	1	10	70	9	100	74.6801265822785	"Constitutive"	"chromosome"	"intragenic"
"ST4-74.fa"	1676590	1676591	"ST4-74.fa_1676590_-"	"CDS"	"-"	1676578	1676592	"SL1344_1559"	"steB"	"+"	"SL1344_1559"	"steB"	1676473	1676875	"Ter"	100	85.71	90.38	100	1	7	52	5	87.49625	91.2238596491228	"Constitutive"	"chromosome"	"intragenic"
"ST4-74.fa"	1678640	1678641	"ST4-74.fa_1678640_+"	"CDS"	"+"	1678637	1678651	"SL1344_1561"	"sseJ"	"+"	"SL1344_1561"	"sseJ"	1678145	1679372	"Ter"	100	75	78.79	87.5	2	8	66	8	80	79.7316216216216	"Constitutive"	"chromosome"	"intragenic"
"ST4-74.fa"	1678649	1678650	"ST4-74.fa_1678649_-"	"CDS"	"-"	1678637	1678651	"SL1344_1561"	"sseJ"	"+"	"SL1344_1561"	"sseJ"	1678145	1679372	"Ter"	100	85.71	96.3	90	1	7	54	10	87.49625	95.315625	"Constitutive"	"chromosome"	"intragenic"
"ST4-74.fa"	1679871	1679872	"ST4-74.fa_1679871_+"	"intergenic"	"+"	1679870	1679884	"SL1344_1562"	"STM1632"	"-+"	"SL1344_1563"	"STM1633"	1679837	1680743	"Ter"	50	85.71	89.66	80	2	7	58	10	77.7744444444444	88.2394117647059	"Constitutive"	"chromosome"	"intergenic"
"ST4-74.fa"	1679880	1679881	"ST4-74.fa_1679880_-"	"intergenic"	"-"	1679870	1679884	"SL1344_1562"	"STM1632"	"-+"	"SL1344_1563"	"STM1633"	1679837	1680743	"Ter"	100	100	94.23	100	2	6	52	10	100	95.1606451612903	"Constitutive"	"chromosome"	"intergenic"
"ST4-74.fa"	1684990	1684991	"ST4-74.fa_1684990_+"	"CDS"	"+"	1684989	1685003	"SL1344_1567"	"STM1637"	"+"	"SL1344_1567"	"STM1637"	1683728	1685279	"Ter"	75	62.5	82.26	50	4	8	62	10	66.6666666666667	77.7794444444444	"Constitutive"	"chromosome"	"intragenic"
"ST4-74.fa"	1684999	1685000	"ST4-74.fa_1684999_-"	"CDS"	"-"	1684989	1685003	"SL1344_1567"	"STM1637"	"+"	"SL1344_1567"	"STM1637"	1683728	1685279	"Ter"	80	71.43	77.78	83.33	5	7	54	12	75.0008333333333	78.7890909090909	"Constitutive"	"chromosome"	"intragenic"
"ST4-74.fa"	1686008	1686009	"ST4-74.fa_1686008_+"	"CDS"	"+"	1686007	1686021	"SL1344_1568"	"STM1638"	"+"	"SL1344_1568"	"STM1638"	1685742	1686405	"Ter"	75	77.78	87.32	91.67	4	9	71	12	76.9246153846154	87.9489156626506	"Constitutive"	"chromosome"	"intragenic"
"ST4-74.fa"	1686017	1686018	"ST4-74.fa_1686017_-"	"CDS"	"-"	1686007	1686021	"SL1344_1568"	"STM1638"	"+"	"SL1344_1568"	"STM1638"	1685742	1686405	"Ter"	66.67	87.5	81.48	90.91	3	8	54	11	81.8190909090909	83.0758461538462	"Constitutive"	"chromosome"	"intragenic"
"ST4-74.fa"	168693	168694	"ST4-74.fa_168693_+"	"CDS"	"+"	168692	168706	"SL1344_0145"	"nadC"	"-"	"SL1344_0145"	"nadC"	168376	169123	"NSR"	90.91	100	95.08	100	11	14	61	11	96.0004	95.8316666666667	"Constitutive"	"chromosome"	"intragenic"
"ST4-74.fa"	168702	168703	"ST4-74.fa_168702_-"	"CDS"	"-"	168692	168706	"SL1344_0145"	"nadC"	"-"	"SL1344_0145"	"nadC"	168376	169123	"NSR"	100	93.75	84.21	100	5	16	38	9	95.2380952380952	87.2336170212766	"Constitutive"	"chromosome"	"intragenic"
"ST4-74.fa"	1696871	1696872	"ST4-74.fa_1696871_+"	"CDS"	"+"	1696870	1696884	"SL1344_1577"	"ldhA"	"+"	"SL1344_1577"	"ldhA"	1696881	1697871	"Ter"	100	83.33	90.48	90.91	4	6	63	11	89.998	90.5439189189189	"Constitutive"	"chromosome"	"intragenic"
"ST4-74.fa"	1696871	1696872	"ST4-74.fa_1696871_+"	"intergenic"	"+"	1696870	1696884	"SL1344_1576"	"ydbH"	"-+"	"SL1344_1577"	"ldhA"	1696642	1696881	"Ter"	100	83.33	90.48	90.91	4	6	63	11	89.998	90.5439189189189	"Constitutive"	"chromosome"	"intergenic"
"ST4-74.fa"	1696880	1696881	"ST4-74.fa_1696880_-"	"CDS"	"-"	1696870	1696884	"SL1344_1577"	"ldhA"	"+"	"SL1344_1577"	"ldhA"	1696881	1697871	"Ter"	85.71	100	88	100	7	6	50	12	92.3053846153846	90.3225806451613	"Constitutive"	"chromosome"	"intragenic"
"ST4-74.fa"	1696880	1696881	"ST4-74.fa_1696880_-"	"intergenic"	"-"	1696870	1696884	"SL1344_1576"	"ydbH"	"-+"	"SL1344_1577"	"ldhA"	1696642	1696881	"Ter"	85.71	100	88	100	7	6	50	12	92.3053846153846	90.3225806451613	"Constitutive"	"chromosome"	"intergenic"
"ST4-74.fa"	1699830	1699831	"ST4-74.fa_1699830_+"	"CDS"	"+"	1699829	1699843	"SL1344_1581"	"nifJ"	"+"	"SL1344_1581"	"nifJ"	1698977	1702502	"Ter"	100	83.33	98.04	100	6	6	51	5	91.665	98.215	"Constitutive"	"chromosome"	"intragenic"
"ST4-74.fa"	1699839	1699840	"ST4-74.fa_1699839_-"	"CDS"	"-"	1699829	1699843	"SL1344_1581"	"nifJ"	"+"	"SL1344_1581"	"nifJ"	1698977	1702502	"Ter"	66.67	81.82	80.33	88.89	6	11	61	9	76.4729411764706	81.4305714285714	"Constitutive"	"chromosome"	"intragenic"
"ST4-74.fa"	1712948	1712949	"ST4-74.fa_1712948_+"	"CDS"	"+"	1712945	1712959	"SL1344_1592"	"ydaA"	"+"	"SL1344_1592"	"ydaA"	1712129	1713077	"Ter"	100	75	80.7	100	2	8	57	3	80	81.665	"Constitutive"	"chromosome"	"intragenic"
"ST4-74.fa"	1712957	1712958	"ST4-74.fa_1712957_-"	"CDS"	"-"	1712945	1712959	"SL1344_1592"	"ydaA"	"+"	"SL1344_1592"	"ydaA"	1712129	1713077	"Ter"	75	80	82.05	80	4	5	39	5	77.7777777777778	81.8170454545455	"Constitutive"	"chromosome"	"intragenic"
"ST4-74.fa"	1720868	1720869	"ST4-74.fa_1720868_+"	"CDS"	"+"	1720865	1720879	"SL1344_1600"	"STM1670"	"-"	"SL1344_1600"	"STM1670"	1720109	1720955	"Ter"	80	100	92.5	100	5	10	80	1	93.3333333333333	92.5925925925926	"Constitutive"	"chromosome"	"intragenic"
"ST4-74.fa"	1720877	1720878	"ST4-74.fa_1720877_-"	"CDS"	"-"	1720865	1720879	"SL1344_1600"	"STM1670"	"-"	"SL1344_1600"	"STM1670"	1720109	1720955	"Ter"	100	100	84.31	90.91	4	6	51	11	100	85.4809677419355	"Constitutive"	"chromosome"	"intragenic"
"ST4-74.fa"	1733793	1733794	"ST4-74.fa_1733793_+"	"CDS"	"+"	1733792	1733806	"SL1344_1613"	"tyrR"	"-"	"SL1344_1613"	"tyrR"	1733033	1734575	"Ter"	100	44.44	48.98	33.33	6	9	49	3	66.664	48.0771153846154	"Constitutive"	"chromosome"	"intragenic"
"ST4-74.fa"	1733802	1733803	"ST4-74.fa_1733802_-"	"CDS"	"-"	1733792	1733806	"SL1344_1613"	"tyrR"	"-"	"SL1344_1613"	"tyrR"	1733033	1734575	"Ter"	100	85.71	87.5	100	4	7	40	9	90.9063636363636	89.7959183673469	"Constitutive"	"chromosome"	"intragenic"
"ST4-74.fa"	1745003	1745004	"ST4-74.fa_1745003_+"	"CDS"	"+"	1745002	1745016	"SL1344_1625"	"sapD"	"+"	"SL1344_1625"	"sapD"	1744019	1745012	"Ter"	100	100	84.09	77.78	2	8	44	9	100	83.0184905660377	"Constitutive"	"chromosome"	"intragenic"
"ST4-74.fa"	1745003	1745004	"ST4-74.fa_1745003_+"	"CDS"	"+"	1745002	1745016	"SL1344_1626"	"sapF"	"+"	"SL1344_1626"	"sapF"	1745013	1745820	"Ter"	100	100	84.09	77.78	2	8	44	9	100	83.0184905660377	"Constitutive"	"chromosome"	"intragenic"
"ST4-74.fa"	1745003	1745004	"ST4-74.fa_1745003_+"	"intergenic"	"+"	1745002	1745016	"SL1344_1625"	"sapD"	"++"	"SL1344_1626"	"sapF"	1745012	1745013	"Ter"	100	100	84.09	77.78	2	8	44	9	100	83.0184905660377	"Constitutive"	"chromosome"	"intergenic"
"ST4-74.fa"	1745012	1745013	"ST4-74.fa_1745012_-"	"CDS"	"-"	1745002	1745016	"SL1344_1625"	"sapD"	"+"	"SL1344_1625"	"sapD"	1744019	1745012	"Ter"	100	88.89	76.79	100	3	9	56	5	91.6675	78.6924590163935	"Constitutive"	"chromosome"	"intragenic"
"ST4-74.fa"	1745012	1745013	"ST4-74.fa_1745012_-"	"CDS"	"-"	1745002	1745016	"SL1344_1626"	"sapF"	"+"	"SL1344_1626"	"sapF"	1745013	1745820	"Ter"	100	88.89	76.79	100	3	9	56	5	91.6675	78.6924590163935	"Constitutive"	"chromosome"	"intragenic"
"ST4-74.fa"	1745012	1745013	"ST4-74.fa_1745012_-"	"intergenic"	"-"	1745002	1745016	"SL1344_1625"	"sapD"	"++"	"SL1344_1626"	"sapF"	1745012	1745013	"Ter"	100	88.89	76.79	100	3	9	56	5	91.6675	78.6924590163935	"Constitutive"	"chromosome"	"intergenic"
"ST4-74.fa"	1761873	1761874	"ST4-74.fa_1761873_+"	"CDS"	"+"	1761872	1761886	"SL1344_1644"	"acnA"	"-"	"SL1344_1644"	"acnA"	1761607	1764283	"Ter"	75	71.43	66.67	71.43	4	7	45	7	72.7281818181818	67.3107692307692	"Constitutive"	"chromosome"	"intragenic"
"ST4-74.fa"	1761882	1761883	"ST4-74.fa_1761882_-"	"CDS"	"-"	1761872	1761886	"SL1344_1644"	"acnA"	"-"	"SL1344_1644"	"acnA"	1761607	1764283	"Ter"	66.67	60	72.5	80	3	5	40	5	62.50125	73.3333333333333	"Constitutive"	"chromosome"	"intragenic"
"ST4-74.fa"	1799163	1799164	"ST4-74.fa_1799163_+"	"CDS"	"+"	1799160	1799174	"SL1344_1679"	"ychE"	"-"	"SL1344_1679"	"ychE"	1798856	1799504	"Ter"	77.78	85.71	91.03	90.91	9	7	78	11	81.249375	91.0151685393258	"Constitutive"	"chromosome"	"intragenic"
"ST4-74.fa"	1799172	1799173	"ST4-74.fa_1799172_-"	"CDS"	"-"	1799160	1799174	"SL1344_1679"	"ychE"	"-"	"SL1344_1679"	"ychE"	1798856	1799504	"Ter"	100	92.31	94.83	100	3	13	58	3	93.751875	95.084262295082	"Constitutive"	"chromosome"	"intragenic"
"ST4-74.fa"	1827116	1827117	"ST4-74.fa_1827116_+"	"CDS"	"+"	1827113	1827127	"SL1344_1699"	"chaA"	"+"	"SL1344_1699"	"chaA"	1826105	1827206	"Ter"	100	92.31	82.14	100	2	13	56	6	93.3353333333333	83.8683870967742	"Constitutive"	"chromosome"	"intragenic"
"ST4-74.fa"	1827125	1827126	"ST4-74.fa_1827125_-"	"CDS"	"-"	1827113	1827127	"SL1344_1699"	"chaA"	"+"	"SL1344_1699"	"chaA"	1826105	1827206	"Ter"	100	100	96.61	100	1	7	59	6	100	96.9229230769231	"Constitutive"	"chromosome"	"intragenic"
"ST4-74.fa"	1830671	1830672	"ST4-74.fa_1830671_+"	"CDS"	"+"	1830670	1830684	"SL1344_1704"	"prfA"	"-"	"SL1344_1704"	"prfA"	1830183	1831266	"Ter"	100	80	96.36	90	5	15	55	10	85	95.3815384615385	"Constitutive"	"chromosome"	"intragenic"
"ST4-74.fa"	1830680	1830681	"ST4-74.fa_1830680_-"	"CDS"	"-"	1830670	1830684	"SL1344_1704"	"prfA"	"-"	"SL1344_1704"	"prfA"	1830183	1831266	"Ter"	100	85.71	95.08	87.5	1	7	61	8	87.49625	94.2011594202899	"Constitutive"	"chromosome"	"intragenic"
"ST4-74.fa"	184046	184047	"ST4-74.fa_184046_+"	"CDS"	"+"	184045	184059	"SL1344_0157"	"yacH"	"-"	"SL1344_0157"	"yacH"	183849	185464	"NSR"	80	75	73.47	85.71	5	12	49	7	76.4705882352941	75	"Constitutive"	"chromosome"	"intragenic"
"ST4-74.fa"	184055	184056	"ST4-74.fa_184055_-"	"CDS"	"-"	184045	184059	"SL1344_0157"	"yacH"	"-"	"SL1344_0157"	"yacH"	183849	185464	"NSR"	90.91	76.92	84.91	90	11	13	53	10	83.3320833333333	85.7179365079365	"Constitutive"	"chromosome"	"intragenic"
"ST4-74.fa"	1853568	1853569	"ST4-74.fa_1853568_+"	"CDS"	"+"	1853565	1853579	"SL1344_1724"	"treA"	"+"	"SL1344_1724"	"treA"	1851922	1853635	"Ter"	NA	100	77.78	100	NA	7	36	7	100	81.3972093023256	"Constitutive"	"chromosome"	"intragenic"
"ST4-74.fa"	1853577	1853578	"ST4-74.fa_1853577_-"	"CDS"	"-"	1853565	1853579	"SL1344_1724"	"treA"	"+"	"SL1344_1724"	"treA"	1851922	1853635	"Ter"	75	100	91.38	100	4	11	58	8	93.3333333333333	92.4248484848485	"Constitutive"	"chromosome"	"intragenic"
"ST4-74.fa"	1913395	1913396	"ST4-74.fa_1913395_+"	"CDS"	"+"	1913392	1913406	"SL1344_1788"	"STM1858"	"+"	"SL1344_1788"	"STM1858"	1913363	1913633	"Ter"	100	100	97.1	100	8	8	69	6	100	97.332	"Constitutive"	"chromosome"	"intragenic"
"ST4-74.fa"	1913404	1913405	"ST4-74.fa_1913404_-"	"CDS"	"-"	1913392	1913406	"SL1344_1788"	"STM1858"	"+"	"SL1344_1788"	"STM1858"	1913363	1913633	"Ter"	100	75	84.75	100	6	12	59	11	83.3333333333333	87.1464285714286	"Constitutive"	"chromosome"	"intragenic"
"ST4-74.fa"	1940152	1940153	"ST4-74.fa_1940152_+"	"CDS"	"+"	1940149	1940163	"SL1344_1822"	"pykA"	"+"	"SL1344_1822"	"pykA"	1940044	1941487	"Ter"	100	60	91.38	84.62	3	5	58	13	75	90.1422535211268	"Constitutive"	"chromosome"	"intragenic"
"ST4-74.fa"	1940161	1940162	"ST4-74.fa_1940161_-"	"CDS"	"-"	1940149	1940163	"SL1344_1822"	"pykA"	"+"	"SL1344_1822"	"pykA"	1940044	1941487	"Ter"	50	60	61.9	77.78	2	5	42	9	57.1428571428571	64.7023529411765	"Constitutive"	"chromosome"	"intragenic"
"ST4-74.fa"	1973206	1973207	"ST4-74.fa_1973206_+"	"CDS"	"+"	1973205	1973219	"SL1344_1854"	"cheM"	"-"	"SL1344_1854"	"cheM"	1972322	1973984	"Ter"	66.67	87.5	86.54	100	6	8	52	8	78.5728571428571	88.3346666666667	"Constitutive"	"chromosome"	"intragenic"
"ST4-74.fa"	1973215	1973216	"ST4-74.fa_1973215_-"	"CDS"	"-"	1973205	1973219	"SL1344_1854"	"cheM"	"-"	"SL1344_1854"	"cheM"	1972322	1973984	"Ter"	NA	100	89.29	70.59	NA	9	56	17	100	84.9352054794521	"Constitutive"	"chromosome"	"intragenic"
"ST4-74.fa"	2004831	2004832	"ST4-74.fa_2004831_+"	"CDS"	"+"	2004830	2004844	"SL1344_1887"	"fliB"	"-"	"SL1344_1887"	"fliB"	2003941	2005147	"Ter"	100	57.14	56	83.33	1	7	25	6	62.4975	61.2896774193548	"Constitutive"	"chromosome"	"intragenic"
"ST4-74.fa"	2004840	2004841	"ST4-74.fa_2004840_-"	"CDS"	"-"	2004830	2004844	"SL1344_1887"	"fliB"	"-"	"SL1344_1887"	"fliB"	2003941	2005147	"Ter"	75	83.33	97.44	88.89	4	6	39	9	79.998	95.836875	"Constitutive"	"chromosome"	"intragenic"
"ST4-74.fa"	2055067	2055068	"ST4-74.fa_2055067_+"	"CDS"	"+"	2055064	2055078	"SL1344_1945"	"SL1344_1945"	"-"	"SL1344_1945"	"SL1344_1945"	2054743	2055067	"Ter"	100	100	80.39	71.43	12	6	51	7	100	79.3086206896552	"Constitutive"	"chromosome"	"intragenic"
"ST4-74.fa"	2055067	2055068	"ST4-74.fa_2055067_+"	"CDS"	"+"	2055064	2055078	"SL1344_1946"	"SL1344_1946"	"-"	"SL1344_1946"	"SL1344_1946"	2055069	2055270	"Ter"	100	100	80.39	71.43	12	6	51	7	100	79.3086206896552	"Constitutive"	"chromosome"	"intragenic"
"ST4-74.fa"	2055067	2055068	"ST4-74.fa_2055067_+"	"intergenic"	"+"	2055064	2055078	"SL1344_1945"	"SL1344_1945"	"--"	"SL1344_1946"	"SL1344_1946"	2055067	2055069	"Ter"	100	100	80.39	71.43	12	6	51	7	100	79.3086206896552	"Constitutive"	"chromosome"	"intergenic"
"ST4-74.fa"	2055076	2055077	"ST4-74.fa_2055076_-"	"CDS"	"-"	2055064	2055078	"SL1344_1945"	"SL1344_1945"	"-"	"SL1344_1945"	"SL1344_1945"	2054743	2055067	"Ter"	75	57.14	76	75	4	7	50	8	63.6345454545455	75.8620689655172	"Constitutive"	"chromosome"	"intragenic"
"ST4-74.fa"	2055076	2055077	"ST4-74.fa_2055076_-"	"CDS"	"-"	2055064	2055078	"SL1344_1946"	"SL1344_1946"	"-"	"SL1344_1946"	"SL1344_1946"	2055069	2055270	"Ter"	75	57.14	76	75	4	7	50	8	63.6345454545455	75.8620689655172	"Constitutive"	"chromosome"	"intragenic"
"ST4-74.fa"	2055076	2055077	"ST4-74.fa_2055076_-"	"intergenic"	"-"	2055064	2055078	"SL1344_1945"	"SL1344_1945"	"--"	"SL1344_1946"	"SL1344_1946"	2055067	2055069	"Ter"	75	57.14	76	75	4	7	50	8	63.6345454545455	75.8620689655172	"Constitutive"	"chromosome"	"intergenic"
"ST4-74.fa"	2060828	2060829	"ST4-74.fa_2060828_+"	"CDS"	"+"	2060825	2060839	"SL1344_1951"	"SL1344_1951"	"-"	"SL1344_1951"	"SL1344_1951"	2060333	2060837	"Ter"	100	87.5	74.63	80	11	8	67	10	94.7368421052632	75.3274025974026	"Constitutive"	"chromosome"	"intragenic"
"ST4-74.fa"	2060828	2060829	"ST4-74.fa_2060828_+"	"intergenic"	"+"	2060825	2060839	"SL1344_1951"	"SL1344_1951"	"--"	"SL1344_1952"	"SL1344_1952"	2060837	2060953	"Ter"	100	87.5	74.63	80	11	8	67	10	94.7368421052632	75.3274025974026	"Constitutive"	"chromosome"	"intergenic"
"ST4-74.fa"	2060837	2060838	"ST4-74.fa_2060837_-"	"CDS"	"-"	2060825	2060839	"SL1344_1951"	"SL1344_1951"	"-"	"SL1344_1951"	"SL1344_1951"	2060333	2060837	"Ter"	100	77.78	88.89	85.71	5	9	54	7	85.7157142857143	88.5250819672131	"Constitutive"	"chromosome"	"intragenic"
"ST4-74.fa"	2060837	2060838	"ST4-74.fa_2060837_-"	"intergenic"	"-"	2060825	2060839	"SL1344_1951"	"SL1344_1951"	"--"	"SL1344_1952"	"SL1344_1952"	2060837	2060953	"Ter"	100	77.78	88.89	85.71	5	9	54	7	85.7157142857143	88.5250819672131	"Constitutive"	"chromosome"	"intergenic"
"ST4-74.fa"	206865	206866	"ST4-74.fa_206865_+"	"CDS"	"+"	206862	206876	"SL1344_0176"	"stiC"	"-"	"SL1344_0176"	"stiC"	205074	207621	"NSR"	83.33	89.47	98.33	100	6	19	60	14	87.9964	98.645945945946	"Constitutive"	"chromosome"	"intragenic"
"ST4-74.fa"	206874	206875	"ST4-74.fa_206874_-"	"CDS"	"-"	206862	206876	"SL1344_0176"	"stiC"	"-"	"SL1344_0176"	"stiC"	205074	207621	"NSR"	63.64	70.59	84.38	85.71	11	17	64	14	67.8596428571429	84.6187179487179	"Constitutive"	"chromosome"	"intragenic"
"ST4-74.fa"	2074819	2074820	"ST4-74.fa_2074819_+"	"CDS"	"+"	2074816	2074830	"SL1344_1969"	"SL1344_1969"	"+"	"SL1344_1969"	"SL1344_1969"	2074182	2075010	"Left"	83.33	90	82.69	100	6	10	52	7	87.49875	84.7437288135593	"Constitutive"	"chromosome"	"intragenic"
"ST4-74.fa"	2074828	2074829	"ST4-74.fa_2074828_-"	"CDS"	"-"	2074816	2074830	"SL1344_1969"	"SL1344_1969"	"+"	"SL1344_1969"	"SL1344_1969"	2074182	2075010	"Left"	66.67	77.78	60.38	57.14	3	9	53	7	75.0025	60.002	"Constitutive"	"chromosome"	"intragenic"
"ST4-74.fa"	2130368	2130369	"ST4-74.fa_2130368_+"	"CDS"	"+"	2130367	2130381	"SL1344_2033"	"pduW"	"+"	"SL1344_2033"	"pduW"	2129154	2130369	"Left"	100	66.67	60.87	50	6	3	46	4	88.89	60.0004	"Constitutive"	"chromosome"	"intragenic"
"ST4-74.fa"	2130368	2130369	"ST4-74.fa_2130368_+"	"intergenic"	"+"	2130367	2130381	"SL1344_2033"	"pduW"	"++"	"SL1344_2034"	"pduX"	2130369	2130426	"Left"	100	66.67	60.87	50	6	3	46	4	88.89	60.0004	"Constitutive"	"chromosome"	"intergenic"
"ST4-74.fa"	2130377	2130378	"ST4-74.fa_2130377_-"	"CDS"	"-"	2130367	2130381	"SL1344_2033"	"pduW"	"+"	"SL1344_2033"	"pduW"	2129154	2130369	"Left"	100	93.75	92.59	91.67	11	16	54	12	96.2962962962963	92.4227272727273	"Constitutive"	"chromosome"	"intragenic"
"ST4-74.fa"	2130377	2130378	"ST4-74.fa_2130377_-"	"intergenic"	"-"	2130367	2130381	"SL1344_2033"	"pduW"	"++"	"SL1344_2034"	"pduX"	2130369	2130426	"Left"	100	93.75	92.59	91.67	11	16	54	12	96.2962962962963	92.4227272727273	"Constitutive"	"chromosome"	"intergenic"
"ST4-74.fa"	2131330	2131331	"ST4-74.fa_2131330_+"	"intergenic"	"+"	2131329	2131343	"SL1344_2034"	"pduX"	"+-"	"SL1344_2035"	"yeeX"	2131329	2131362	"Left"	100	70	82.14	100	4	10	56	3	78.5714285714286	83.0481355932203	"Constitutive"	"chromosome"	"intergenic"
"ST4-74.fa"	2131339	2131340	"ST4-74.fa_2131339_-"	"intergenic"	"-"	2131329	2131343	"SL1344_2034"	"pduX"	"+-"	"SL1344_2035"	"yeeX"	2131329	2131362	"Left"	70	78.57	77.19	50	10	14	57	8	74.9991666666667	73.8435384615385	"Constitutive"	"chromosome"	"intergenic"
"ST4-74.fa"	2137252	2137253	"ST4-74.fa_2137252_+"	"CDS"	"+"	2137249	2137263	"SL1344_2041"	"phsA"	"-"	"SL1344_2041"	"phsA"	2136389	2138666	"Left"	100	100	92.06	80	6	9	63	5	100	91.1732352941176	"Constitutive"	"chromosome"	"intragenic"
"ST4-74.fa"	2137261	2137262	"ST4-74.fa_2137261_-"	"CDS"	"-"	2137249	2137263	"SL1344_2041"	"phsA"	"-"	"SL1344_2041"	"phsA"	2136389	2138666	"Left"	62.5	60	80	70	8	10	65	10	61.1111111111111	78.6666666666667	"Constitutive"	"chromosome"	"intragenic"
"ST4-74.fa"	213873	213874	"ST4-74.fa_213873_+"	"CDS"	"+"	213870	213884	"SL1344_0184"	"folK"	"-"	"SL1344_0184"	"folK"	213393	213873	"NSR"	100	92.86	95.12	100	11	14	41	11	96.0016	96.1523076923077	"Constitutive"	"chromosome"	"intragenic"
"ST4-74.fa"	213873	213874	"ST4-74.fa_213873_+"	"CDS"	"+"	213870	213884	"SL1344_0185"	"pcnB"	"-"	"SL1344_0185"	"pcnB"	213869	215288	"NSR"	100	92.86	95.12	100	11	14	41	11	96.0016	96.1523076923077	"Constitutive"	"chromosome"	"intragenic"
"ST4-74.fa"	213882	213883	"ST4-74.fa_213882_-"	"CDS"	"-"	213870	213884	"SL1344_0184"	"folK"	"-"	"SL1344_0184"	"folK"	213393	213873	"NSR"	75	87.5	66.67	75	8	8	45	8	81.25	67.927358490566	"Constitutive"	"chromosome"	"intragenic"
"ST4-74.fa"	213882	213883	"ST4-74.fa_213882_-"	"CDS"	"-"	213870	213884	"SL1344_0185"	"pcnB"	"-"	"SL1344_0185"	"pcnB"	213869	215288	"NSR"	75	87.5	66.67	75	8	8	45	8	81.25	67.927358490566	"Constitutive"	"chromosome"	"intragenic"
"ST4-74.fa"	2147707	2147708	"ST4-74.fa_2147707_+"	"CDS"	"+"	2147704	2147718	"SL1344_2048"	"hisG"	"+"	"SL1344_2048"	"hisG"	2147329	2148229	"Left"	100	66.67	95.16	88.89	8	6	62	9	85.7157142857143	94.3652112676056	"Constitutive"	"chromosome"	"intragenic"
"ST4-74.fa"	2147716	2147717	"ST4-74.fa_2147716_-"	"CDS"	"-"	2147704	2147718	"SL1344_2048"	"hisG"	"+"	"SL1344_2048"	"hisG"	2147329	2148229	"Left"	37.5	33.33	45.24	20	8	6	42	10	35.7128571428571	40.3861538461538	"Constitutive"	"chromosome"	"intragenic"
"ST4-74.fa"	2147720	2147721	"ST4-74.fa_2147720_+"	"CDS"	"+"	2147717	2147731	"SL1344_2048"	"hisG"	"+"	"SL1344_2048"	"hisG"	2147329	2148229	"Left"	100	60	90.48	80	8	5	63	10	84.6153846153846	89.0443835616438	"Constitutive"	"chromosome"	"intragenic"
"ST4-74.fa"	2147729	2147730	"ST4-74.fa_2147729_-"	"CDS"	"-"	2147717	2147731	"SL1344_2048"	"hisG"	"+"	"SL1344_2048"	"hisG"	2147329	2148229	"Left"	100	100	97.96	84.62	10	9	49	13	100	95.1629032258065	"Constitutive"	"chromosome"	"intragenic"
"ST4-74.fa"	2153844	2153845	"ST4-74.fa_2153844_+"	"CDS"	"+"	2153843	2153857	"SL1344_2054"	"hisF"	"+"	"SL1344_2054"	"hisF"	2153084	2153861	"Left"	80	66.67	78.38	90	5	6	37	10	72.7290909090909	80.8523404255319	"Constitutive"	"chromosome"	"intragenic"
"ST4-74.fa"	2153844	2153845	"ST4-74.fa_2153844_+"	"CDS"	"+"	2153843	2153857	"SL1344_2055"	"hisI"	"+"	"SL1344_2055"	"hisI"	2153854	2154466	"Left"	80	66.67	78.38	90	5	6	37	10	72.7290909090909	80.8523404255319	"Constitutive"	"chromosome"	"intragenic"
"ST4-74.fa"	2153853	2153854	"ST4-74.fa_2153853_-"	"CDS"	"-"	2153843	2153857	"SL1344_2054"	"hisF"	"+"	"SL1344_2054"	"hisF"	2153084	2153861	"Left"	100	100	98.08	100	5	10	52	11	100	98.4152380952381	"Constitutive"	"chromosome"	"intragenic"
"ST4-74.fa"	2153853	2153854	"ST4-74.fa_2153853_-"	"CDS"	"-"	2153843	2153857	"SL1344_2055"	"hisI"	"+"	"SL1344_2055"	"hisI"	2153854	2154466	"Left"	100	100	98.08	100	5	10	52	11	100	98.4152380952381	"Constitutive"	"chromosome"	"intragenic"
"ST4-74.fa"	2174346	2174347	"ST4-74.fa_2174346_+"	"CDS"	"+"	2174343	2174357	"SL1344_2073"	"rfbD"	"-"	"SL1344_2073"	"rfbD"	2174310	2175210	"Left"	100	92.86	98.21	100	2	14	56	13	93.7525	98.5472463768116	"Constitutive"	"chromosome"	"intragenic"
"ST4-74.fa"	2174355	2174356	"ST4-74.fa_2174355_-"	"CDS"	"-"	2174343	2174357	"SL1344_2073"	"rfbD"	"-"	"SL1344_2073"	"rfbD"	2174310	2175210	"Left"	100	85.71	92.45	100	5	14	53	6	89.4705263157895	93.2177966101695	"Constitutive"	"chromosome"	"intragenic"
"ST4-74.fa"	2218392	2218393	"ST4-74.fa_2218392_+"	"CDS"	"+"	2218391	2218405	"SL1344_2105"	"yegO"	"+"	"SL1344_2105"	"yegO"	2216363	2219444	"Left"	100	100	79.55	75	5	8	44	4	100	79.1708333333333	"Constitutive"	"chromosome"	"intragenic"
"ST4-74.fa"	2218401	2218402	"ST4-74.fa_2218401_-"	"CDS"	"-"	2218391	2218405	"SL1344_2105"	"yegO"	"+"	"SL1344_2105"	"yegO"	2216363	2219444	"Left"	100	91.67	89.66	90.91	3	12	58	11	93.336	89.8592753623188	"Constitutive"	"chromosome"	"intragenic"
"ST4-74.fa"	2231543	2231544	"ST4-74.fa_2231543_+"	"CDS"	"+"	2231540	2231554	"SL1344_2116"	"SL1344_2116"	"-"	"SL1344_2116"	"SL1344_2116"	2231528	2231645	"Left"	100	100	98.15	92.31	6	12	54	13	100	97.0168656716418	"Constitutive"	"chromosome"	"intragenic"
"ST4-74.fa"	2231552	2231553	"ST4-74.fa_2231552_-"	"CDS"	"-"	2231540	2231554	"SL1344_2116"	"SL1344_2116"	"-"	"SL1344_2116"	"SL1344_2116"	2231528	2231645	"Left"	16.67	28.57	52.63	50	6	14	38	6	25	52.2713636363636	"LSP-specific"	"chromosome"	"intragenic"
"ST4-74.fa"	2245054	2245055	"ST4-74.fa_2245054_+"	"CDS"	"+"	2245053	2245067	"SL1344_2129"	"stcA"	"-"	"SL1344_2129"	"stcA"	2244812	2245343	"Left"	50	100	80.49	100	4	8	41	5	83.3333333333333	82.610652173913	"Constitutive"	"chromosome"	"intragenic"
"ST4-74.fa"	2245063	2245064	"ST4-74.fa_2245063_-"	"CDS"	"-"	2245053	2245067	"SL1344_2129"	"stcA"	"-"	"SL1344_2129"	"stcA"	2244812	2245343	"Left"	100	100	81.4	83.33	2	12	43	6	100	81.6363265306123	"Constitutive"	"chromosome"	"intragenic"
"ST4-74.fa"	2272626	2272627	"ST4-74.fa_2272626_+"	"CDS"	"+"	2272623	2272637	"SL1344_2155"	"STM2178"	"-"	"SL1344_2155"	"STM2178"	2272064	2273102	"Left"	100	100	95.56	66.67	2	12	45	3	100	93.754375	"Constitutive"	"chromosome"	"intragenic"
"ST4-74.fa"	2272635	2272636	"ST4-74.fa_2272635_-"	"CDS"	"-"	2272623	2272637	"SL1344_2155"	"STM2178"	"-"	"SL1344_2155"	"STM2178"	2272064	2273102	"Left"	100	100	79.49	100	3	7	39	9	100	83.335625	"Constitutive"	"chromosome"	"intragenic"
"ST4-74.fa"	2278314	2278315	"ST4-74.fa_2278314_+"	"CDS"	"+"	2278311	2278325	"SL1344_2161"	"sanA"	"+"	"SL1344_2161"	"sanA"	2277942	2278662	"Left"	100	91.67	85	100	4	12	60	9	93.7525	86.9565217391304	"Constitutive"	"chromosome"	"intragenic"
"ST4-74.fa"	2278323	2278324	"ST4-74.fa_2278323_-"	"CDS"	"-"	2278311	2278325	"SL1344_2161"	"sanA"	"+"	"SL1344_2161"	"sanA"	2277942	2278662	"Left"	77.78	60	86.21	77.78	9	10	58	9	68.4221052631579	85.0776119402985	"Constitutive"	"chromosome"	"intragenic"
"ST4-74.fa"	229558	229559	"ST4-74.fa_229558_+"	"CDS"	"+"	229555	229569	"SL1344_0195"	"fhuB"	"+"	"SL1344_0195"	"fhuB"	227656	229714	"NSR"	100	91.67	88.46	88.89	11	12	52	9	95.6539130434783	88.5234426229508	"Constitutive"	"chromosome"	"intragenic"
"ST4-74.fa"	229567	229568	"ST4-74.fa_229567_-"	"CDS"	"-"	229555	229569	"SL1344_0195"	"fhuB"	"+"	"SL1344_0195"	"fhuB"	227656	229714	"NSR"	71.43	100	88.89	92.31	7	10	63	13	88.2358823529412	89.475	"Constitutive"	"chromosome"	"intragenic"
"ST4-74.fa"	2310050	2310051	"ST4-74.fa_2310050_+"	"CDS"	"+"	2310049	2310063	"SL1344_2189"	"yeiR"	"+"	"SL1344_2189"	"yeiR"	2309224	2310211	"Left"	66.67	85.71	83.02	80	6	7	53	15	76.9223076923077	82.3538235294118	"Constitutive"	"chromosome"	"intragenic"
"ST4-74.fa"	2310059	2310060	"ST4-74.fa_2310059_-"	"CDS"	"-"	2310049	2310063	"SL1344_2189"	"yeiR"	"+"	"SL1344_2189"	"yeiR"	2309224	2310211	"Left"	80	100	95.56	100	5	12	45	10	94.1176470588235	96.3672727272727	"Constitutive"	"chromosome"	"intragenic"
"ST4-74.fa"	2330961	2330962	"ST4-74.fa_2330961_+"	"CDS"	"+"	2330958	2330972	"SL1344_2208"	"oafA"	"+"	"SL1344_2208"	"oafA"	2329845	2331675	"Left"	25	72.73	75	66.67	4	11	36	9	60.002	73.334	"Constitutive"	"chromosome"	"intragenic"
"ST4-74.fa"	2330970	2330971	"ST4-74.fa_2330970_-"	"CDS"	"-"	2330958	2330972	"SL1344_2208"	"oafA"	"+"	"SL1344_2208"	"oafA"	2329845	2331675	"Left"	66.67	100	86.36	66.67	6	8	44	9	85.7157142857143	83.0164150943396	"Constitutive"	"chromosome"	"intragenic"
"ST4-74.fa"	2336981	2336982	"ST4-74.fa_2336981_+"	"CDS"	"+"	2336978	2336992	"SL1344_2215"	"STM2239"	"-"	"SL1344_2215"	"STM2239"	2336899	2337268	"Left"	100	78.57	88	85.71	4	14	50	7	83.3322222222222	87.7187719298246	"Constitutive"	"chromosome"	"intragenic"
"ST4-74.fa"	2336990	2336991	"ST4-74.fa_2336990_-"	"CDS"	"-"	2336978	2336992	"SL1344_2215"	"STM2239"	"-"	"SL1344_2215"	"STM2239"	2336899	2337268	"Left"	33.33	40	12.5	37.5	3	5	24	8	37.49875	18.75	"MEP-specific"	"chromosome"	"intragenic"
"ST4-74.fa"	2379222	2379223	"ST4-74.fa_2379222_+"	"CDS"	"+"	2379219	2379233	"SL1344_2246"	"nrdA"	"+"	"SL1344_2246"	"nrdA"	2379115	2381401	"Left"	100	88.89	92.59	84.62	3	9	54	13	91.6675	91.0435820895522	"Constitutive"	"chromosome"	"intragenic"
"ST4-74.fa"	2379231	2379232	"ST4-74.fa_2379231_-"	"CDS"	"-"	2379219	2379233	"SL1344_2246"	"nrdA"	"+"	"SL1344_2246"	"nrdA"	2379115	2381401	"Left"	60	33.33	61.54	63.64	5	9	39	11	42.855	62.002	"Constitutive"	"chromosome"	"intragenic"
"ST4-74.fa"	2387679	2387680	"ST4-74.fa_2387679_+"	"CDS"	"+"	2387676	2387690	"SL1344_2252"	"glpT"	"-"	"SL1344_2252"	"glpT"	2386320	2387679	"Left"	50	92.86	86.36	100	8	14	44	8	77.2745454545454	88.4584615384615	"Constitutive"	"chromosome"	"intragenic"
"ST4-74.fa"	2387679	2387680	"ST4-74.fa_2387679_+"	"intergenic"	"+"	2387676	2387690	"SL1344_2252"	"glpT"	"-+"	"SL1344_2253"	"glpA"	2387679	2387951	"Left"	50	92.86	86.36	100	8	14	44	8	77.2745454545454	88.4584615384615	"Constitutive"	"chromosome"	"intergenic"
"ST4-74.fa"	2387688	2387689	"ST4-74.fa_2387688_-"	"CDS"	"-"	2387676	2387690	"SL1344_2252"	"glpT"	"-"	"SL1344_2252"	"glpT"	2386320	2387679	"Left"	100	100	97.92	87.5	3	13	48	8	100	96.4314285714286	"Constitutive"	"chromosome"	"intragenic"
"ST4-74.fa"	2387688	2387689	"ST4-74.fa_2387688_-"	"intergenic"	"-"	2387676	2387690	"SL1344_2252"	"glpT"	"-+"	"SL1344_2253"	"glpA"	2387679	2387951	"Left"	100	100	97.92	87.5	3	13	48	8	100	96.4314285714286	"Constitutive"	"chromosome"	"intergenic"
"ST4-74.fa"	2407077	2407078	"ST4-74.fa_2407077_+"	"CDS"	"+"	2407074	2407088	"SL1344_2270"	"arnT"	"+"	"SL1344_2270"	"arnT"	2406683	2408330	"Left"	85.71	90.91	91.23	100	7	11	57	10	88.8877777777778	92.5389552238806	"Constitutive"	"chromosome"	"intragenic"
"ST4-74.fa"	2407086	2407087	"ST4-74.fa_2407086_-"	"CDS"	"-"	2407074	2407088	"SL1344_2270"	"arnT"	"+"	"SL1344_2270"	"arnT"	2406683	2408330	"Left"	100	90.91	90.62	100	8	11	64	7	94.7373684210526	91.5447887323944	"Constitutive"	"chromosome"	"intragenic"
"ST4-74.fa"	2417647	2417648	"ST4-74.fa_2417647_+"	"CDS"	"+"	2417644	2417658	"SL1344_2282"	"elaC"	"+"	"SL1344_2282"	"elaC"	2417375	2418293	"Left"	85.71	78.95	87.76	90	7	19	49	10	80.77	88.1396610169492	"Constitutive"	"chromosome"	"intragenic"
"ST4-74.fa"	2417656	2417657	"ST4-74.fa_2417656_-"	"CDS"	"-"	2417644	2417658	"SL1344_2282"	"elaC"	"+"	"SL1344_2282"	"elaC"	2417375	2418293	"Left"	100	90	89.58	72.73	8	10	48	11	94.4444444444444	86.4384745762712	"Constitutive"	"chromosome"	"intragenic"
"ST4-74.fa"	2443142	2443143	"ST4-74.fa_2443142_+"	"CDS"	"+"	2443141	2443155	"SL1344_2302"	"yfbS"	"-"	"SL1344_2302"	"yfbS"	2441709	2443536	"Left"	80	91.67	94.87	84.62	5	12	39	13	88.2376470588235	92.3075	"Constitutive"	"chromosome"	"intragenic"
"ST4-74.fa"	2443151	2443152	"ST4-74.fa_2443151_-"	"CDS"	"-"	2443141	2443155	"SL1344_2302"	"yfbS"	"-"	"SL1344_2302"	"yfbS"	2441709	2443536	"Left"	50	66.67	76	90	2	9	50	10	63.6390909090909	78.3333333333333	"Constitutive"	"chromosome"	"intragenic"
"ST4-74.fa"	2464009	2464010	"ST4-74.fa_2464009_+"	"CDS"	"+"	2464006	2464020	"SL1344_2324"	"argT"	"-"	"SL1344_2324"	"argT"	2463226	2464009	"Left"	100	100	86.44	100	8	9	59	5	100	87.499375	"Constitutive"	"chromosome"	"intragenic"
"ST4-74.fa"	2464009	2464010	"ST4-74.fa_2464009_+"	"intergenic"	"+"	2464006	2464020	"SL1344_2324"	"argT"	"--"	"SL1344_2325"	"ubiX"	2464009	2464297	"Left"	100	100	86.44	100	8	9	59	5	100	87.499375	"Constitutive"	"chromosome"	"intergenic"
"ST4-74.fa"	2464018	2464019	"ST4-74.fa_2464018_-"	"CDS"	"-"	2464006	2464020	"SL1344_2324"	"argT"	"-"	"SL1344_2324"	"argT"	2463226	2464009	"Left"	60	84.62	66.67	71.43	5	13	54	7	77.7811111111111	67.2162295081967	"Constitutive"	"chromosome"	"intragenic"
"ST4-74.fa"	2464018	2464019	"ST4-74.fa_2464018_-"	"intergenic"	"-"	2464006	2464020	"SL1344_2324"	"argT"	"--"	"SL1344_2325"	"ubiX"	2464009	2464297	"Left"	60	84.62	66.67	71.43	5	13	54	7	77.7811111111111	67.2162295081967	"Constitutive"	"chromosome"	"intergenic"
"ST4-74.fa"	2555534	2555535	"ST4-74.fa_2555534_+"	"CDS"	"+"	2555531	2555545	"SL1344_2409"	"STM2446"	"-"	"SL1344_2409"	"STM2446"	2555343	2556243	"Left"	87.5	90	97.83	100	8	10	46	8	88.8888888888889	98.1514814814815	"Constitutive"	"chromosome"	"intragenic"
"ST4-74.fa"	2555543	2555544	"ST4-74.fa_2555543_-"	"CDS"	"-"	2555531	2555545	"SL1344_2409"	"STM2446"	"-"	"SL1344_2409"	"STM2446"	2555343	2556243	"Left"	85.71	90.91	98	100	7	11	50	7	88.8877777777778	98.2456140350877	"Constitutive"	"chromosome"	"intragenic"
"ST4-74.fa"	257005	257006	"ST4-74.fa_257005_+"	"intergenic"	"+"	257004	257018	"SL1344_0219"	"pyrH"	"++"	"SL1344_0220"	"frr"	256997	257143	"NSR"	83.33	57.14	68.75	100	6	14	48	9	64.997	73.6842105263158	"Constitutive"	"chromosome"	"intergenic"
"ST4-74.fa"	257014	257015	"ST4-74.fa_257014_-"	"intergenic"	"-"	257004	257018	"SL1344_0219"	"pyrH"	"++"	"SL1344_0220"	"frr"	256997	257143	"NSR"	90	75	79.63	66.67	10	16	54	9	80.7692307692308	77.7785714285714	"Constitutive"	"chromosome"	"intergenic"
"ST4-74.fa"	2575033	2575034	"ST4-74.fa_2575033_+"	"CDS"	"+"	2575030	2575044	"SL1344_2430"	"eutT"	"-"	"SL1344_2430"	"eutT"	2574271	2575075	"Left"	100	90	86.21	63.64	7	10	58	11	94.1176470588235	82.611884057971	"Constitutive"	"chromosome"	"intragenic"
"ST4-74.fa"	2575042	2575043	"ST4-74.fa_2575042_-"	"CDS"	"-"	2575030	2575044	"SL1344_2430"	"eutT"	"-"	"SL1344_2430"	"eutT"	2574271	2575075	"Left"	100	84.62	90.91	90	6	13	44	10	89.4768421052632	90.7414814814815	"Constitutive"	"chromosome"	"intragenic"
"ST4-74.fa"	2599141	2599142	"ST4-74.fa_2599141_+"	"CDS"	"+"	2599138	2599152	"SL1344_2449"	"STM2486"	"-"	"SL1344_2449"	"STM2486"	2598825	2599689	"Left"	100	100	95	100	9	5	60	9	100	95.6521739130435	"Constitutive"	"chromosome"	"intragenic"
"ST4-74.fa"	2599150	2599151	"ST4-74.fa_2599150_-"	"CDS"	"-"	2599138	2599152	"SL1344_2449"	"STM2486"	"-"	"SL1344_2449"	"STM2486"	2598825	2599689	"Left"	85.71	85.71	70.83	75	7	7	48	8	85.71	71.4257142857143	"Constitutive"	"chromosome"	"intragenic"
"ST4-74.fa"	2601444	2601445	"ST4-74.fa_2601444_+"	"CDS"	"+"	2601443	2601457	"SL1344_2451"	"nlpB"	"-"	"SL1344_2451"	"nlpB"	2600707	2601742	"Left"	88.89	100	93.85	90.91	9	7	65	11	93.750625	93.4244736842105	"Constitutive"	"chromosome"	"intragenic"
"ST4-74.fa"	2601453	2601454	"ST4-74.fa_2601453_-"	"CDS"	"-"	2601443	2601457	"SL1344_2451"	"nlpB"	"-"	"SL1344_2451"	"nlpB"	2600707	2601742	"Left"	90.91	71.43	92	91.67	11	7	50	12	83.3344444444444	91.9361290322581	"Constitutive"	"chromosome"	"intragenic"
"ST4-74.fa"	2620620	2620621	"ST4-74.fa_2620620_+"	"CDS"	"+"	2620619	2620633	"SL1344_2471"	"guaA"	"-"	"SL1344_2471"	"guaA"	2620520	2622098	"Left"	100	50	83.33	87.5	5	6	60	8	72.7272727272727	83.8205882352941	"Constitutive"	"chromosome"	"intragenic"
"ST4-74.fa"	2620629	2620630	"ST4-74.fa_2620629_-"	"CDS"	"-"	2620619	2620633	"SL1344_2471"	"guaA"	"-"	"SL1344_2471"	"guaA"	2620520	2622098	"Left"	83.33	100	98.41	100	6	5	63	12	90.9072727272727	98.6644	"Constitutive"	"chromosome"	"intragenic"
"ST4-74.fa"	2621505	2621506	"ST4-74.fa_2621505_+"	"CDS"	"+"	2621502	2621516	"SL1344_2471"	"guaA"	"-"	"SL1344_2471"	"guaA"	2620520	2622098	"Left"	100	80	95.52	100	5	10	67	8	86.6666666666667	95.9978666666667	"Constitutive"	"chromosome"	"intragenic"
"ST4-74.fa"	2621514	2621515	"ST4-74.fa_2621514_-"	"CDS"	"-"	2621502	2621516	"SL1344_2471"	"guaA"	"-"	"SL1344_2471"	"guaA"	2620520	2622098	"Left"	71.43	80	95.08	88.89	7	5	61	9	75.0008333333333	94.2841428571429	"Constitutive"	"chromosome"	"intragenic"
"ST4-74.fa"	2661482	2661483	"ST4-74.fa_2661482_+"	"CDS"	"+"	2661479	2661493	"SL1344_2492"	"STM2530"	"-"	"SL1344_2492"	"STM2530"	2660628	2663007	"Left"	90	77.78	83.78	83.33	10	9	37	6	84.2115789473684	83.7172093023256	"Constitutive"	"chromosome"	"intragenic"
"ST4-74.fa"	2661491	2661492	"ST4-74.fa_2661491_-"	"CDS"	"-"	2661479	2661493	"SL1344_2492"	"STM2530"	"-"	"SL1344_2492"	"STM2530"	2660628	2663007	"Left"	85.71	85.71	92.16	83.33	7	14	51	6	85.71	91.2305263157895	"Constitutive"	"chromosome"	"intragenic"
"ST4-74.fa"	2661608	2661609	"ST4-74.fa_2661608_+"	"CDS"	"+"	2661607	2661621	"SL1344_2492"	"STM2530"	"-"	"SL1344_2492"	"STM2530"	2660628	2663007	"Left"	87.5	90	100	100	8	10	34	6	88.8888888888889	100	"Constitutive"	"chromosome"	"intragenic"
"ST4-74.fa"	2661617	2661618	"ST4-74.fa_2661617_-"	"CDS"	"-"	2661607	2661621	"SL1344_2492"	"STM2530"	"-"	"SL1344_2492"	"STM2530"	2660628	2663007	"Left"	75	100	96.15	83.33	8	11	52	6	89.4736842105263	94.8237931034483	"Constitutive"	"chromosome"	"intragenic"
"ST4-74.fa"	267118	267119	"ST4-74.fa_267118_+"	"CDS"	"+"	267115	267129	"SL1344_0229"	"lpxA"	"+"	"SL1344_0229"	"lpxA"	266990	267779	"NSR"	100	80	77.27	83.33	6	10	44	6	87.5	77.9972	"Constitutive"	"chromosome"	"intragenic"
"ST4-74.fa"	267127	267128	"ST4-74.fa_267127_-"	"CDS"	"-"	267115	267129	"SL1344_0229"	"lpxA"	"+"	"SL1344_0229"	"lpxA"	266990	267779	"NSR"	16.67	47.06	22.86	14.29	6	17	35	7	39.1321739130435	21.4316666666667	"MEP-specific"	"chromosome"	"intragenic"
"ST4-74.fa"	2685261	2685262	"ST4-74.fa_2685261_+"	"CDS"	"+"	2685258	2685272	"SL1344_2511"	"asrB"	"+"	"SL1344_2511"	"asrB"	2685206	2686025	"Left"	77.78	78.57	90.7	100	9	14	43	9	78.2608695652174	92.3096153846154	"Constitutive"	"chromosome"	"intragenic"
"ST4-74.fa"	2685270	2685271	"ST4-74.fa_2685270_-"	"CDS"	"-"	2685258	2685272	"SL1344_2511"	"asrB"	"+"	"SL1344_2511"	"asrB"	2685206	2686025	"Left"	85.71	70	65.91	85.71	7	10	44	7	76.4688235294118	68.6276470588235	"Constitutive"	"chromosome"	"intragenic"
"ST4-74.fa"	2687795	2687796	"ST4-74.fa_2687795_+"	"CDS"	"+"	2687792	2687806	"SL1344_2513"	"STM2551"	"-"	"SL1344_2513"	"STM2551"	2687049	2688036	"Left"	100	88.89	93.02	100	8	18	43	5	92.3084615384615	93.7470833333333	"Constitutive"	"chromosome"	"intragenic"
"ST4-74.fa"	2687804	2687805	"ST4-74.fa_2687804_-"	"CDS"	"-"	2687792	2687806	"SL1344_2513"	"STM2551"	"-"	"SL1344_2513"	"STM2551"	2687049	2688036	"Left"	50	57.14	68.18	75	4	14	44	8	55.5533333333333	69.2292307692308	"Constitutive"	"chromosome"	"intragenic"
"ST4-74.fa"	2751843	2751844	"ST4-74.fa_2751843_+"	"CDS"	"+"	2751840	2751854	"SL1344_2570"	"STM2606"	"-"	"SL1344_2570"	"STM2606"	2751509	2753090	"Left"	83.33	90.91	74.14	71.43	6	11	58	7	88.2347058823529	73.8481538461538	"Constitutive"	"chromosome"	"intragenic"
"ST4-74.fa"	2751852	2751853	"ST4-74.fa_2751852_-"	"CDS"	"-"	2751840	2751854	"SL1344_2570"	"STM2606"	"-"	"SL1344_2570"	"STM2606"	2751509	2753090	"Left"	100	100	94.74	100	7	12	57	9	100	95.4572727272727	"Constitutive"	"chromosome"	"intragenic"
"ST4-74.fa"	2767434	2767435	"ST4-74.fa_2767434_+"	"CDS"	"+"	2767433	2767447	"SL1344_2591"	"gpO"	"-"	"SL1344_2591"	"gpO"	2766787	2767693	"Left"	100	100	92.31	83.33	6	6	52	6	100	91.3810344827586	"Constitutive"	"chromosome"	"intragenic"
"ST4-74.fa"	2767443	2767444	"ST4-74.fa_2767443_-"	"CDS"	"-"	2767433	2767447	"SL1344_2591"	"gpO"	"-"	"SL1344_2591"	"gpO"	2766787	2767693	"Left"	100	95.45	86.79	100	7	22	53	6	96.548275862069	88.1333898305085	"Constitutive"	"chromosome"	"intragenic"
"ST4-74.fa"	2769332	2769333	"ST4-74.fa_2769332_+"	"CDS"	"+"	2769329	2769343	"SL1344_2594"	"SL1344_2594"	"+"	"SL1344_2594"	"SL1344_2594"	2768984	2770070	"Left"	100	100	93.88	87.5	8	12	49	8	100	92.9845614035088	"Constitutive"	"chromosome"	"intragenic"
"ST4-74.fa"	2769341	2769342	"ST4-74.fa_2769341_-"	"CDS"	"-"	2769329	2769343	"SL1344_2594"	"SL1344_2594"	"+"	"SL1344_2594"	"SL1344_2594"	2768984	2770070	"Left"	77.78	65.22	73.58	85.71	9	23	53	14	68.7525	76.1146268656716	"Constitutive"	"chromosome"	"intragenic"
"ST4-74.fa"	2791089	2791090	"ST4-74.fa_2791089_+"	"CDS"	"+"	2791088	2791102	"SL1344_2615"	"yfiQ"	"+"	"SL1344_2615"	"yfiQ"	2790292	2792953	"Left"	75	86.67	72.73	100	4	15	55	10	84.2131578947368	76.9253846153846	"Constitutive"	"chromosome"	"intragenic"
"ST4-74.fa"	2791098	2791099	"ST4-74.fa_2791098_-"	"CDS"	"-"	2791088	2791102	"SL1344_2615"	"yfiQ"	"+"	"SL1344_2615"	"yfiQ"	2790292	2792953	"Left"	83.33	88.24	66.67	100	6	17	45	11	86.9591304347826	73.2169642857143	"Constitutive"	"chromosome"	"intragenic"
"ST4-74.fa"	2813482	2813483	"ST4-74.fa_2813482_+"	"CDS"	"+"	2813481	2813495	"SL1344_2629"	"yfiR"	"+"	"SL1344_2629"	"yfiR"	2813397	2813916	"Left"	40	60	54.55	33.33	5	10	44	6	53.3333333333333	52.0036	"Constitutive"	"chromosome"	"intragenic"
"ST4-74.fa"	2813491	2813492	"ST4-74.fa_2813491_-"	"CDS"	"-"	2813481	2813495	"SL1344_2629"	"yfiR"	"+"	"SL1344_2629"	"yfiR"	2813397	2813916	"Left"	100	84.62	91.94	100	6	13	62	14	89.4768421052632	93.4247368421053	"Constitutive"	"chromosome"	"intragenic"
"ST4-74.fa"	2814202	2814203	"ST4-74.fa_2814202_+"	"CDS"	"+"	2814199	2814213	"SL1344_2630"	"yfiN"	"+"	"SL1344_2630"	"yfiN"	2813908	2815129	"Left"	25	71.43	64.86	50	4	7	37	8	54.5463636363636	62.2182222222222	"Constitutive"	"chromosome"	"intragenic"
"ST4-74.fa"	2814211	2814212	"ST4-74.fa_2814211_-"	"CDS"	"-"	2814199	2814213	"SL1344_2630"	"yfiN"	"+"	"SL1344_2630"	"yfiN"	2813908	2815129	"Left"	100	75	75.86	80	6	12	58	10	83.3333333333333	76.4688235294118	"Constitutive"	"chromosome"	"intragenic"
"ST4-74.fa"	2824575	2824576	"ST4-74.fa_2824575_+"	"CDS"	"+"	2824574	2824588	"SL1344_2643"	"gpD"	"+"	"SL1344_2643"	"gpD"	2823569	2824736	"Left"	66.67	57.14	43.48	57.14	3	7	46	7	59.999	45.2841509433962	"Constitutive"	"chromosome"	"intragenic"
"ST4-74.fa"	2824584	2824585	"ST4-74.fa_2824584_-"	"CDS"	"-"	2824574	2824588	"SL1344_2643"	"gpD"	"+"	"SL1344_2643"	"gpD"	2823569	2824736	"Left"	100	91.67	93.88	100	9	12	49	7	95.24	94.645	"Constitutive"	"chromosome"	"intragenic"
"ST4-74.fa"	2887486	2887487	"ST4-74.fa_2887486_+"	"CDS"	"+"	2887485	2887499	"SL1344_2708"	"cI"	"+"	"SL1344_2708"	"cI"	2886919	2887495	"NSL"	83.33	68.75	79.31	66.67	6	16	58	6	72.7263636363636	78.125	"Constitutive"	"chromosome"	"intragenic"
"ST4-74.fa"	2887486	2887487	"ST4-74.fa_2887486_+"	"CDS"	"+"	2887485	2887499	"SL1344_2709"	"STM2739"	"+"	"SL1344_2709"	"STM2739"	2887496	2888522	"NSL"	83.33	68.75	79.31	66.67	6	16	58	6	72.7263636363636	78.125	"Constitutive"	"chromosome"	"intragenic"
"ST4-74.fa"	2887486	2887487	"ST4-74.fa_2887486_+"	"intergenic"	"+"	2887485	2887499	"SL1344_2708"	"cI"	"++"	"SL1344_2709"	"STM2739"	2887495	2887496	"NSL"	83.33	68.75	79.31	66.67	6	16	58	6	72.7263636363636	78.125	"Constitutive"	"chromosome"	"intergenic"
"ST4-74.fa"	2887495	2887496	"ST4-74.fa_2887495_-"	"CDS"	"-"	2887485	2887499	"SL1344_2708"	"cI"	"+"	"SL1344_2708"	"cI"	2886919	2887495	"NSL"	100	100	94.74	88.89	9	17	57	9	100	93.9422727272727	"Constitutive"	"chromosome"	"intragenic"
"ST4-74.fa"	2887495	2887496	"ST4-74.fa_2887495_-"	"CDS"	"-"	2887485	2887499	"SL1344_2709"	"STM2739"	"+"	"SL1344_2709"	"STM2739"	2887496	2888522	"NSL"	100	100	94.74	88.89	9	17	57	9	100	93.9422727272727	"Constitutive"	"chromosome"	"intragenic"
"ST4-74.fa"	2887495	2887496	"ST4-74.fa_2887495_-"	"intergenic"	"-"	2887485	2887499	"SL1344_2708"	"cI"	"++"	"SL1344_2709"	"STM2739"	2887495	2887496	"NSL"	100	100	94.74	88.89	9	17	57	9	100	93.9422727272727	"Constitutive"	"chromosome"	"intergenic"
"ST4-74.fa"	2897563	2897564	"ST4-74.fa_2897563_+"	"CDS"	"+"	2897562	2897576	"SL1344_2720"	"SL1344_2720"	"+"	"SL1344_2720"	"SL1344_2720"	2897349	2897577	"NSL"	100	86.67	90	83.33	7	15	50	6	90.9113636363636	89.2853571428571	"Constitutive"	"chromosome"	"intragenic"
"ST4-74.fa"	2897563	2897564	"ST4-74.fa_2897563_+"	"CDS"	"+"	2897562	2897576	"SL1344_2721"	"SL1344_2721"	"+"	"SL1344_2721"	"SL1344_2721"	2897573	2897894	"NSL"	100	86.67	90	83.33	7	15	50	6	90.9113636363636	89.2853571428571	"Constitutive"	"chromosome"	"intragenic"
"ST4-74.fa"	2897572	2897573	"ST4-74.fa_2897572_-"	"CDS"	"-"	2897562	2897576	"SL1344_2720"	"SL1344_2720"	"+"	"SL1344_2720"	"SL1344_2720"	2897349	2897577	"NSL"	100	100	89.13	88.89	8	8	46	9	100	89.0907272727273	"Constitutive"	"chromosome"	"intragenic"
"ST4-74.fa"	2897572	2897573	"ST4-74.fa_2897572_-"	"CDS"	"-"	2897562	2897576	"SL1344_2721"	"SL1344_2721"	"+"	"SL1344_2721"	"SL1344_2721"	2897573	2897894	"NSL"	100	100	89.13	88.89	8	8	46	9	100	89.0907272727273	"Constitutive"	"chromosome"	"intragenic"
"ST4-74.fa"	2898986	2898987	"ST4-74.fa_2898986_+"	"CDS"	"+"	2898985	2898999	"SL1344_2722"	"SL1344_2722"	"+"	"SL1344_2722"	"SL1344_2722"	2897857	2900242	"NSL"	42.86	80	60.87	62.5	7	10	46	8	64.7070588235294	61.1114814814815	"Constitutive"	"chromosome"	"intragenic"
"ST4-74.fa"	2898995	2898996	"ST4-74.fa_2898995_-"	"CDS"	"-"	2898985	2898999	"SL1344_2722"	"SL1344_2722"	"+"	"SL1344_2722"	"SL1344_2722"	2897857	2900242	"NSL"	77.78	76.92	83.67	88.89	9	13	49	9	77.2718181818182	84.48	"Constitutive"	"chromosome"	"intragenic"
"ST4-74.fa"	2920198	2920199	"ST4-74.fa_2920198_+"	"CDS"	"+"	2920197	2920211	"SL1344_2743"	"STM2759"	"+"	"SL1344_2743"	"STM2759"	2920208	2921888	"NSL"	87.5	92.31	84.91	85.71	8	13	53	7	90.477619047619	85.0033333333333	"Constitutive"	"chromosome"	"intragenic"
"ST4-74.fa"	2920198	2920199	"ST4-74.fa_2920198_+"	"intergenic"	"+"	2920197	2920211	"SL1344_2742"	"STM2758"	"-+"	"SL1344_2743"	"STM2759"	2919986	2920208	"NSL"	87.5	92.31	84.91	85.71	8	13	53	7	90.477619047619	85.0033333333333	"Constitutive"	"chromosome"	"intergenic"
"ST4-74.fa"	2920207	2920208	"ST4-74.fa_2920207_-"	"CDS"	"-"	2920197	2920211	"SL1344_2743"	"STM2759"	"+"	"SL1344_2743"	"STM2759"	2920208	2921888	"NSL"	88.89	100	96.83	100	9	10	63	10	94.7373684210526	97.2642465753425	"Constitutive"	"chromosome"	"intragenic"
"ST4-74.fa"	2920207	2920208	"ST4-74.fa_2920207_-"	"intergenic"	"-"	2920197	2920211	"SL1344_2742"	"STM2758"	"-+"	"SL1344_2743"	"STM2759"	2919986	2920208	"NSL"	88.89	100	96.83	100	9	10	63	10	94.7373684210526	97.2642465753425	"Constitutive"	"chromosome"	"intergenic"
"ST4-74.fa"	2956202	2956203	"ST4-74.fa_2956202_+"	"CDS"	"+"	2956201	2956215	"SL1344_2768"	"tctE"	"-"	"SL1344_2768"	"tctE"	2954934	2956350	"NSL"	75	100	88.14	91.67	4	15	59	12	94.7368421052632	88.7366197183099	"Constitutive"	"chromosome"	"intragenic"
"ST4-74.fa"	2956211	2956212	"ST4-74.fa_2956211_-"	"CDS"	"-"	2956201	2956215	"SL1344_2768"	"tctE"	"-"	"SL1344_2768"	"tctE"	2954934	2956350	"NSL"	100	88.89	95.08	90	6	9	61	10	93.334	94.3645070422535	"Constitutive"	"chromosome"	"intragenic"
"ST4-74.fa"	2971735	2971736	"ST4-74.fa_2971735_+"	"CDS"	"+"	2971732	2971746	"SL1344_2785"	"ygaC"	"-"	"SL1344_2785"	"ygaC"	2971384	2971735	"NSL"	55.56	92.31	84.78	80	9	13	46	5	77.2759090909091	84.3113725490196	"Constitutive"	"chromosome"	"intragenic"
"ST4-74.fa"	2971735	2971736	"ST4-74.fa_2971735_+"	"intergenic"	"+"	2971732	2971746	"SL1344_2785"	"ygaC"	"-+"	"SL1344_2786"	"ygaM"	2971735	2971884	"NSL"	55.56	92.31	84.78	80	9	13	46	5	77.2759090909091	84.3113725490196	"Constitutive"	"chromosome"	"intergenic"
"ST4-74.fa"	2971744	2971745	"ST4-74.fa_2971744_-"	"CDS"	"-"	2971732	2971746	"SL1344_2785"	"ygaC"	"-"	"SL1344_2785"	"ygaC"	2971384	2971735	"NSL"	25	66.67	51.35	60	4	9	37	10	53.8484615384615	53.1904255319149	"Constitutive"	"chromosome"	"intragenic"
"ST4-74.fa"	2971744	2971745	"ST4-74.fa_2971744_-"	"intergenic"	"-"	2971732	2971746	"SL1344_2785"	"ygaC"	"-+"	"SL1344_2786"	"ygaM"	2971735	2971884	"NSL"	25	66.67	51.35	60	4	9	37	10	53.8484615384615	53.1904255319149	"Constitutive"	"chromosome"	"intergenic"
"ST4-74.fa"	2991043	2991044	"ST4-74.fa_2991043_+"	"CDS"	"+"	2991042	2991056	"SL1344_2803"	"gshA"	"-"	"SL1344_2803"	"gshA"	2989510	2991067	"NSL"	100	100	100	90	12	10	50	10	100	98.3333333333333	"Constitutive"	"chromosome"	"intragenic"
"ST4-74.fa"	2991052	2991053	"ST4-74.fa_2991052_-"	"CDS"	"-"	2991042	2991056	"SL1344_2803"	"gshA"	"-"	"SL1344_2803"	"gshA"	2989510	2991067	"NSL"	100	66.67	87.27	85.71	5	6	55	7	81.82	87.0938709677419	"Constitutive"	"chromosome"	"intragenic"
"ST4-74.fa"	3017826	3017827	"ST4-74.fa_3017826_+"	"CDS"	"+"	3017823	3017837	"SL1344_2829"	"hycE"	"-"	"SL1344_2829"	"hycE"	3016469	3018179	"NSL"	100	100	98.51	87.5	3	15	67	16	100	96.3875903614458	"Constitutive"	"chromosome"	"intragenic"
"ST4-74.fa"	3017835	3017836	"ST4-74.fa_3017835_-"	"CDS"	"-"	3017823	3017837	"SL1344_2829"	"hycE"	"-"	"SL1344_2829"	"hycE"	3016469	3018179	"NSL"	66.67	82.35	82.14	80	6	17	56	5	78.2595652173913	81.9645901639344	"Constitutive"	"chromosome"	"intragenic"
"ST4-74.fa"	3033340	3033341	"ST4-74.fa_3033340_+"	"CDS"	"+"	3033337	3033351	"SL1344_2845"	"avrA"	"-"	"SL1344_2845"	"avrA"	3032476	3033382	"NSL"	85.71	85.71	80.85	87.5	7	14	47	8	85.71	81.8172727272727	"Constitutive"	"chromosome"	"intragenic"
"ST4-74.fa"	3033349	3033350	"ST4-74.fa_3033349_-"	"CDS"	"-"	3033337	3033351	"SL1344_2845"	"avrA"	"-"	"SL1344_2845"	"avrA"	3032476	3033382	"NSL"	100	87.5	89.36	100	6	16	47	7	90.9090909090909	90.7392592592593	"Constitutive"	"chromosome"	"intragenic"
"ST4-74.fa"	3046813	3046814	"ST4-74.fa_3046813_+"	"intergenic"	"+"	3046810	3046824	"SL1344_2859"	"sicP"	"--"	"SL1344_2860"	"iacP"	3046657	3046987	"NSL"	71.43	87.5	89.47	87.5	7	16	38	8	82.6091304347826	89.1273913043478	"Constitutive"	"chromosome"	"intergenic"
"ST4-74.fa"	3046822	3046823	"ST4-74.fa_3046822_-"	"intergenic"	"-"	3046810	3046824	"SL1344_2859"	"sicP"	"--"	"SL1344_2860"	"iacP"	3046657	3046987	"NSL"	87.5	94.12	85.71	88.89	8	17	35	9	92.0016	86.3604545454545	"Constitutive"	"chromosome"	"intergenic"
"ST4-74.fa"	3082012	3082013	"ST4-74.fa_3082012_+"	"CDS"	"+"	3082009	3082023	"SL1344_2895"	"ygbL"	"-"	"SL1344_2895"	"ygbL"	3081373	3082012	"NSL"	100	100	100	90	9	11	38	10	100	97.9166666666667	"Constitutive"	"chromosome"	"intragenic"
"ST4-74.fa"	3082012	3082013	"ST4-74.fa_3082012_+"	"CDS"	"+"	3082009	3082023	"SL1344_2896"	"ygbK"	"-"	"SL1344_2896"	"ygbK"	3082008	3083271	"NSL"	100	100	100	90	9	11	38	10	100	97.9166666666667	"Constitutive"	"chromosome"	"intragenic"
"ST4-74.fa"	3082021	3082022	"ST4-74.fa_3082021_-"	"CDS"	"-"	3082009	3082023	"SL1344_2895"	"ygbL"	"-"	"SL1344_2895"	"ygbL"	3081373	3082012	"NSL"	90	86.67	98.18	100	10	15	55	11	88.002	98.4833333333333	"Constitutive"	"chromosome"	"intragenic"
"ST4-74.fa"	3082021	3082022	"ST4-74.fa_3082021_-"	"CDS"	"-"	3082009	3082023	"SL1344_2896"	"ygbK"	"-"	"SL1344_2896"	"ygbK"	3082008	3083271	"NSL"	90	86.67	98.18	100	10	15	55	11	88.002	98.4833333333333	"Constitutive"	"chromosome"	"intragenic"
"ST4-74.fa"	308658	308659	"ST4-74.fa_308658_+"	"CDS"	"+"	308655	308669	"SL1344_0263"	"sciD"	"-"	"SL1344_0263"	"sciD"	308612	309107	"NSR"	88.89	85.71	85.71	100	9	7	49	6	87.49875	87.2689090909091	"Constitutive"	"chromosome"	"intragenic"
"ST4-74.fa"	308667	308668	"ST4-74.fa_308667_-"	"CDS"	"-"	308655	308669	"SL1344_0263"	"sciD"	"-"	"SL1344_0263"	"sciD"	308612	309107	"NSR"	71.43	100	96.15	78.57	7	11	52	14	88.8894444444445	92.4209090909091	"Constitutive"	"chromosome"	"intragenic"
"ST4-74.fa"	3141508	3141509	"ST4-74.fa_3141508_+"	"CDS"	"+"	3141507	3141521	"SL1344_2949"	"ygdH"	"+"	"SL1344_2949"	"ygdH"	3140304	3141669	"NSL"	85.71	73.33	94.44	92.31	7	15	54	13	77.2690909090909	94.0267164179104	"Constitutive"	"chromosome"	"intragenic"
"ST4-74.fa"	3141517	3141518	"ST4-74.fa_3141517_-"	"CDS"	"-"	3141507	3141521	"SL1344_2949"	"ygdH"	"+"	"SL1344_2949"	"ygdH"	3140304	3141669	"NSL"	100	91.67	91.49	80	7	12	47	10	94.7389473684211	89.4742105263158	"Constitutive"	"chromosome"	"intragenic"
"ST4-74.fa"	3189313	3189314	"ST4-74.fa_3189313_+"	"CDS"	"+"	3189312	3189326	"SL1344_2987"	"ygeD"	"-"	"SL1344_2987"	"ygeD"	3188138	3189341	"NSL"	100	80	94	100	7	10	50	8	88.2352941176471	94.8275862068966	"Constitutive"	"chromosome"	"intragenic"
"ST4-74.fa"	3189322	3189323	"ST4-74.fa_3189322_-"	"CDS"	"-"	3189312	3189326	"SL1344_2987"	"ygeD"	"-"	"SL1344_2987"	"ygeD"	3188138	3189341	"NSL"	100	84.62	86	85.71	10	13	50	7	91.3069565217391	85.9643859649123	"Constitutive"	"chromosome"	"intragenic"
"ST4-74.fa"	3244345	3244346	"ST4-74.fa_3244345_+"	"CDS"	"+"	3244344	3244358	"SL1344_3038"	"serA"	"-"	"SL1344_3038"	"serA"	3243998	3245231	"NSL"	50	95.45	94.44	83.33	8	22	54	6	83.33	93.329	"Constitutive"	"chromosome"	"intragenic"
"ST4-74.fa"	3244354	3244355	"ST4-74.fa_3244354_-"	"CDS"	"-"	3244344	3244358	"SL1344_3038"	"serA"	"-"	"SL1344_3038"	"serA"	3243998	3245231	"NSL"	90.91	92.31	96.55	100	11	13	58	16	91.6683333333333	97.2959459459459	"Constitutive"	"chromosome"	"intragenic"
"ST4-74.fa"	3270299	3270300	"ST4-74.fa_3270299_+"	"CDS"	"+"	3270298	3270312	"SL1344_3062"	"speA"	"-"	"SL1344_3062"	"speA"	3269628	3271542	"NSL"	66.67	33.33	65.85	55.56	9	6	41	9	53.334	63.9978	"Constitutive"	"chromosome"	"intragenic"
"ST4-74.fa"	3270308	3270309	"ST4-74.fa_3270308_-"	"CDS"	"-"	3270298	3270312	"SL1344_3062"	"speA"	"-"	"SL1344_3062"	"speA"	3269628	3271542	"NSL"	100	100	93.02	91.67	8	6	43	12	100	92.7254545454545	"Constitutive"	"chromosome"	"intragenic"
"ST4-74.fa"	327796	327797	"ST4-74.fa_327796_+"	"CDS"	"+"	327795	327809	"SL1344_0281"	"sciT"	"+"	"SL1344_0281"	"sciT"	327705	328494	"NSR"	66.67	75	65.62	57.14	6	4	32	7	70.002	64.0979487179487	"Constitutive"	"chromosome"	"intragenic"
"ST4-74.fa"	327805	327806	"ST4-74.fa_327805_-"	"CDS"	"-"	327795	327809	"SL1344_0281"	"sciT"	"+"	"SL1344_0281"	"sciT"	327705	328494	"NSR"	100	100	87.8	71.43	5	5	41	7	100	85.4127083333333	"Constitutive"	"chromosome"	"intragenic"
"ST4-74.fa"	3301455	3301456	"ST4-74.fa_3301455_+"	"CDS"	"+"	3301452	3301466	"SL1344_3096"	"STM3122"	"-"	"SL1344_3096"	"STM3122"	3301288	3303028	"NSL"	87.5	100	92	100	8	19	50	9	96.2962962962963	93.2203389830509	"Constitutive"	"chromosome"	"intragenic"
"ST4-74.fa"	3301464	3301465	"ST4-74.fa_3301464_-"	"CDS"	"-"	3301452	3301466	"SL1344_3096"	"STM3122"	"-"	"SL1344_3096"	"STM3122"	3301288	3303028	"NSL"	57.14	42.86	69.23	28.57	7	14	52	7	47.62	64.4059322033898	"Constitutive"	"chromosome"	"intragenic"
"ST4-74.fa"	3322380	3322381	"ST4-74.fa_3322380_+"	"CDS"	"+"	3322377	3322391	"SL1344_3112"	"STM3138"	"-"	"SL1344_3112"	"STM3138"	3321321	3322380	"NSL"	75	81.25	85.19	68.75	4	16	54	16	80	81.4322857142857	"Constitutive"	"chromosome"	"intragenic"
"ST4-74.fa"	3322380	3322381	"ST4-74.fa_3322380_+"	"intergenic"	"+"	3322377	3322391	"SL1344_3112"	"STM3138"	"-+"	"STnc3890"	"no"	3322380	3322950	"NSL"	75	81.25	85.19	68.75	4	16	54	16	80	81.4322857142857	"Constitutive"	"chromosome"	"intergenic"
"ST4-74.fa"	3322389	3322390	"ST4-74.fa_3322389_-"	"CDS"	"-"	3322377	3322391	"SL1344_3112"	"STM3138"	"-"	"SL1344_3112"	"STM3138"	3321321	3322380	"NSL"	88.89	100	86.67	85.71	9	14	60	7	95.6526086956522	86.5697014925373	"Constitutive"	"chromosome"	"intragenic"
"ST4-74.fa"	3322389	3322390	"ST4-74.fa_3322389_-"	"intergenic"	"-"	3322377	3322391	"SL1344_3112"	"STM3138"	"-+"	"STnc3890"	"no"	3322380	3322950	"NSL"	88.89	100	86.67	85.71	9	14	60	7	95.6526086956522	86.5697014925373	"Constitutive"	"chromosome"	"intergenic"
"ST4-74.fa"	3329569	3329570	"ST4-74.fa_3329569_+"	"CDS"	"+"	3329568	3329582	"SL1344_3121"	"hybC"	"-"	"SL1344_3121"	"hybC"	3329489	3331193	"NSL"	62.5	60	78.72	100	8	15	47	10	60.8695652173913	82.4533333333333	"Constitutive"	"chromosome"	"intragenic"
"ST4-74.fa"	3329578	3329579	"ST4-74.fa_3329578_-"	"CDS"	"-"	3329568	3329582	"SL1344_3121"	"hybC"	"-"	"SL1344_3121"	"hybC"	3329489	3331193	"NSL"	100	100	84.62	100	6	13	52	7	100	86.4447457627119	"Constitutive"	"chromosome"	"intragenic"
"ST4-74.fa"	3331262	3331263	"ST4-74.fa_3331262_+"	"CDS"	"+"	3331261	3331275	"SL1344_3122"	"hybB"	"-"	"SL1344_3122"	"hybB"	3331189	3332368	"NSL"	100	36.36	57.89	60	4	11	38	10	53.3306666666667	58.3295833333333	"Constitutive"	"chromosome"	"intragenic"
"ST4-74.fa"	3331271	3331272	"ST4-74.fa_3331271_-"	"CDS"	"-"	3331261	3331275	"SL1344_3122"	"hybB"	"-"	"SL1344_3122"	"hybB"	3331189	3332368	"NSL"	100	73.33	90.16	100	7	15	61	7	81.8159090909091	91.1729411764706	"Constitutive"	"chromosome"	"intragenic"
"ST4-74.fa"	3349079	3349080	"ST4-74.fa_3349079_+"	"CDS"	"+"	3349078	3349092	"SL1344_3141"	"STM3167"	"+"	"SL1344_3141"	"STM3167"	3348631	3349087	"NSL"	40	72.73	50.98	50	5	11	51	8	62.501875	50.8471186440678	"Constitutive"	"chromosome"	"intragenic"
"ST4-74.fa"	3349079	3349080	"ST4-74.fa_3349079_+"	"sRNA"	"+"	3349078	3349092	"STnc1820"	"no"	"-"	"STnc1820"	"no"	3349036	3349187	"NSL"	40	72.73	50.98	50	5	11	51	8	62.501875	50.8471186440678	"Constitutive"	"chromosome"	"intragenic"
"ST4-74.fa"	3349088	3349089	"ST4-74.fa_3349088_-"	"CDS"	"-"	3349078	3349092	"SL1344_3141"	"STM3167"	"+"	"SL1344_3141"	"STM3167"	3348631	3349087	"NSL"	100	82.35	83.33	57.14	4	17	54	7	85.7119047619047	80.3245901639344	"Constitutive"	"chromosome"	"intragenic"
"ST4-74.fa"	3349088	3349089	"ST4-74.fa_3349088_-"	"sRNA"	"-"	3349078	3349092	"STnc1820"	"no"	"-"	"STnc1820"	"no"	3349036	3349187	"NSL"	100	82.35	83.33	57.14	4	17	54	7	85.7119047619047	80.3245901639344	"Constitutive"	"chromosome"	"intragenic"
"ST4-74.fa"	3361838	3361839	"ST4-74.fa_3361838_+"	"CDS"	"+"	3361837	3361851	"SL1344_3151"	"ygiX"	"+"	"SL1344_3151"	"ygiX"	3361501	3362161	"NSL"	100	94.74	96.77	90.91	11	19	62	11	96.6686666666667	95.8869863013699	"Constitutive"	"chromosome"	"intragenic"
"ST4-74.fa"	3361847	3361848	"ST4-74.fa_3361847_-"	"CDS"	"-"	3361837	3361851	"SL1344_3151"	"ygiX"	"+"	"SL1344_3151"	"ygiX"	3361501	3362161	"NSL"	87.5	93.33	85.71	88.89	8	15	35	9	91.3021739130435	86.3604545454545	"Constitutive"	"chromosome"	"intragenic"
"ST4-74.fa"	3382025	3382026	"ST4-74.fa_3382025_+"	"CDS"	"+"	3382024	3382038	"SL1344_3172"	"yqiK"	"+"	"SL1344_3172"	"yqiK"	3381124	3382804	"NSL"	25	25	45.45	41.67	8	12	44	12	25	44.64	"LSP-specific"	"chromosome"	"intragenic"
"ST4-74.fa"	3382034	3382035	"ST4-74.fa_3382034_-"	"CDS"	"-"	3382024	3382038	"SL1344_3172"	"yqiK"	"+"	"SL1344_3172"	"yqiK"	3381124	3382804	"NSL"	71.43	84.21	80	63.64	7	19	45	11	80.7692307692308	76.7864285714286	"Constitutive"	"chromosome"	"intragenic"
"ST4-74.fa"	3382058	3382059	"ST4-74.fa_3382058_+"	"CDS"	"+"	3382057	3382071	"SL1344_3172"	"yqiK"	"+"	"SL1344_3172"	"yqiK"	3381124	3382804	"NSL"	100	86.67	91.94	100	12	15	62	11	92.5944444444444	93.1545205479452	"Constitutive"	"chromosome"	"intragenic"
"ST4-74.fa"	3382067	3382068	"ST4-74.fa_3382067_-"	"CDS"	"-"	3382057	3382071	"SL1344_3172"	"yqiK"	"+"	"SL1344_3172"	"yqiK"	3381124	3382804	"NSL"	81.82	85	100	100	11	20	48	12	83.8716129032258	100	"Constitutive"	"chromosome"	"intragenic"
"ST4-74.fa"	340355	340356	"ST4-74.fa_340355_+"	"CDS"	"+"	340354	340368	"SL1344_0293"	"STM0297"	"+"	"SL1344_0293"	"STM0297"	340232	340373	"NSR"	100	75	80	100	6	12	55	8	83.3333333333333	82.5396825396825	"Constitutive"	"chromosome"	"intragenic"
"ST4-74.fa"	340364	340365	"ST4-74.fa_340364_-"	"CDS"	"-"	340354	340368	"SL1344_0293"	"STM0297"	"+"	"SL1344_0293"	"STM0297"	340232	340373	"NSR"	85.71	83.33	86.05	70	7	12	43	10	84.2068421052631	83.0216981132075	"Constitutive"	"chromosome"	"intragenic"
"ST4-74.fa"	3410532	3410533	"ST4-74.fa_3410532_+"	"CDS"	"+"	3410529	3410543	"SL1344_3194"	"ygjP"	"+"	"SL1344_3194"	"ygjP"	3410418	3410778	"NSL"	100	90	93.02	100	5	10	43	8	93.3333333333333	94.1149019607843	"Constitutive"	"chromosome"	"intragenic"
"ST4-74.fa"	3410541	3410542	"ST4-74.fa_3410541_-"	"CDS"	"-"	3410529	3410543	"SL1344_3194"	"ygjP"	"+"	"SL1344_3194"	"ygjP"	3410418	3410778	"NSL"	100	80	83.05	80	8	15	59	5	86.9565217391304	82.81171875	"Constitutive"	"chromosome"	"intragenic"
"ST4-74.fa"	3419664	3419665	"ST4-74.fa_3419664_+"	"CDS"	"+"	3419661	3419675	"SL1344_3205"	"yqjG"	"+"	"SL1344_3205"	"yqjG"	3419202	3420189	"NSL"	100	100	96.55	100	9	15	58	11	100	97.1	"Constitutive"	"chromosome"	"intragenic"
"ST4-74.fa"	3419673	3419674	"ST4-74.fa_3419673_-"	"CDS"	"-"	3419661	3419675	"SL1344_3205"	"yqjG"	"+"	"SL1344_3205"	"yqjG"	3419202	3420189	"NSL"	80	93.75	92.86	100	10	16	56	6	88.4615384615385	93.5509677419355	"Constitutive"	"chromosome"	"intragenic"
"ST4-74.fa"	3432070	3432071	"ST4-74.fa_3432070_+"	"CDS"	"+"	3432067	3432081	"SL1344_3215"	"tdcC"	"-"	"SL1344_3215"	"tdcC"	3430738	3432070	"NSL"	75	86.67	93.62	60	12	15	47	10	81.4833333333333	87.7217543859649	"Constitutive"	"chromosome"	"intragenic"
"ST4-74.fa"	3432070	3432071	"ST4-74.fa_3432070_+"	"intergenic"	"+"	3432067	3432081	"SL1344_3215"	"tdcC"	"--"	"SL1344_3216"	"tdcB"	3432070	3432090	"NSL"	75	86.67	93.62	60	12	15	47	10	81.4833333333333	87.7217543859649	"Constitutive"	"chromosome"	"intergenic"
"ST4-74.fa"	3432079	3432080	"ST4-74.fa_3432079_-"	"CDS"	"-"	3432067	3432081	"SL1344_3215"	"tdcC"	"-"	"SL1344_3215"	"tdcC"	3430738	3432070	"NSL"	83.33	52.94	72.73	77.78	6	17	66	9	60.8678260869565	73.336	"Constitutive"	"chromosome"	"intragenic"
"ST4-74.fa"	3432079	3432080	"ST4-74.fa_3432079_-"	"intergenic"	"-"	3432067	3432081	"SL1344_3215"	"tdcC"	"--"	"SL1344_3216"	"tdcB"	3432070	3432090	"NSL"	83.33	52.94	72.73	77.78	6	17	66	9	60.8678260869565	73.336	"Constitutive"	"chromosome"	"intergenic"
"ST4-74.fa"	3433952	3433953	"ST4-74.fa_3433952_+"	"CDS"	"+"	3433949	3433963	"SL1344_3217"	"tdcA"	"-"	"SL1344_3217"	"tdcA"	3433177	3434116	"NSL"	100	88.89	95.24	90	11	18	42	10	93.1041379310345	94.2323076923077	"Constitutive"	"chromosome"	"intragenic"
"ST4-74.fa"	3433961	3433962	"ST4-74.fa_3433961_-"	"CDS"	"-"	3433949	3433963	"SL1344_3217"	"tdcA"	"-"	"SL1344_3217"	"tdcA"	3433177	3434116	"NSL"	75	72.22	74.55	50	4	18	55	8	72.7254545454546	71.4325396825397	"Constitutive"	"chromosome"	"intragenic"
"ST4-74.fa"	3434116	3434117	"ST4-74.fa_3434116_+"	"CDS"	"+"	3434113	3434127	"SL1344_3217"	"tdcA"	"-"	"SL1344_3217"	"tdcA"	3433177	3434116	"NSL"	90.91	83.33	91.3	80	11	18	46	10	86.2051724137931	89.2821428571429	"Constitutive"	"chromosome"	"intragenic"
"ST4-74.fa"	3434116	3434117	"ST4-74.fa_3434116_+"	"intergenic"	"+"	3434113	3434127	"SL1344_3217"	"tdcA"	"-+"	"SL1344_repeat_region_4"	"no"	3434116	3434694	"NSL"	90.91	83.33	91.3	80	11	18	46	10	86.2051724137931	89.2821428571429	"Constitutive"	"chromosome"	"intergenic"
"ST4-74.fa"	3434125	3434126	"ST4-74.fa_3434125_-"	"CDS"	"-"	3434113	3434127	"SL1344_3217"	"tdcA"	"-"	"SL1344_3217"	"tdcA"	3433177	3434116	"NSL"	100	84.21	95.31	100	6	19	64	12	87.9996	96.0505263157895	"Constitutive"	"chromosome"	"intragenic"
"ST4-74.fa"	3434125	3434126	"ST4-74.fa_3434125_-"	"intergenic"	"-"	3434113	3434127	"SL1344_3217"	"tdcA"	"-+"	"SL1344_repeat_region_4"	"no"	3434116	3434694	"NSL"	100	84.21	95.31	100	6	19	64	12	87.9996	96.0505263157895	"Constitutive"	"chromosome"	"intergenic"
"ST4-74.fa"	344402	344403	"ST4-74.fa_344402_+"	"CDS"	"+"	344401	344415	"SL1344_0297"	"safC"	"+"	"SL1344_0297"	"safC"	343043	345554	"NSR"	83.33	83.33	86	62.5	6	12	50	8	83.33	82.7586206896552	"Constitutive"	"chromosome"	"intragenic"
"ST4-74.fa"	344411	344412	"ST4-74.fa_344411_-"	"CDS"	"-"	344401	344415	"SL1344_0297"	"safC"	"+"	"SL1344_0297"	"safC"	343043	345554	"NSR"	91.67	95.45	95.35	100	12	22	43	16	94.1158823529412	96.6110169491525	"Constitutive"	"chromosome"	"intragenic"
"ST4-74.fa"	347301	347302	"ST4-74.fa_347301_+"	"intergenic"	"+"	347298	347312	"SL1344_0299"	"ybeJ"	"++"	"SL1344_0300"	"sinR"	347273	348087	"NSR"	83.33	81.82	92.11	75	6	11	38	4	82.3529411764706	90.4804761904762	"Constitutive"	"chromosome"	"intergenic"
"ST4-74.fa"	347310	347311	"ST4-74.fa_347310_-"	"intergenic"	"-"	347298	347312	"SL1344_0299"	"ybeJ"	"++"	"SL1344_0300"	"sinR"	347273	348087	"NSR"	81.82	84.21	82.35	100	11	19	51	6	83.3336666666667	84.2078947368421	"Constitutive"	"chromosome"	"intergenic"
"ST4-74.fa"	3482178	3482179	"ST4-74.fa_3482178_+"	"intergenic"	"+"	3482177	3482191	"SL1344_3263"	"STM3291"	"--"	"SL1344_tRNA_57"	"no"	3482121	3482459	"NSL"	50	35.29	56.82	27.27	6	17	44	11	39.1273913043478	50.91	"Constitutive"	"chromosome"	"intergenic"
"ST4-74.fa"	3482187	3482188	"ST4-74.fa_3482187_-"	"intergenic"	"-"	3482177	3482191	"SL1344_3263"	"STM3291"	"--"	"SL1344_tRNA_57"	"no"	3482121	3482459	"NSL"	91.67	87.5	80.85	94.12	12	16	47	17	89.2871428571429	84.37484375	"Constitutive"	"chromosome"	"intergenic"
"ST4-74.fa"	3515838	3515839	"ST4-74.fa_3515838_+"	"intergenic"	"+"	3515837	3515851	"SL1344_3301"	"yhcC"	"-+"	"SL1344_3302"	"gltB"	3515268	3515939	"NSL"	75	68.75	63.27	80	4	16	49	10	70	66.105593220339	"Constitutive"	"chromosome"	"intergenic"
"ST4-74.fa"	3515847	3515848	"ST4-74.fa_3515847_-"	"intergenic"	"-"	3515837	3515851	"SL1344_3301"	"yhcC"	"-+"	"SL1344_3302"	"gltB"	3515268	3515939	"NSL"	90.91	92.86	91.38	100	11	14	58	12	92.002	92.8577142857143	"Constitutive"	"chromosome"	"intergenic"
"ST4-74.fa"	3522416	3522417	"ST4-74.fa_3522416_+"	"CDS"	"+"	3522413	3522427	"SL1344_3304"	"yhcG"	"+"	"SL1344_3304"	"yhcG"	3522034	3523138	"NSL"	66.67	86.67	100	86.67	9	15	56	15	79.17	97.1838028169014	"Constitutive"	"chromosome"	"intragenic"
"ST4-74.fa"	3522425	3522426	"ST4-74.fa_3522425_-"	"CDS"	"-"	3522413	3522427	"SL1344_3304"	"yhcG"	"+"	"SL1344_3304"	"yhcG"	3522034	3523138	"NSL"	100	96	96.43	91.67	5	25	56	12	96.6666666666667	95.59	"Constitutive"	"chromosome"	"intragenic"
"ST4-74.fa"	3522608	3522609	"ST4-74.fa_3522608_+"	"CDS"	"+"	3522607	3522621	"SL1344_3304"	"yhcG"	"+"	"SL1344_3304"	"yhcG"	3522034	3523138	"NSL"	77.78	92.86	89.09	100	9	14	55	11	86.9591304347826	90.9083333333333	"Constitutive"	"chromosome"	"intragenic"
"ST4-74.fa"	3522617	3522618	"ST4-74.fa_3522617_-"	"CDS"	"-"	3522607	3522621	"SL1344_3304"	"yhcG"	"+"	"SL1344_3304"	"yhcG"	3522034	3523138	"NSL"	100	91.3	87.27	92.86	10	23	55	14	93.9363636363636	88.4042028985507	"Constitutive"	"chromosome"	"intragenic"
"ST4-74.fa"	3527696	3527697	"ST4-74.fa_3527696_+"	"CDS"	"+"	3527695	3527709	"SL1344_3309"	"nanE"	"-"	"SL1344_3309"	"nanE"	3527193	3527883	"NSL"	70	83.33	87.23	81.82	10	12	47	11	77.2709090909091	86.2039655172414	"Constitutive"	"chromosome"	"intragenic"
"ST4-74.fa"	3527705	3527706	"ST4-74.fa_3527705_-"	"CDS"	"-"	3527695	3527709	"SL1344_3309"	"nanE"	"-"	"SL1344_3309"	"nanE"	3527193	3527883	"NSL"	91.67	100	96	90.91	12	16	50	11	96.43	95.082131147541	"Constitutive"	"chromosome"	"intragenic"
"ST4-74.fa"	3578340	3578341	"ST4-74.fa_3578340_+"	"CDS"	"+"	3578337	3578351	"SL1344_3359"	"yhdJ"	"+"	"SL1344_3359"	"yhdJ"	3578063	3578948	"NSL"	80	95	85.71	75	5	20	56	8	92	84.37125	"Constitutive"	"chromosome"	"intragenic"
"ST4-74.fa"	3578349	3578350	"ST4-74.fa_3578349_-"	"CDS"	"-"	3578337	3578351	"SL1344_3359"	"yhdJ"	"+"	"SL1344_3359"	"yhdJ"	3578063	3578948	"NSL"	25	18.75	23.91	18.18	4	16	46	11	20	22.8042105263158	"UM"	"chromosome"	"intragenic"
"ST4-74.fa"	358253	358254	"ST4-74.fa_358253_+"	"CDS"	"+"	358252	358266	"SL1344_0309"	"dbh"	"+"	"SL1344_0309"	"dbh"	357277	358333	"NSR"	100	78.57	92.73	83.33	6	14	55	6	84.999	91.8054098360656	"Constitutive"	"chromosome"	"intragenic"
"ST4-74.fa"	358262	358263	"ST4-74.fa_358262_-"	"CDS"	"-"	358252	358266	"SL1344_0309"	"dbh"	"+"	"SL1344_0309"	"dbh"	357277	358333	"NSR"	100	91.67	92.98	91.67	5	12	57	12	94.12	92.7521739130435	"Constitutive"	"chromosome"	"intragenic"
"ST4-74.fa"	3605627	3605628	"ST4-74.fa_3605627_+"	"CDS"	"+"	3605626	3605640	"SL1344_3382"	"pez"	"-"	"SL1344_3382"	"pez"	3604782	3605772	"NSL"	33.33	65	61.9	66.67	3	20	42	9	60.8691304347826	62.7417647058824	"Constitutive"	"chromosome"	"intragenic"
"ST4-74.fa"	3605636	3605637	"ST4-74.fa_3605636_-"	"CDS"	"-"	3605626	3605640	"SL1344_3382"	"pez"	"-"	"SL1344_3382"	"pez"	3604782	3605772	"NSL"	80	70.59	80.36	80	10	17	56	5	74.0751851851852	80.3304918032787	"Constitutive"	"chromosome"	"intragenic"
"ST4-74.fa"	362159	362160	"ST4-74.fa_362159_+"	"CDS"	"+"	362158	362172	"SL1344_0313"	"gpt"	"+"	"SL1344_0313"	"gpt"	362156	362615	"NSR"	70	41.18	67.92	70	10	17	53	10	51.8540740740741	68.2501587301587	"Constitutive"	"chromosome"	"intragenic"
"ST4-74.fa"	362168	362169	"ST4-74.fa_362168_-"	"CDS"	"-"	362158	362172	"SL1344_0313"	"gpt"	"+"	"SL1344_0313"	"gpt"	362156	362615	"NSR"	75	100	86.89	91.67	8	13	61	12	90.4761904761905	87.6757534246575	"Constitutive"	"chromosome"	"intragenic"
"ST4-74.fa"	3625182	3625183	"ST4-74.fa_3625182_+"	"CDS"	"+"	3625179	3625193	"SL1344_3418"	"yheN"	"-"	"SL1344_3418"	"yheN"	3624967	3625354	"NSL"	100	94.44	92.86	100	9	18	56	11	96.2933333333333	94.0322388059702	"Constitutive"	"chromosome"	"intragenic"
"ST4-74.fa"	3625191	3625192	"ST4-74.fa_3625191_-"	"CDS"	"-"	3625179	3625193	"SL1344_3418"	"yheN"	"-"	"SL1344_3418"	"yheN"	3624967	3625354	"NSL"	100	83.33	87.8	91.67	11	18	41	12	89.6531034482759	88.6762264150943	"Constitutive"	"chromosome"	"intragenic"
"ST4-74.fa"	3634026	3634027	"ST4-74.fa_3634026_+"	"intergenic"	"+"	3634023	3634037	"SL1344_3428"	"STM3461"	"-+"	"SL1344_3429"	"yheT"	3633919	3634116	"NSL"	100	100	94.64	100	11	23	56	16	100	95.8311111111111	"Constitutive"	"chromosome"	"intergenic"
"ST4-74.fa"	3634035	3634036	"ST4-74.fa_3634035_-"	"intergenic"	"-"	3634023	3634037	"SL1344_3428"	"STM3461"	"-+"	"SL1344_3429"	"yheT"	3633919	3634116	"NSL"	100	84	85.71	54.55	14	25	42	11	89.7435897435897	79.2428301886792	"Constitutive"	"chromosome"	"intergenic"
"ST4-74.fa"	3634527	3634528	"ST4-74.fa_3634527_+"	"CDS"	"+"	3634524	3634538	"SL1344_3429"	"yheT"	"+"	"SL1344_3429"	"yheT"	3634116	3635184	"NSL"	90	100	97.87	75	10	18	47	12	96.4285714285714	93.2184745762712	"Constitutive"	"chromosome"	"intragenic"
"ST4-74.fa"	3634536	3634537	"ST4-74.fa_3634536_-"	"CDS"	"-"	3634524	3634538	"SL1344_3429"	"yheT"	"+"	"SL1344_3429"	"yheT"	3634116	3635184	"NSL"	100	72.73	87.23	61.54	11	22	47	13	81.82	81.6638333333333	"Constitutive"	"chromosome"	"intragenic"
"ST4-74.fa"	3638976	3638977	"ST4-74.fa_3638976_+"	"CDS"	"+"	3638973	3638987	"SL1344_3434"	"yhfK"	"+"	"SL1344_3434"	"yhfK"	3637808	3639896	"NSL"	100	92.31	100	100	7	13	54	12	95.0015	100	"Constitutive"	"chromosome"	"intragenic"
"ST4-74.fa"	3638985	3638986	"ST4-74.fa_3638985_-"	"CDS"	"-"	3638973	3638987	"SL1344_3434"	"yhfK"	"+"	"SL1344_3434"	"yhfK"	3637808	3639896	"NSL"	75	75	72.34	57.14	8	20	47	7	75	70.3696296296296	"Constitutive"	"chromosome"	"intragenic"
"ST4-74.fa"	3659249	3659250	"ST4-74.fa_3659249_+"	"CDS"	"+"	3659246	3659260	"SL1344_3449"	"gph"	"-"	"SL1344_3449"	"gph"	3658762	3659521	"NSL"	81.82	90.91	95.08	100	11	22	61	23	87.88	96.4271428571429	"Constitutive"	"chromosome"	"intragenic"
"ST4-74.fa"	3659258	3659259	"ST4-74.fa_3659258_-"	"CDS"	"-"	3659246	3659260	"SL1344_3449"	"gph"	"-"	"SL1344_3449"	"gph"	3658762	3659521	"NSL"	82.35	96.15	90.57	100	17	26	53	12	90.6941860465116	92.3109230769231	"Constitutive"	"chromosome"	"intragenic"
"ST4-74.fa"	3667828	3667829	"ST4-74.fa_3667828_+"	"CDS"	"+"	3667827	3667841	"SL1344_3459"	"comA"	"-"	"SL1344_3459"	"comA"	3667271	3668051	"NSL"	33.33	21.43	40.91	75	9	14	44	8	26.0865217391304	46.1546153846154	"LSP-specific"	"chromosome"	"intragenic"
"ST4-74.fa"	3667837	3667838	"ST4-74.fa_3667837_-"	"CDS"	"-"	3667827	3667841	"SL1344_3459"	"comA"	"-"	"SL1344_3459"	"comA"	3667271	3668051	"NSL"	85.71	58.33	70.21	50	14	12	47	10	73.0730769230769	66.6643859649123	"Constitutive"	"chromosome"	"intragenic"
"ST4-74.fa"	3700129	3700130	"ST4-74.fa_3700129_+"	"CDS"	"+"	3700128	3700142	"SL1344_3482"	"malT"	"+"	"SL1344_3482"	"malT"	3698421	3701127	"Origin"	100	100	90.48	85.71	9	14	42	7	100	89.7985714285714	"Constitutive"	"chromosome"	"intragenic"
"ST4-74.fa"	3700138	3700139	"ST4-74.fa_3700138_-"	"CDS"	"-"	3700128	3700142	"SL1344_3482"	"malT"	"+"	"SL1344_3482"	"malT"	3698421	3701127	"Origin"	83.33	70.59	87.93	71.43	6	17	58	7	73.9134782608696	86.1530769230769	"Constitutive"	"chromosome"	"intragenic"
"ST4-74.fa"	3752798	3752799	"ST4-74.fa_3752798_+"	"CDS"	"+"	3752797	3752811	"SL1344_3529"	"livH"	"-"	"SL1344_3529"	"livH"	3752729	3753656	"Origin"	81.82	95.45	89.23	100	11	22	65	6	90.9066666666667	90.1401408450704	"Constitutive"	"chromosome"	"intragenic"
"ST4-74.fa"	3752807	3752808	"ST4-74.fa_3752807_-"	"CDS"	"-"	3752797	3752811	"SL1344_3529"	"livH"	"-"	"SL1344_3529"	"livH"	3752729	3753656	"Origin"	100	83.33	96.15	90	9	18	52	10	88.8866666666667	95.158064516129	"Constitutive"	"chromosome"	"intragenic"
"ST4-74.fa"	3763965	3763966	"ST4-74.fa_3763965_+"	"CDS"	"+"	3763964	3763978	"SL1344_3541"	"zntA"	"+"	"SL1344_3541"	"zntA"	3763766	3765965	"Origin"	71.43	78.57	92.86	88.89	7	14	56	9	76.19	92.3103076923077	"Constitutive"	"chromosome"	"intragenic"
"ST4-74.fa"	3763974	3763975	"ST4-74.fa_3763974_-"	"CDS"	"-"	3763964	3763978	"SL1344_3541"	"zntA"	"+"	"SL1344_3541"	"zntA"	3763766	3765965	"Origin"	84.62	89.29	98.11	100	13	28	53	16	87.8092682926829	98.5482608695652	"Constitutive"	"chromosome"	"intragenic"
"ST4-74.fa"	378696	378697	"ST4-74.fa_378696_+"	"CDS"	"+"	378693	378707	"SL1344_0331"	"stbE"	"-"	"SL1344_0331"	"stbE"	378458	379217	"NSR"	100	100	92.31	87.5	9	18	65	8	100	91.7828767123288	"Constitutive"	"chromosome"	"intragenic"
"ST4-74.fa"	378705	378706	"ST4-74.fa_378705_-"	"CDS"	"-"	378693	378707	"SL1344_0331"	"stbE"	"-"	"SL1344_0331"	"stbE"	378458	379217	"NSR"	85.71	66.67	76.6	86.67	7	18	47	15	72.0012	79.0362903225806	"Constitutive"	"chromosome"	"intragenic"
"ST4-74.fa"	3853865	3853866	"ST4-74.fa_3853865_+"	"CDS"	"+"	3853864	3853878	"SL1344_3610"	"bisC"	"-"	"SL1344_3610"	"bisC"	3851635	3853969	"Origin"	83.33	100	98.15	100	12	14	54	8	92.3061538461538	98.3887096774194	"Constitutive"	"chromosome"	"intragenic"
"ST4-74.fa"	3853874	3853875	"ST4-74.fa_3853874_-"	"CDS"	"-"	3853864	3853878	"SL1344_3610"	"bisC"	"-"	"SL1344_3610"	"bisC"	3851635	3853969	"Origin"	100	72.22	92.16	90.91	6	18	51	11	79.165	91.9382258064516	"Constitutive"	"chromosome"	"intragenic"
"ST4-74.fa"	3860689	3860690	"ST4-74.fa_3860689_+"	"intergenic"	"+"	3860686	3860700	"SL1344_3619"	"yafP"	"--"	"SL1344_3620"	"glyS"	3860457	3861085	"Origin"	91.67	95	78	90.91	12	20	50	11	93.75125	80.3280327868852	"Constitutive"	"chromosome"	"intergenic"
"ST4-74.fa"	3860698	3860699	"ST4-74.fa_3860698_-"	"intergenic"	"-"	3860686	3860700	"SL1344_3619"	"yafP"	"--"	"SL1344_3620"	"glyS"	3860457	3861085	"Origin"	80	88.89	82.26	86.67	5	18	62	15	86.9573913043478	83.1190909090909	"Constitutive"	"chromosome"	"intergenic"
"ST4-74.fa"	3944660	3944661	"ST4-74.fa_3944660_+"	"CDS"	"+"	3944657	3944671	"SL1344_3695"	"radC"	"-"	"SL1344_3695"	"radC"	3943994	3944660	"Origin"	92.86	95	87.93	100	14	20	58	5	94.1188235294118	88.8879365079365	"Constitutive"	"chromosome"	"intragenic"
"ST4-74.fa"	3944660	3944661	"ST4-74.fa_3944660_+"	"intergenic"	"+"	3944657	3944671	"SL1344_3695"	"radC"	"-+"	"SL1344_3696"	"dfp"	3944660	3944832	"Origin"	92.86	95	87.93	100	14	20	58	5	94.1188235294118	88.8879365079365	"Constitutive"	"chromosome"	"intergenic"
"ST4-74.fa"	3944669	3944670	"ST4-74.fa_3944669_-"	"CDS"	"-"	3944657	3944671	"SL1344_3695"	"radC"	"-"	"SL1344_3695"	"radC"	3943994	3944660	"Origin"	100	85	94.74	92.86	10	20	57	14	90	94.3692957746479	"Constitutive"	"chromosome"	"intragenic"
"ST4-74.fa"	3944669	3944670	"ST4-74.fa_3944669_-"	"intergenic"	"-"	3944657	3944671	"SL1344_3695"	"radC"	"-+"	"SL1344_3696"	"dfp"	3944660	3944832	"Origin"	100	85	94.74	92.86	10	20	57	14	90	94.3692957746479	"Constitutive"	"chromosome"	"intergenic"
"ST4-74.fa"	3948710	3948711	"ST4-74.fa_3948710_+"	"CDS"	"+"	3948707	3948721	"SL1344_3700"	"rph"	"-"	"SL1344_3700"	"rph"	3947993	3948710	"Origin"	63.64	80	79.25	83.33	11	20	53	6	74.1948387096774	79.6649152542373	"Constitutive"	"chromosome"	"intragenic"
"ST4-74.fa"	3948710	3948711	"ST4-74.fa_3948710_+"	"intergenic"	"+"	3948707	3948721	"SL1344_3700"	"rph"	"-+"	"SL1344_3701"	"yicC"	3948710	3948835	"Origin"	63.64	80	79.25	83.33	11	20	53	6	74.1948387096774	79.6649152542373	"Constitutive"	"chromosome"	"intergenic"
"ST4-74.fa"	3948719	3948720	"ST4-74.fa_3948719_-"	"CDS"	"-"	3948707	3948721	"SL1344_3700"	"rph"	"-"	"SL1344_3700"	"rph"	3947993	3948710	"Origin"	75	69.23	78	75	12	26	50	12	71.0521052631579	77.4193548387097	"Constitutive"	"chromosome"	"intragenic"
"ST4-74.fa"	3948719	3948720	"ST4-74.fa_3948719_-"	"intergenic"	"-"	3948707	3948721	"SL1344_3700"	"rph"	"-+"	"SL1344_3701"	"yicC"	3948710	3948835	"Origin"	75	69.23	78	75	12	26	50	12	71.0521052631579	77.4193548387097	"Constitutive"	"chromosome"	"intergenic"
"ST4-74.fa"	3961699	3961700	"ST4-74.fa_3961699_+"	"CDS"	"+"	3961698	3961712	"SL1344_3712"	"gltS"	"-"	"SL1344_3712"	"gltS"	3961133	3962339	"Origin"	63.64	90	81.13	75	11	20	53	8	80.6464516129032	80.3260655737705	"Constitutive"	"chromosome"	"intragenic"
"ST4-74.fa"	3961708	3961709	"ST4-74.fa_3961708_-"	"CDS"	"-"	3961698	3961712	"SL1344_3712"	"gltS"	"-"	"SL1344_3712"	"gltS"	3961133	3962339	"Origin"	80	94.44	66.67	84.62	10	18	39	13	89.2828571428571	71.1575	"Constitutive"	"chromosome"	"intragenic"
"ST4-74.fa"	3970633	3970634	"ST4-74.fa_3970633_+"	"CDS"	"+"	3970630	3970644	"SL1344_3717"	"STM3752"	"-"	"SL1344_3717"	"STM3752"	3970301	3970670	"Origin"	84.62	96.15	93.55	90	13	26	62	10	92.3066666666667	93.0569444444444	"Constitutive"	"chromosome"	"intragenic"
"ST4-74.fa"	3970642	3970643	"ST4-74.fa_3970642_-"	"CDS"	"-"	3970630	3970644	"SL1344_3717"	"STM3752"	"-"	"SL1344_3717"	"STM3752"	3970301	3970670	"Origin"	50	31.25	16.28	33.33	8	16	43	9	37.5	19.2309615384615	"MEP-specific"	"chromosome"	"intragenic"
"ST4-74.fa"	4025249	4025250	"ST4-74.fa_4025249_+"	"CDS"	"+"	4025246	4025260	"SL1344_3769"	"dsdX"	"+"	"SL1344_3769"	"dsdX"	4024411	4025749	"Origin"	72.73	76.47	86	75	11	17	50	8	75.0007142857143	84.4827586206897	"Constitutive"	"chromosome"	"intragenic"
"ST4-74.fa"	4025258	4025259	"ST4-74.fa_4025258_-"	"CDS"	"-"	4025246	4025260	"SL1344_3769"	"dsdX"	"+"	"SL1344_3769"	"dsdX"	4024411	4025749	"Origin"	83.33	84.21	93.33	80	6	19	45	10	83.9988	90.9063636363636	"Constitutive"	"chromosome"	"intragenic"
"ST4-74.fa"	4056484	4056485	"ST4-74.fa_4056484_+"	"intergenic"	"+"	4056481	4056495	"SL1344_3798"	"yidA"	"-+"	"SL1344_3799"	"STM3832"	4056365	4056670	"Origin"	81.82	57.89	84.09	100	11	19	44	11	66.6643333333333	87.272	"Constitutive"	"chromosome"	"intergenic"
"ST4-74.fa"	4056493	4056494	"ST4-74.fa_4056493_-"	"intergenic"	"-"	4056481	4056495	"SL1344_3798"	"yidA"	"-+"	"SL1344_3799"	"STM3832"	4056365	4056670	"Origin"	100	87.5	93.62	85.71	6	24	47	14	90	91.8045901639344	"Constitutive"	"chromosome"	"intergenic"
"ST4-74.fa"	4075511	4075512	"ST4-74.fa_4075511_+"	"CDS"	"+"	4075508	4075522	"SL1344_3814"	"yidY"	"+"	"SL1344_3814"	"yidY"	4075388	4076576	"Origin"	100	86.36	94.55	100	5	22	55	13	88.8859259259259	95.5919117647059	"Constitutive"	"chromosome"	"intragenic"
"ST4-74.fa"	4075520	4075521	"ST4-74.fa_4075520_-"	"CDS"	"-"	4075508	4075522	"SL1344_3814"	"yidY"	"+"	"SL1344_3814"	"yidY"	4075388	4076576	"Origin"	84.62	62.5	81.4	100	13	16	43	10	72.4158620689655	84.9094339622642	"Constitutive"	"chromosome"	"intragenic"
"ST4-74.fa"	4150923	4150924	"ST4-74.fa_4150923_+"	"CDS"	"+"	4150922	4150936	"SL1344_3879"	"rffE"	"+"	"SL1344_3879"	"rffE"	4150835	4151966	"Origin"	84.62	94.74	91.94	87.5	13	19	62	8	90.62875	91.4325714285714	"Constitutive"	"chromosome"	"intragenic"
"ST4-74.fa"	4150932	4150933	"ST4-74.fa_4150932_-"	"CDS"	"-"	4150922	4150936	"SL1344_3879"	"rffE"	"+"	"SL1344_3879"	"rffE"	4150835	4151966	"Origin"	100	93.75	98	83.33	12	16	50	6	96.4285714285714	96.4282142857143	"Constitutive"	"chromosome"	"intragenic"
"ST4-74.fa"	4154601	4154602	"ST4-74.fa_4154601_+"	"intergenic"	"+"	4154598	4154612	"SL1344_3882"	"rffH"	"++"	"SL1344_3883"	"rffC"	4154549	4154655	"Origin"	90	94.74	95.52	100	10	19	67	4	93.1055172413793	95.7723943661972	"Constitutive"	"chromosome"	"intergenic"
"ST4-74.fa"	4154610	4154611	"ST4-74.fa_4154610_-"	"intergenic"	"-"	4154598	4154612	"SL1344_3882"	"rffH"	"++"	"SL1344_3883"	"rffC"	4154549	4154655	"Origin"	81.25	76.47	80	71.43	16	17	55	7	78.7875757575758	79.0324193548387	"Constitutive"	"chromosome"	"intergenic"
"ST4-74.fa"	4154911	4154912	"ST4-74.fa_4154911_+"	"CDS"	"+"	4154910	4154924	"SL1344_3883"	"rffC"	"+"	"SL1344_3883"	"rffC"	4154655	4155204	"Origin"	80	76	85.71	100	10	25	56	3	77.1428571428571	86.4366101694915	"Constitutive"	"chromosome"	"intragenic"
"ST4-74.fa"	4154920	4154921	"ST4-74.fa_4154920_-"	"CDS"	"-"	4154910	4154924	"SL1344_3883"	"rffC"	"+"	"SL1344_3883"	"rffC"	4154655	4155204	"Origin"	100	95.83	94.64	100	14	24	56	12	97.3663157894737	95.5858823529412	"Constitutive"	"chromosome"	"intragenic"
"ST4-74.fa"	417452	417453	"ST4-74.fa_417452_+"	"CDS"	"+"	417451	417465	"SL1344_0363"	"prpB"	"+"	"SL1344_0363"	"prpB"	417462	418350	"NSR"	100	75	77.59	66.67	2	4	58	9	83.3333333333333	76.1231343283582	"Constitutive"	"chromosome"	"intragenic"
"ST4-74.fa"	417452	417453	"ST4-74.fa_417452_+"	"intergenic"	"+"	417451	417465	"SL1344_0362"	"prpR"	"-+"	"SL1344_0363"	"prpB"	417198	417462	"NSR"	100	75	77.59	66.67	2	4	58	9	83.3333333333333	76.1231343283582	"Constitutive"	"chromosome"	"intergenic"
"ST4-74.fa"	417461	417462	"ST4-74.fa_417461_-"	"CDS"	"-"	417451	417465	"SL1344_0363"	"prpB"	"+"	"SL1344_0363"	"prpB"	417462	418350	"NSR"	100	75	85.96	100	5	16	57	14	80.9523809523809	88.7284507042253	"Constitutive"	"chromosome"	"intragenic"
"ST4-74.fa"	417461	417462	"ST4-74.fa_417461_-"	"intergenic"	"-"	417451	417465	"SL1344_0362"	"prpR"	"-+"	"SL1344_0363"	"prpB"	417198	417462	"NSR"	100	75	85.96	100	5	16	57	14	80.9523809523809	88.7284507042253	"Constitutive"	"chromosome"	"intergenic"
"ST4-74.fa"	4182454	4182455	"ST4-74.fa_4182454_+"	"CDS"	"+"	4182453	4182467	"SL1344_3909"	"rarD"	"-"	"SL1344_3909"	"rarD"	4181608	4182493	"Origin"	73.33	91.67	93.88	100	15	24	49	5	84.6161538461538	94.4466666666667	"Constitutive"	"chromosome"	"intragenic"
"ST4-74.fa"	4182463	4182464	"ST4-74.fa_4182463_-"	"CDS"	"-"	4182453	4182467	"SL1344_3909"	"rarD"	"-"	"SL1344_3909"	"rarD"	4181608	4182493	"Origin"	80	95.45	92.86	81.82	10	22	56	11	90.621875	91.0474626865672	"Constitutive"	"chromosome"	"intragenic"
"ST4-74.fa"	418805	418806	"ST4-74.fa_418805_+"	"CDS"	"+"	418802	418816	"SL1344_0364"	"prpC"	"+"	"SL1344_0364"	"prpC"	418472	419642	"NSR"	100	100	89.66	100	6	7	58	7	100	90.7735384615385	"Constitutive"	"chromosome"	"intragenic"
"ST4-74.fa"	418814	418815	"ST4-74.fa_418814_-"	"CDS"	"-"	418802	418816	"SL1344_0364"	"prpC"	"+"	"SL1344_0364"	"prpC"	418472	419642	"NSR"	83.33	73.33	77.05	100	6	15	61	12	76.1871428571429	80.822602739726	"Constitutive"	"chromosome"	"intragenic"
"ST4-74.fa"	4190266	4190267	"ST4-74.fa_4190266_+"	"CDS"	"+"	4190263	4190277	"SL1344_3918"	"metR"	"-"	"SL1344_3918"	"metR"	4190105	4191059	"Origin"	93.33	82.35	97.62	100	15	17	42	2	87.496875	97.7281818181818	"Constitutive"	"chromosome"	"intragenic"
"ST4-74.fa"	4190275	4190276	"ST4-74.fa_4190275_-"	"CDS"	"-"	4190263	4190277	"SL1344_3918"	"metR"	"-"	"SL1344_3918"	"metR"	4190105	4191059	"Origin"	100	86.96	89.36	100	11	23	47	9	91.1788235294118	91.07	"Constitutive"	"chromosome"	"intragenic"
"ST4-74.fa"	4199373	4199374	"ST4-74.fa_4199373_+"	"CDS"	"+"	4199372	4199386	"SL1344_3924"	"ubiE"	"+"	"SL1344_3924"	"ubiE"	4198836	4199592	"Origin"	33.33	65	60	25	9	20	35	4	55.1713793103448	56.4102564102564	"Constitutive"	"chromosome"	"intragenic"
"ST4-74.fa"	4199382	4199383	"ST4-74.fa_4199382_-"	"CDS"	"-"	4199372	4199386	"SL1344_3924"	"ubiE"	"+"	"SL1344_3924"	"ubiE"	4198836	4199592	"Origin"	100	88.89	97.44	100	11	27	39	10	92.1060526315789	97.9624489795918	"Constitutive"	"chromosome"	"intragenic"
"ST4-74.fa"	4202039	4202040	"ST4-74.fa_4202039_+"	"CDS"	"+"	4202038	4202052	"SL1344_3927"	"tatA"	"+"	"SL1344_3927"	"tatA"	4202049	4202304	"Origin"	81.82	88.46	89.58	66.67	11	26	48	6	86.4859459459459	87.0344444444445	"Constitutive"	"chromosome"	"intragenic"
"ST4-74.fa"	4202039	4202040	"ST4-74.fa_4202039_+"	"intergenic"	"+"	4202038	4202052	"SL1344_3926"	"aarF"	"++"	"SL1344_3927"	"tatA"	4201844	4202049	"Origin"	81.82	88.46	89.58	66.67	11	26	48	6	86.4859459459459	87.0344444444445	"Constitutive"	"chromosome"	"intergenic"
"ST4-74.fa"	4202048	4202049	"ST4-74.fa_4202048_-"	"CDS"	"-"	4202038	4202052	"SL1344_3927"	"tatA"	"+"	"SL1344_3927"	"tatA"	4202049	4202304	"Origin"	100	91.3	100	78.57	12	23	41	14	94.2828571428571	94.5450909090909	"Constitutive"	"chromosome"	"intragenic"
"ST4-74.fa"	4202048	4202049	"ST4-74.fa_4202048_-"	"intergenic"	"-"	4202038	4202052	"SL1344_3926"	"aarF"	"++"	"SL1344_3927"	"tatA"	4201844	4202049	"Origin"	100	91.3	100	78.57	12	23	41	14	94.2828571428571	94.5450909090909	"Constitutive"	"chromosome"	"intergenic"
"ST4-74.fa"	4203762	4203763	"ST4-74.fa_4203762_+"	"CDS"	"+"	4203761	4203775	"SL1344_3930"	"tatD"	"+"	"SL1344_3930"	"tatD"	4203667	4204462	"Origin"	100	66.67	84.44	66.67	9	21	45	3	76.669	83.329375	"Constitutive"	"chromosome"	"intragenic"
"ST4-74.fa"	4203771	4203772	"ST4-74.fa_4203771_-"	"CDS"	"-"	4203761	4203775	"SL1344_3930"	"tatD"	"+"	"SL1344_3930"	"tatD"	4203667	4204462	"Origin"	81.82	90	77.5	71.43	11	20	40	7	87.0974193548387	76.5959574468085	"Constitutive"	"chromosome"	"intragenic"
"ST4-74.fa"	4209486	4209487	"ST4-74.fa_4209486_+"	"CDS"	"+"	4209485	4209499	"SL1344_3934"	"STM3980"	"+"	"SL1344_3934"	"STM3980"	4207662	4209486	"Origin"	66.67	74.07	72.92	100	12	27	48	3	71.7930769230769	74.5129411764706	"Constitutive"	"chromosome"	"intragenic"
"ST4-74.fa"	4209486	4209487	"ST4-74.fa_4209486_+"	"sRNA"	"+"	4209485	4209499	"STnc790"	"no"	"-"	"STnc790"	"no"	4209484	4209680	"Origin"	66.67	74.07	72.92	100	12	27	48	3	71.7930769230769	74.5129411764706	"Constitutive"	"chromosome"	"intragenic"
"ST4-74.fa"	4209495	4209496	"ST4-74.fa_4209495_-"	"CDS"	"-"	4209485	4209499	"SL1344_3934"	"STM3980"	"+"	"SL1344_3934"	"STM3980"	4207662	4209486	"Origin"	84.62	100	83.64	83.33	13	17	55	6	93.3353333333333	83.6095081967213	"Constitutive"	"chromosome"	"intragenic"
"ST4-74.fa"	4209495	4209496	"ST4-74.fa_4209495_-"	"sRNA"	"-"	4209485	4209499	"STnc790"	"no"	"-"	"STnc790"	"no"	4209484	4209680	"Origin"	84.62	100	83.64	83.33	13	17	55	6	93.3353333333333	83.6095081967213	"Constitutive"	"chromosome"	"intragenic"
"ST4-74.fa"	423312	423313	"ST4-74.fa_423312_+"	"CDS"	"+"	423309	423323	"SL1344_0367"	"hemB"	"-"	"SL1344_0367"	"hemB"	423163	424138	"NSR"	80	60	84.62	90	5	10	78	10	66.6666666666667	85.2313636363636	"Constitutive"	"chromosome"	"intragenic"
"ST4-74.fa"	423321	423322	"ST4-74.fa_423321_-"	"CDS"	"-"	423309	423323	"SL1344_0367"	"hemB"	"-"	"SL1344_0367"	"hemB"	423163	424138	"NSR"	80	66.67	75.47	71.43	5	15	53	7	70.0025	74.9986666666667	"Constitutive"	"chromosome"	"intragenic"
"ST4-74.fa"	4265521	4265522	"ST4-74.fa_4265521_+"	"CDS"	"+"	4265518	4265532	"SL1344_3983"	"fdoH"	"-"	"SL1344_3983"	"fdoH"	4265281	4266184	"Origin"	100	86.96	95.52	100	7	23	67	7	90.0026666666667	95.9437837837838	"Constitutive"	"chromosome"	"intragenic"
"ST4-74.fa"	4265530	4265531	"ST4-74.fa_4265530_-"	"CDS"	"-"	4265518	4265532	"SL1344_3983"	"fdoH"	"-"	"SL1344_3983"	"fdoH"	4265281	4266184	"Origin"	100	100	84.91	60	7	10	53	5	100	82.7625862068965	"Constitutive"	"chromosome"	"intragenic"
"ST4-74.fa"	4275144	4275145	"ST4-74.fa_4275144_+"	"CDS"	"+"	4275143	4275157	"SL1344_3992"	"yiiL"	"-"	"SL1344_3992"	"yiiL"	4274934	4275249	"Origin"	69.23	47.37	50	66.67	13	19	36	3	56.250625	51.2823076923077	"Constitutive"	"chromosome"	"intragenic"
"ST4-74.fa"	4275153	4275154	"ST4-74.fa_4275153_-"	"CDS"	"-"	4275143	4275157	"SL1344_3992"	"yiiL"	"-"	"SL1344_3992"	"yiiL"	4274934	4275249	"Origin"	90	80.95	94.29	88.89	10	21	35	9	83.8693548387097	93.1854545454545	"Constitutive"	"chromosome"	"intragenic"
"ST4-74.fa"	4296351	4296352	"ST4-74.fa_4296351_+"	"CDS"	"+"	4296350	4296364	"SL1344_4013"	"cdh-a"	"+"	"SL1344_4013"	"cdh-a"	4296024	4296780	"Origin"	61.54	62.5	55.1	66.67	13	16	49	3	62.0696551724138	55.7675	"Constitutive"	"chromosome"	"intragenic"
"ST4-74.fa"	4296360	4296361	"ST4-74.fa_4296360_-"	"CDS"	"-"	4296350	4296364	"SL1344_4013"	"cdh-a"	"+"	"SL1344_4013"	"cdh-a"	4296024	4296780	"Origin"	100	85	89.06	100	10	20	64	13	90	90.907012987013	"Constitutive"	"chromosome"	"intragenic"
"ST4-74.fa"	431905	431906	"ST4-74.fa_431905_+"	"CDS"	"+"	431904	431918	"SL1344_0372"	"yaiW"	"+"	"SL1344_0372"	"yaiW"	431079	432174	"NSR"	100	94.12	93.33	88.89	11	17	75	9	96.43	92.8542857142857	"Constitutive"	"chromosome"	"intragenic"
"ST4-74.fa"	431914	431915	"ST4-74.fa_431914_-"	"CDS"	"-"	431904	431918	"SL1344_0372"	"yaiW"	"+"	"SL1344_0372"	"yaiW"	431079	432174	"NSR"	100	100	95.24	80	6	12	63	10	100	93.1523287671233	"Constitutive"	"chromosome"	"intragenic"
"ST4-74.fa"	4343659	4343660	"ST4-74.fa_4343659_+"	"CDS"	"+"	4343656	4343670	"SL1344_4057"	"yijF"	"-"	"SL1344_4057"	"yijF"	4343259	4343883	"Origin"	85.71	68.18	76.74	66.67	7	22	43	9	72.4113793103448	74.9971153846154	"Constitutive"	"chromosome"	"intragenic"
"ST4-74.fa"	4343668	4343669	"ST4-74.fa_4343668_-"	"CDS"	"-"	4343656	4343670	"SL1344_4057"	"yijF"	"-"	"SL1344_4057"	"yijF"	4343259	4343883	"Origin"	66.67	84	94	100	6	25	50	11	80.6458064516129	95.0819672131148	"Constitutive"	"chromosome"	"intragenic"
"ST4-74.fa"	4345245	4345246	"ST4-74.fa_4345245_+"	"CDS"	"+"	4345242	4345256	"SL1344_4058"	"gldA"	"-"	"SL1344_4058"	"gldA"	4344141	4345245	"Origin"	100	92.31	84.31	90	9	26	51	10	94.2874285714286	85.2427868852459	"Constitutive"	"chromosome"	"intragenic"
"ST4-74.fa"	4345245	4345246	"ST4-74.fa_4345245_+"	"intergenic"	"+"	4345242	4345256	"SL1344_4058"	"gldA"	"--"	"SL1344_4059"	"talC"	4345245	4345256	"Origin"	100	92.31	84.31	90	9	26	51	10	94.2874285714286	85.2427868852459	"Constitutive"	"chromosome"	"intergenic"
"ST4-74.fa"	4345254	4345255	"ST4-74.fa_4345254_-"	"CDS"	"-"	4345242	4345256	"SL1344_4058"	"gldA"	"-"	"SL1344_4058"	"gldA"	4344141	4345245	"Origin"	66.67	85	70.73	88.89	6	20	41	9	80.77	73.9988	"Constitutive"	"chromosome"	"intragenic"
"ST4-74.fa"	4345254	4345255	"ST4-74.fa_4345254_-"	"intergenic"	"-"	4345242	4345256	"SL1344_4058"	"gldA"	"--"	"SL1344_4059"	"talC"	4345245	4345256	"Origin"	66.67	85	70.73	88.89	6	20	41	9	80.77	73.9988	"Constitutive"	"chromosome"	"intergenic"
"ST4-74.fa"	436726	436727	"ST4-74.fa_436726_+"	"CDS"	"+"	436725	436739	"SL1344_0378"	"yaiB"	"+"	"SL1344_0378"	"yaiB"	436584	436851	"NSR"	50	50	61.7	28.57	6	8	47	7	50	57.4053703703704	"Constitutive"	"chromosome"	"intragenic"
"ST4-74.fa"	436735	436736	"ST4-74.fa_436735_-"	"CDS"	"-"	436725	436739	"SL1344_0378"	"yaiB"	"+"	"SL1344_0378"	"yaiB"	436584	436851	"NSR"	100	100	93.75	100	8	15	64	8	100	94.4444444444444	"Constitutive"	"chromosome"	"intragenic"
"ST4-74.fa"	4410246	4410247	"ST4-74.fa_4410246_+"	"CDS"	"+"	4410245	4410259	"SL1344_4112"	"hydH"	"+"	"SL1344_4112"	"hydH"	4409767	4411165	"Origin"	71.43	73.33	73.17	66.67	7	15	41	6	72.7254545454546	72.3402127659574	"Constitutive"	"chromosome"	"intragenic"
"ST4-74.fa"	4410255	4410256	"ST4-74.fa_4410255_-"	"CDS"	"-"	4410245	4410259	"SL1344_4112"	"hydH"	"+"	"SL1344_4112"	"hydH"	4409767	4411165	"Origin"	100	78.57	95.56	100	4	14	45	11	83.3322222222222	96.4321428571428	"Constitutive"	"chromosome"	"intragenic"
"ST4-74.fa"	4433343	4433344	"ST4-74.fa_4433343_+"	"intergenic"	"+"	4433340	4433354	"SL1344_4123"	"metH"	"++"	"SL1344_4124"	"yjbB"	4433312	4433653	"Origin"	100	84.21	94	83.33	9	19	50	12	89.2853571428571	91.9348387096774	"Constitutive"	"chromosome"	"intergenic"
"ST4-74.fa"	4433352	4433353	"ST4-74.fa_4433352_-"	"intergenic"	"-"	4433340	4433354	"SL1344_4123"	"metH"	"++"	"SL1344_4124"	"yjbB"	4433312	4433653	"Origin"	76.92	80	81.08	100	13	15	37	7	78.57	84.09	"Constitutive"	"chromosome"	"intergenic"
"ST4-74.fa"	444283	444284	"ST4-74.fa_444283_+"	"CDS"	"+"	444282	444296	"SL1344_0388"	"yajF"	"+"	"SL1344_0388"	"yajF"	443451	444360	"NSR"	87.5	100	70.83	75	8	10	48	12	94.4444444444444	71.664	"Constitutive"	"chromosome"	"intragenic"
"ST4-74.fa"	444292	444293	"ST4-74.fa_444292_-"	"CDS"	"-"	444282	444296	"SL1344_0388"	"yajF"	"+"	"SL1344_0388"	"yajF"	443451	444360	"NSR"	90	100	96.43	100	10	12	56	12	95.4545454545455	97.06	"Constitutive"	"chromosome"	"intragenic"
"ST4-74.fa"	445273	445274	"ST4-74.fa_445273_+"	"CDS"	"+"	445272	445286	"SL1344_0389"	"araJ"	"-"	"SL1344_0389"	"araJ"	444381	445554	"NSR"	100	86.67	92.75	72.73	8	15	69	11	91.3065217391304	89.99725	"Constitutive"	"chromosome"	"intragenic"
"ST4-74.fa"	445282	445283	"ST4-74.fa_445282_-"	"CDS"	"-"	445272	445286	"SL1344_0389"	"araJ"	"-"	"SL1344_0389"	"araJ"	444381	445554	"NSR"	80	91.67	94.44	100	10	12	54	11	86.3654545454545	95.3809230769231	"Constitutive"	"chromosome"	"intragenic"
"ST4-74.fa"	4483465	4483466	"ST4-74.fa_4483465_+"	"CDS"	"+"	4483464	4483478	"SL1344_4177"	"zur"	"-"	"SL1344_4177"	"zur"	4483092	4483608	"Origin"	62.5	90	83.61	77.78	8	10	61	9	77.7777777777778	82.8604285714286	"Constitutive"	"chromosome"	"intragenic"
"ST4-74.fa"	4483474	4483475	"ST4-74.fa_4483474_-"	"CDS"	"-"	4483464	4483478	"SL1344_4177"	"zur"	"-"	"SL1344_4177"	"zur"	4483092	4483608	"Origin"	100	95	95.45	92.31	9	20	66	13	96.551724137931	94.9332911392405	"Constitutive"	"chromosome"	"intragenic"
"ST4-74.fa"	4488696	4488697	"ST4-74.fa_4488696_+"	"CDS"	"+"	4488693	4488707	"SL1344_4182"	"dnaB"	"+"	"SL1344_4182"	"dnaB"	4487883	4489299	"Origin"	100	100	92.31	100	11	19	65	10	100	93.3353333333333	"Constitutive"	"chromosome"	"intragenic"
"ST4-74.fa"	4488705	4488706	"ST4-74.fa_4488705_-"	"CDS"	"-"	4488693	4488707	"SL1344_4182"	"dnaB"	"+"	"SL1344_4182"	"dnaB"	4487883	4489299	"Origin"	100	81.82	87.1	100	12	11	62	7	91.3052173913044	88.4086956521739	"Constitutive"	"chromosome"	"intragenic"
"ST4-74.fa"	4492949	4492950	"ST4-74.fa_4492949_+"	"CDS"	"+"	4492946	4492960	"SL1344_4186"	"yjbQ"	"+"	"SL1344_4186"	"yjbQ"	4492817	4493234	"Origin"	90	90.48	80.77	84.62	10	21	52	13	90.3251612903226	81.54	"Constitutive"	"chromosome"	"intragenic"
"ST4-74.fa"	4492958	4492959	"ST4-74.fa_4492958_-"	"CDS"	"-"	4492946	4492960	"SL1344_4186"	"yjbQ"	"+"	"SL1344_4186"	"yjbQ"	4492817	4493234	"Origin"	90.91	87.5	96.67	77.78	11	16	60	9	88.8892592592593	94.2060869565217	"Constitutive"	"chromosome"	"intragenic"
"ST4-74.fa"	4499990	4499991	"ST4-74.fa_4499990_+"	"CDS"	"+"	4499987	4500001	"SL1344_4194"	"siiB"	"+"	"SL1344_4194"	"siiB"	4499778	4501167	"Origin"	93.33	96.43	90.57	85.71	15	28	53	7	95.3486046511628	90.003	"Constitutive"	"chromosome"	"intragenic"
"ST4-74.fa"	4499999	4500000	"ST4-74.fa_4499999_-"	"CDS"	"-"	4499987	4500001	"SL1344_4194"	"siiB"	"+"	"SL1344_4194"	"siiB"	4499778	4501167	"Origin"	42.86	25	46.3	50	7	24	54	14	29.0329032258065	47.0617647058824	"LSP-specific"	"chromosome"	"intragenic"
"ST4-74.fa"	4512474	4512475	"ST4-74.fa_4512474_+"	"CDS"	"+"	4512473	4512487	"SL1344_4197"	"siiE"	"+"	"SL1344_4197"	"siiE"	4503766	4520446	"NSR"	85.71	95	100	100	14	20	44	10	91.1747058823529	100	"Constitutive"	"chromosome"	"intragenic"
"ST4-74.fa"	4512483	4512484	"ST4-74.fa_4512483_-"	"CDS"	"-"	4512473	4512487	"SL1344_4197"	"siiE"	"+"	"SL1344_4197"	"siiE"	4503766	4520446	"NSR"	100	100	92.06	100	12	18	63	10	100	93.1476712328767	"Constitutive"	"chromosome"	"intragenic"
"ST4-74.fa"	4521898	4521899	"ST4-74.fa_4521898_+"	"CDS"	"+"	4521897	4521911	"SL1344_4198"	"siiF"	"+"	"SL1344_4198"	"siiF"	4520485	4522552	"NSR"	66.67	64.71	71.43	66.67	9	17	56	9	65.3884615384615	70.7709230769231	"Constitutive"	"chromosome"	"intragenic"
"ST4-74.fa"	4521907	4521908	"ST4-74.fa_4521907_-"	"CDS"	"-"	4521897	4521911	"SL1344_4198"	"siiF"	"+"	"SL1344_4198"	"siiF"	4520485	4522552	"NSR"	80	94.74	94.12	100	10	19	51	6	89.6572413793103	94.7389473684211	"Constitutive"	"chromosome"	"intragenic"
"ST4-74.fa"	4525586	4525587	"ST4-74.fa_4525586_+"	"CDS"	"+"	4525583	4525597	"SL1344_4201"	"soxS"	"-"	"SL1344_4201"	"soxS"	4525262	4525586	"NSR"	90.91	83.33	88.14	100	11	18	59	7	86.2051724137931	89.3978787878788	"Constitutive"	"chromosome"	"intragenic"
"ST4-74.fa"	4525586	4525587	"ST4-74.fa_4525586_+"	"intergenic"	"+"	4525583	4525597	"SL1344_4201"	"soxS"	"-+"	"SL1344_4202"	"soxR"	4525586	4525672	"NSR"	90.91	83.33	88.14	100	11	18	59	7	86.2051724137931	89.3978787878788	"Constitutive"	"chromosome"	"intergenic"
"ST4-74.fa"	4525595	4525596	"ST4-74.fa_4525595_-"	"CDS"	"-"	4525583	4525597	"SL1344_4201"	"soxS"	"-"	"SL1344_4201"	"soxS"	4525262	4525586	"NSR"	100	100	92.86	88.89	10	16	56	9	100	92.3103076923077	"Constitutive"	"chromosome"	"intragenic"
"ST4-74.fa"	4525595	4525596	"ST4-74.fa_4525595_-"	"intergenic"	"-"	4525583	4525597	"SL1344_4201"	"soxS"	"-+"	"SL1344_4202"	"soxR"	4525586	4525672	"NSR"	100	100	92.86	88.89	10	16	56	9	100	92.3103076923077	"Constitutive"	"chromosome"	"intergenic"
"ST4-74.fa"	4529651	4529652	"ST4-74.fa_4529651_+"	"CDS"	"+"	4529648	4529662	"SL1344_4205"	"yjcE"	"+"	"SL1344_4205"	"yjcE"	4528937	4530584	"NSR"	100	84.62	86.54	100	9	13	52	8	90.9118181818182	88.3346666666667	"Constitutive"	"chromosome"	"intragenic"
"ST4-74.fa"	4529660	4529661	"ST4-74.fa_4529660_-"	"CDS"	"-"	4529648	4529662	"SL1344_4205"	"yjcE"	"+"	"SL1344_4205"	"yjcE"	4528937	4530584	"NSR"	16.67	22.22	22	25	6	18	50	4	20.8325	22.2222222222222	"UM"	"chromosome"	"intragenic"
"ST4-74.fa"	4581579	4581580	"ST4-74.fa_4581579_+"	"CDS"	"+"	4581576	4581590	"SL1344_4251"	"rtsA"	"-"	"SL1344_4251"	"rtsA"	4581462	4582338	"NSR"	88.89	96	91.94	77.78	9	25	62	9	94.1179411764706	90.1450704225352	"Constitutive"	"chromosome"	"intragenic"
"ST4-74.fa"	4581588	4581589	"ST4-74.fa_4581588_-"	"CDS"	"-"	4581576	4581590	"SL1344_4251"	"rtsA"	"-"	"SL1344_4251"	"rtsA"	4581462	4582338	"NSR"	100	91.3	97.78	100	9	23	45	7	93.746875	98.0788461538462	"Constitutive"	"chromosome"	"intragenic"
"ST4-74.fa"	4624833	4624834	"ST4-74.fa_4624833_+"	"CDS"	"+"	4624832	4624846	"SL1344_4294"	"miaA"	"+"	"SL1344_4294"	"miaA"	4624123	4625074	"NSR"	100	100	93.33	83.33	5	9	45	6	100	92.1535294117647	"Constitutive"	"chromosome"	"intragenic"
"ST4-74.fa"	4624842	4624843	"ST4-74.fa_4624842_-"	"CDS"	"-"	4624832	4624846	"SL1344_4294"	"miaA"	"+"	"SL1344_4294"	"miaA"	4624123	4625074	"NSR"	90	87.5	80.77	83.33	10	16	52	12	88.4615384615385	81.25	"Constitutive"	"chromosome"	"intragenic"
"ST4-74.fa"	462791	462792	"ST4-74.fa_462791_+"	"CDS"	"+"	462788	462802	"SL1344_0402"	"secD"	"+"	"SL1344_0402"	"secD"	461816	463664	"Right"	100	66.67	73.02	84.62	3	6	63	13	77.78	75.0042105263158	"Constitutive"	"chromosome"	"intragenic"
"ST4-74.fa"	462800	462801	"ST4-74.fa_462800_-"	"CDS"	"-"	462788	462802	"SL1344_0402"	"secD"	"+"	"SL1344_0402"	"secD"	461816	463664	"Right"	87.5	75	83.33	87.5	8	8	42	8	81.25	83.9972	"Constitutive"	"chromosome"	"intragenic"
"ST4-74.fa"	4635026	4635027	"ST4-74.fa_4635026_+"	"CDS"	"+"	4635025	4635039	"SL1344_4303"	"yjfI"	"+"	"SL1344_4303"	"yjfI"	4635036	4635441	"NSR"	83.33	61.54	82.98	75	6	13	47	8	68.4210526315789	81.8192727272727	"Constitutive"	"chromosome"	"intragenic"
"ST4-74.fa"	4635026	4635027	"ST4-74.fa_4635026_+"	"intergenic"	"+"	4635025	4635039	"SL1344_4302"	"yjfH"	"++"	"SL1344_4303"	"yjfI"	4634905	4635036	"NSR"	83.33	61.54	82.98	75	6	13	47	8	68.4210526315789	81.8192727272727	"Constitutive"	"chromosome"	"intergenic"
"ST4-74.fa"	4635035	4635036	"ST4-74.fa_4635035_-"	"CDS"	"-"	4635025	4635039	"SL1344_4303"	"yjfI"	"+"	"SL1344_4303"	"yjfI"	4635036	4635441	"NSR"	100	100	96.36	100	7	19	55	12	100	97.0119402985075	"Constitutive"	"chromosome"	"intragenic"
"ST4-74.fa"	4635035	4635036	"ST4-74.fa_4635035_-"	"intergenic"	"-"	4635025	4635039	"SL1344_4302"	"yjfH"	"++"	"SL1344_4303"	"yjfI"	4634905	4635036	"NSR"	100	100	96.36	100	7	19	55	12	100	97.0119402985075	"Constitutive"	"chromosome"	"intergenic"
"ST4-74.fa"	467204	467205	"ST4-74.fa_467204_+"	"CDS"	"+"	467203	467217	"SL1344_0407"	"tsx"	"-"	"SL1344_0407"	"tsx"	467022	467886	"Right"	87.5	84.62	91.23	92.31	8	13	57	13	85.7171428571429	91.4305714285714	"Constitutive"	"chromosome"	"intragenic"
"ST4-74.fa"	467213	467214	"ST4-74.fa_467213_-"	"CDS"	"-"	467203	467217	"SL1344_0407"	"tsx"	"-"	"SL1344_0407"	"tsx"	467022	467886	"Right"	71.43	100	93.33	88.89	7	7	45	9	85.715	92.59	"Constitutive"	"chromosome"	"intragenic"
"ST4-74.fa"	4675501	4675502	"ST4-74.fa_4675501_+"	"CDS"	"+"	4675498	4675512	"SL1344_4347"	"ppa"	"-"	"SL1344_4347"	"ppa"	4675322	4675853	"NSR"	75	89.29	86.05	90.91	12	28	43	11	85.003	87.04	"Constitutive"	"chromosome"	"intragenic"
"ST4-74.fa"	4675510	4675511	"ST4-74.fa_4675510_-"	"CDS"	"-"	4675498	4675512	"SL1344_4347"	"ppa"	"-"	"SL1344_4347"	"ppa"	4675322	4675853	"NSR"	50	50	68.09	42.86	6	14	47	7	50	64.8194444444444	"Constitutive"	"chromosome"	"intragenic"
"ST4-74.fa"	467738	467739	"ST4-74.fa_467738_+"	"CDS"	"+"	467737	467751	"SL1344_0407"	"tsx"	"-"	"SL1344_0407"	"tsx"	467022	467886	"Right"	100	93.33	94.92	100	6	15	59	11	95.2357142857143	95.7182857142857	"Constitutive"	"chromosome"	"intragenic"
"ST4-74.fa"	467747	467748	"ST4-74.fa_467747_-"	"CDS"	"-"	467737	467751	"SL1344_0407"	"tsx"	"-"	"SL1344_0407"	"tsx"	467022	467886	"Right"	100	88.89	90.91	90.91	13	9	44	11	95.455	90.91	"Constitutive"	"chromosome"	"intragenic"
"ST4-74.fa"	4678463	4678464	"ST4-74.fa_4678463_+"	"CDS"	"+"	4678460	4678474	"SL1344_4349"	"mpl"	"+"	"SL1344_4349"	"mpl"	4677252	4678632	"NSR"	100	100	98.18	100	10	18	55	15	100	98.57	"Constitutive"	"chromosome"	"intragenic"
"ST4-74.fa"	4678472	4678473	"ST4-74.fa_4678472_-"	"CDS"	"-"	4678460	4678474	"SL1344_4349"	"mpl"	"+"	"SL1344_4349"	"mpl"	4677252	4678632	"NSR"	87.5	79.17	79.55	81.82	8	24	44	11	81.2525	80.004	"Constitutive"	"chromosome"	"intragenic"
"ST4-74.fa"	4681014	4681015	"ST4-74.fa_4681014_+"	"CDS"	"+"	4681011	4681025	"SL1344_4351"	"iolT1"	"-"	"SL1344_4351"	"iolT1"	4680006	4681377	"NSR"	90	94.12	91.8	100	10	17	61	12	92.5940740740741	93.1479452054795	"Constitutive"	"chromosome"	"intragenic"
"ST4-74.fa"	4681023	4681024	"ST4-74.fa_4681023_-"	"CDS"	"-"	4681011	4681025	"SL1344_4351"	"iolT1"	"-"	"SL1344_4351"	"iolT1"	4680006	4681377	"NSR"	88.89	90.48	100	75	9	21	53	12	90.003	95.3846153846154	"Constitutive"	"chromosome"	"intragenic"
"ST4-74.fa"	4684147	4684148	"ST4-74.fa_4684147_+"	"CDS"	"+"	4684144	4684158	"SL1344_4353"	"iolB"	"-"	"SL1344_4353"	"iolB"	4683687	4684497	"NSR"	80	83.33	75.68	100	10	12	37	5	81.8163636363636	78.5752380952381	"Constitutive"	"chromosome"	"intragenic"
"ST4-74.fa"	4684156	4684157	"ST4-74.fa_4684156_-"	"CDS"	"-"	4684144	4684158	"SL1344_4353"	"iolB"	"-"	"SL1344_4353"	"iolB"	4683687	4684497	"NSR"	100	75	83.78	71.43	10	12	37	7	86.3636363636364	81.8152272727273	"Constitutive"	"chromosome"	"intragenic"
"ST4-74.fa"	4684180	4684181	"ST4-74.fa_4684180_+"	"CDS"	"+"	4684177	4684191	"SL1344_4353"	"iolB"	"-"	"SL1344_4353"	"iolB"	4683687	4684497	"NSR"	90.91	100	94.23	88.89	11	13	52	9	95.83375	93.442131147541	"Constitutive"	"chromosome"	"intragenic"
"ST4-74.fa"	4684189	4684190	"ST4-74.fa_4684189_-"	"CDS"	"-"	4684177	4684191	"SL1344_4353"	"iolB"	"-"	"SL1344_4353"	"iolB"	4683687	4684497	"NSR"	20	56.25	45.65	70	10	16	46	10	42.3076923076923	49.9982142857143	"Constitutive"	"chromosome"	"intragenic"
"ST4-74.fa"	4687555	4687556	"ST4-74.fa_4687555_+"	"CDS"	"+"	4687554	4687568	"SL1344_4356"	"iolE"	"+"	"SL1344_4356"	"iolE"	4687565	4688471	"NSR"	100	84.21	77.55	71.43	8	19	49	7	88.8885185185185	76.785	"Constitutive"	"chromosome"	"intragenic"
"ST4-74.fa"	4687555	4687556	"ST4-74.fa_4687555_+"	"intergenic"	"+"	4687554	4687568	"SL1344_4355"	"STM4423"	"++"	"SL1344_4356"	"iolE"	4687291	4687565	"NSR"	100	84.21	77.55	71.43	8	19	49	7	88.8885185185185	76.785	"Constitutive"	"chromosome"	"intergenic"
"ST4-74.fa"	4687564	4687565	"ST4-74.fa_4687564_-"	"CDS"	"-"	4687554	4687568	"SL1344_4356"	"iolE"	"+"	"SL1344_4356"	"iolE"	4687565	4688471	"NSR"	100	95.65	100	90	11	23	56	10	97.0573529411765	98.4848484848485	"Constitutive"	"chromosome"	"intragenic"
"ST4-74.fa"	4687564	4687565	"ST4-74.fa_4687564_-"	"intergenic"	"-"	4687554	4687568	"SL1344_4355"	"STM4423"	"++"	"SL1344_4356"	"iolE"	4687291	4687565	"NSR"	100	95.65	100	90	11	23	56	10	97.0573529411765	98.4848484848485	"Constitutive"	"chromosome"	"intergenic"
"ST4-74.fa"	4747696	4747697	"ST4-74.fa_4747696_+"	"intergenic"	"+"	4747693	4747707	"SL1344_4412"	"idnT"	"--"	"SL1344_4413"	"idnO"	4747597	4747757	"NSR"	83.33	88.24	95.16	100	6	17	62	9	86.9591304347826	95.7735211267606	"Constitutive"	"chromosome"	"intergenic"
"ST4-74.fa"	4747705	4747706	"ST4-74.fa_4747705_-"	"intergenic"	"-"	4747693	4747707	"SL1344_4412"	"idnT"	"--"	"SL1344_4413"	"idnO"	4747597	4747757	"NSR"	66.67	63.16	45.83	75	6	19	48	8	64.0024	49.9971428571429	"Constitutive"	"chromosome"	"intergenic"
"ST4-74.fa"	4752972	4752973	"ST4-74.fa_4752972_+"	"CDS"	"+"	4752969	4752983	"SL1344_4418"	"STM4489"	"+"	"SL1344_4418"	"STM4489"	4752546	4756062	"NSR"	100	84.62	86.54	100	8	13	52	5	90.4790476190476	87.720701754386	"Constitutive"	"chromosome"	"intragenic"
"ST4-74.fa"	4752981	4752982	"ST4-74.fa_4752981_-"	"CDS"	"-"	4752969	4752983	"SL1344_4418"	"STM4489"	"+"	"SL1344_4418"	"STM4489"	4752546	4756062	"NSR"	77.78	86.67	80.36	60	9	15	56	5	83.33625	78.6911475409836	"Constitutive"	"chromosome"	"intragenic"
"ST4-74.fa"	4799200	4799201	"ST4-74.fa_4799200_+"	"CDS"	"+"	4799197	4799211	"SL1344_4455"	"hsdS"	"-"	"SL1344_4455"	"hsdS"	4798189	4799599	"NSR"	75	72	87.23	100	4	25	47	7	72.4137931034483	88.8853703703704	"Constitutive"	"chromosome"	"intragenic"
"ST4-74.fa"	4799209	4799210	"ST4-74.fa_4799209_-"	"CDS"	"-"	4799197	4799211	"SL1344_4455"	"hsdS"	"-"	"SL1344_4455"	"hsdS"	4798189	4799599	"NSR"	100	100	86	86.67	6	14	50	15	100	86.1546153846154	"Constitutive"	"chromosome"	"intragenic"
"ST4-74.fa"	4861331	4861332	"ST4-74.fa_4861331_+"	"CDS"	"+"	4861328	4861342	"SL1344_4509"	"slt"	"+"	"SL1344_4509"	"slt"	4859579	4861553	"NSR"	100	88.24	89.8	90	5	17	49	10	90.9127272727273	89.8338983050847	"Constitutive"	"chromosome"	"intragenic"
"ST4-74.fa"	4861340	4861341	"ST4-74.fa_4861340_-"	"CDS"	"-"	4861328	4861342	"SL1344_4509"	"slt"	"+"	"SL1344_4509"	"slt"	4859579	4861553	"NSR"	92.86	100	85.45	100	14	23	55	13	97.2983783783784	88.2316176470588	"Constitutive"	"chromosome"	"intragenic"
"ST4-74.fa"	4870139	4870140	"ST4-74.fa_4870139_+"	"CDS"	"+"	4870138	4870152	"SL1344_4520"	"sthB"	"-"	"SL1344_4520"	"sthB"	4870092	4872630	"NSR"	85.71	95.24	89.74	62.5	7	21	39	8	92.8575	85.1034042553191	"Constitutive"	"chromosome"	"intragenic"
"ST4-74.fa"	4870148	4870149	"ST4-74.fa_4870148_-"	"CDS"	"-"	4870138	4870152	"SL1344_4520"	"sthB"	"-"	"SL1344_4520"	"sthB"	4870092	4872630	"NSR"	66.67	88.89	98.11	100	9	18	53	4	81.4833333333333	98.2426315789474	"Constitutive"	"chromosome"	"intragenic"
"ST4-74.fa"	489375	489376	"ST4-74.fa_489375_+"	"intergenic"	"+"	489372	489386	"SL1344_0430"	"yajR"	"--"	"SL1344_0430A"	"SL1344_0430A"	489205	489506	"Right"	87.5	78.57	83.72	100	8	14	43	8	81.8172727272727	86.2737254901961	"Constitutive"	"chromosome"	"intergenic"
"ST4-74.fa"	489384	489385	"ST4-74.fa_489384_-"	"intergenic"	"-"	489372	489386	"SL1344_0430"	"yajR"	"--"	"SL1344_0430A"	"SL1344_0430A"	489205	489506	"Right"	100	66.67	83.78	85.71	3	9	37	7	75.0025	84.0870454545454	"Constitutive"	"chromosome"	"intergenic"
"ST4-74.fa"	493730	493731	"ST4-74.fa_493730_+"	"CDS"	"+"	493727	493741	"SL1344_0433"	"cyoE"	"-"	"SL1344_0433"	"cyoE"	492839	493730	"Right"	100	94.12	92	77.78	6	17	50	9	95.6539130434783	89.8308474576271	"Constitutive"	"chromosome"	"intragenic"
"ST4-74.fa"	493730	493731	"ST4-74.fa_493730_+"	"intergenic"	"+"	493727	493741	"SL1344_0433"	"cyoE"	"--"	"SL1344_0434"	"cyoD"	493730	493741	"Right"	100	94.12	92	77.78	6	17	50	9	95.6539130434783	89.8308474576271	"Constitutive"	"chromosome"	"intergenic"
"ST4-74.fa"	493739	493740	"ST4-74.fa_493739_-"	"CDS"	"-"	493727	493741	"SL1344_0433"	"cyoE"	"-"	"SL1344_0433"	"cyoE"	492839	493730	"Right"	80	83.33	83.61	63.64	5	12	61	11	82.3505882352941	80.5590277777778	"Constitutive"	"chromosome"	"intragenic"
"ST4-74.fa"	493739	493740	"ST4-74.fa_493739_-"	"intergenic"	"-"	493727	493741	"SL1344_0433"	"cyoE"	"--"	"SL1344_0434"	"cyoD"	493730	493741	"Right"	80	83.33	83.61	63.64	5	12	61	11	82.3505882352941	80.5590277777778	"Constitutive"	"chromosome"	"intergenic"
"ST4-74.fa"	510164	510165	"ST4-74.fa_510164_+"	"CDS"	"+"	510163	510177	"SL1344_0447"	"comE1"	"+"	"SL1344_0447"	"comE1"	510174	510549	"Right"	57.14	75	68	83.33	7	8	50	6	66.6653333333333	69.6425	"Constitutive"	"chromosome"	"intragenic"
"ST4-74.fa"	510164	510165	"ST4-74.fa_510164_+"	"intergenic"	"+"	510163	510177	"SL1344_0446"	"cypD"	"++"	"SL1344_0447"	"comE1"	510025	510174	"Right"	57.14	75	68	83.33	7	8	50	6	66.6653333333333	69.6425	"Constitutive"	"chromosome"	"intergenic"
"ST4-74.fa"	510173	510174	"ST4-74.fa_510173_-"	"CDS"	"-"	510163	510177	"SL1344_0447"	"comE1"	"+"	"SL1344_0447"	"comE1"	510174	510549	"Right"	100	91.67	95.35	100	6	12	43	7	94.4466666666667	96.001	"Constitutive"	"chromosome"	"intragenic"
"ST4-74.fa"	510173	510174	"ST4-74.fa_510173_-"	"intergenic"	"-"	510163	510177	"SL1344_0446"	"cypD"	"++"	"SL1344_0447"	"comE1"	510025	510174	"Right"	100	91.67	95.35	100	6	12	43	7	94.4466666666667	96.001	"Constitutive"	"chromosome"	"intergenic"
"ST4-74.fa"	533100	533101	"ST4-74.fa_533100_+"	"CDS"	"+"	533097	533111	"SL1344_0469"	"acrA"	"-"	"SL1344_0469"	"acrA"	531906	533100	"Right"	100	86.67	97.22	100	6	15	72	4	90.4785714285714	97.3663157894737	"Constitutive"	"chromosome"	"intragenic"
"ST4-74.fa"	533100	533101	"ST4-74.fa_533100_+"	"intergenic"	"+"	533097	533111	"SL1344_0469"	"acrA"	"-+"	"SL1344_0470"	"acrR"	533100	533241	"Right"	100	86.67	97.22	100	6	15	72	4	90.4785714285714	97.3663157894737	"Constitutive"	"chromosome"	"intergenic"
"ST4-74.fa"	533109	533110	"ST4-74.fa_533109_-"	"CDS"	"-"	533097	533111	"SL1344_0469"	"acrA"	"-"	"SL1344_0469"	"acrA"	531906	533100	"Right"	85.71	84.62	71.43	81.82	7	13	49	11	85.0015	73.3348333333333	"Constitutive"	"chromosome"	"intragenic"
"ST4-74.fa"	533109	533110	"ST4-74.fa_533109_-"	"intergenic"	"-"	533097	533111	"SL1344_0469"	"acrA"	"-+"	"SL1344_0470"	"acrR"	533100	533241	"Right"	85.71	84.62	71.43	81.82	7	13	49	11	85.0015	73.3348333333333	"Constitutive"	"chromosome"	"intergenic"
"ST4-74.fa"	54049	54050	"ST4-74.fa_54049_+"	"CDS"	"+"	54046	54060	"SL1344_0047"	"ileS"	"+"	"SL1344_0047"	"ileS"	53854	56689	"NSR"	75	81.82	74.47	85.71	8	11	47	7	78.9484210526316	75.927037037037	"Constitutive"	"chromosome"	"intragenic"
"ST4-74.fa"	54058	54059	"ST4-74.fa_54058_-"	"CDS"	"-"	54046	54060	"SL1344_0047"	"ileS"	"+"	"SL1344_0047"	"ileS"	53854	56689	"NSR"	54.55	36.36	65.57	44.44	11	11	61	9	45.455	62.8532857142857	"Constitutive"	"chromosome"	"intragenic"
"ST4-74.fa"	592891	592892	"ST4-74.fa_592891_+"	"CDS"	"+"	592888	592902	"SL1344_0523"	"ylbE"	"+"	"SL1344_0523"	"ylbE"	592521	593781	"Right"	83.33	100	95.83	75	6	9	48	4	93.332	94.2276923076923	"Constitutive"	"chromosome"	"intragenic"
"ST4-74.fa"	592900	592901	"ST4-74.fa_592900_-"	"CDS"	"-"	592888	592902	"SL1344_0523"	"ylbE"	"+"	"SL1344_0523"	"ylbE"	592521	593781	"Right"	87.5	50	70.83	50	8	8	48	6	68.75	68.5155555555556	"Constitutive"	"chromosome"	"intragenic"
"ST4-74.fa"	610524	610525	"ST4-74.fa_610524_+"	"intergenic"	"+"	610523	610537	"SL1344_0542"	"fimZ"	"--"	"SL1344_0543"	"fimY"	610376	610979	"Right"	81.82	83.33	90	88.89	11	12	50	9	82.6078260869565	89.8306779661017	"Constitutive"	"chromosome"	"intergenic"
"ST4-74.fa"	610533	610534	"ST4-74.fa_610533_-"	"intergenic"	"-"	610523	610537	"SL1344_0542"	"fimZ"	"--"	"SL1344_0543"	"fimY"	610376	610979	"Right"	66.67	87.5	83.58	80	6	16	67	5	81.8190909090909	83.3313888888889	"Constitutive"	"chromosome"	"intergenic"
"ST4-74.fa"	633443	633444	"ST4-74.fa_633443_+"	"CDS"	"+"	633442	633456	"SL1344_0561"	"STM0573"	"-"	"SL1344_0561"	"STM0573"	632727	633771	"Right"	66.67	66.67	72.58	66.67	6	9	62	18	66.67	71.25025	"Constitutive"	"chromosome"	"intragenic"
"ST4-74.fa"	633452	633453	"ST4-74.fa_633452_-"	"CDS"	"-"	633442	633456	"SL1344_0561"	"STM0573"	"-"	"SL1344_0561"	"STM0573"	632727	633771	"Right"	100	91.67	93.44	91.67	7	12	61	12	94.7389473684211	93.1490410958904	"Constitutive"	"chromosome"	"intragenic"
"ST4-74.fa"	642280	642281	"ST4-74.fa_642280_+"	"CDS"	"+"	642279	642293	"SL1344_0573"	"fepA"	"-"	"SL1344_0573"	"fepA"	641045	643301	"Right"	100	75	95.92	77.78	4	12	49	9	81.25	93.1051724137931	"Constitutive"	"chromosome"	"intragenic"
"ST4-74.fa"	642289	642290	"ST4-74.fa_642289_-"	"CDS"	"-"	642279	642293	"SL1344_0573"	"fepA"	"-"	"SL1344_0573"	"fepA"	641045	643301	"Right"	100	57.14	93.33	75	2	7	45	12	66.6644444444444	89.471052631579	"Constitutive"	"chromosome"	"intragenic"
"ST4-74.fa"	677288	677289	"ST4-74.fa_677288_+"	"CDS"	"+"	677285	677299	"SL1344_0602"	"ybdQ"	"-"	"SL1344_0602"	"ybdQ"	676859	677288	"Right"	81.82	75	95.92	94.44	11	12	49	18	78.2617391304348	95.5223880597015	"Constitutive"	"chromosome"	"intragenic"
"ST4-74.fa"	677288	677289	"ST4-74.fa_677288_+"	"intergenic"	"+"	677285	677299	"SL1344_0602"	"ybdQ"	"-+"	"SL1344_0603"	"ybdR"	677288	677510	"Right"	81.82	75	95.92	94.44	11	12	49	18	78.2617391304348	95.5223880597015	"Constitutive"	"chromosome"	"intergenic"
"ST4-74.fa"	677297	677298	"ST4-74.fa_677297_-"	"CDS"	"-"	677285	677299	"SL1344_0602"	"ybdQ"	"-"	"SL1344_0602"	"ybdQ"	676859	677288	"Right"	71.43	90.91	91.07	81.25	7	11	56	16	83.3344444444444	88.8877777777778	"Constitutive"	"chromosome"	"intragenic"
"ST4-74.fa"	677297	677298	"ST4-74.fa_677297_-"	"intergenic"	"-"	677285	677299	"SL1344_0602"	"ybdQ"	"-+"	"SL1344_0603"	"ybdR"	677288	677510	"Right"	71.43	90.91	91.07	81.25	7	11	56	16	83.3344444444444	88.8877777777778	"Constitutive"	"chromosome"	"intergenic"
"ST4-74.fa"	744643	744644	"ST4-74.fa_744643_+"	"intergenic"	"+"	744640	744654	"SL1344_0666"	"nagB"	"-+"	"SL1344_0667"	"nagE"	744342	744668	"Right"	83.33	92.86	86.67	85.71	6	14	45	7	90.001	86.5407692307692	"Constitutive"	"chromosome"	"intergenic"
"ST4-74.fa"	744652	744653	"ST4-74.fa_744652_-"	"intergenic"	"-"	744640	744654	"SL1344_0666"	"nagB"	"-+"	"SL1344_0667"	"nagE"	744342	744668	"Right"	25	22.22	28.21	25	4	9	39	4	23.0753846153846	27.9113953488372	"UM"	"chromosome"	"intergenic"
"ST4-74.fa"	760002	760003	"ST4-74.fa_760002_+"	"CDS"	"+"	759999	760013	"SL1344_0680"	"pgm"	"+"	"SL1344_0680"	"pgm"	759168	760809	"Right"	100	86.67	97.01	100	6	15	67	12	90.4785714285714	97.4641772151899	"Constitutive"	"chromosome"	"intragenic"
"ST4-74.fa"	760011	760012	"ST4-74.fa_760011_-"	"CDS"	"-"	759999	760013	"SL1344_0680"	"pgm"	"+"	"SL1344_0680"	"pgm"	759168	760809	"Right"	83.33	80	90.77	100	6	15	65	11	80.9514285714286	92.1059210526316	"Constitutive"	"chromosome"	"intragenic"
"ST4-74.fa"	763460	763461	"ST4-74.fa_763460_+"	"CDS"	"+"	763457	763471	"SL1344_0683"	"speF"	"-"	"SL1344_0683"	"speF"	762789	764988	"Right"	100	76.92	92.45	100	8	13	53	14	85.712380952381	94.0276119402985	"Constitutive"	"chromosome"	"intragenic"
"ST4-74.fa"	763469	763470	"ST4-74.fa_763469_-"	"CDS"	"-"	763457	763471	"SL1344_0683"	"speF"	"-"	"SL1344_0683"	"speF"	762789	764988	"Right"	80	85.71	92.31	100	5	14	65	14	84.2073684210526	93.6727848101266	"Constitutive"	"chromosome"	"intragenic"
"ST4-74.fa"	782762	782763	"ST4-74.fa_782762_+"	"CDS"	"+"	782761	782775	"SL1344_0699"	"STM0718"	"+"	"SL1344_0699"	"STM0718"	782401	783142	"Right"	80	85.71	85.11	90	5	7	47	10	83.3308333333333	85.9678947368421	"Constitutive"	"chromosome"	"intragenic"
"ST4-74.fa"	782771	782772	"ST4-74.fa_782771_-"	"CDS"	"-"	782761	782775	"SL1344_0699"	"STM0718"	"+"	"SL1344_0699"	"STM0718"	782401	783142	"Right"	66.67	100	94.83	87.5	6	14	58	8	90.001	93.9415151515152	"Constitutive"	"chromosome"	"intragenic"
"ST4-74.fa"	808109	808110	"ST4-74.fa_808109_+"	"intergenic"	"+"	808108	808122	"SL1344_ncRNA_14"	"no"	"++"	"SL1344_0722"	"cydA"	807429	808939	"Right"	66.67	42.86	42.86	63.64	6	14	56	11	50.003	46.2716417910448	"Constitutive"	"chromosome"	"intergenic"
"ST4-74.fa"	808118	808119	"ST4-74.fa_808118_-"	"intergenic"	"-"	808108	808122	"SL1344_ncRNA_14"	"no"	"++"	"SL1344_0722"	"cydA"	807429	808939	"Right"	85.71	90	90.77	91.67	7	10	65	12	88.2335294117647	90.9102597402597	"Constitutive"	"chromosome"	"intergenic"
"ST4-74.fa"	808829	808830	"ST4-74.fa_808829_+"	"intergenic"	"+"	808828	808842	"SL1344_ncRNA_14"	"no"	"++"	"SL1344_0722"	"cydA"	807429	808939	"Right"	66.67	90	82.69	100	3	10	52	8	84.6161538461538	84.998	"Constitutive"	"chromosome"	"intergenic"
"ST4-74.fa"	808838	808839	"ST4-74.fa_808838_-"	"intergenic"	"-"	808828	808842	"SL1344_ncRNA_14"	"no"	"++"	"SL1344_0722"	"cydA"	807429	808939	"Right"	83.33	100	82.69	71.43	6	5	52	7	90.9072727272727	81.3540677966102	"Constitutive"	"chromosome"	"intergenic"
"ST4-74.fa"	815032	815033	"ST4-74.fa_815032_+"	"CDS"	"+"	815031	815045	"SL1344_0729"	"tolA"	"+"	"SL1344_0729"	"tolA"	814027	815251	"Right"	100	90.91	94.2	100	3	11	69	13	92.8578571428571	95.119512195122	"Constitutive"	"chromosome"	"intragenic"
"ST4-74.fa"	815041	815042	"ST4-74.fa_815041_-"	"CDS"	"-"	815031	815045	"SL1344_0729"	"tolA"	"+"	"SL1344_0729"	"tolA"	814027	815251	"Right"	100	75	88.24	100	8	8	68	7	87.5	89.3376	"Constitutive"	"chromosome"	"intragenic"
"ST4-74.fa"	869336	869337	"ST4-74.fa_869336_+"	"CDS"	"+"	869335	869349	"SL1344_0777"	"ybhK"	"-"	"SL1344_0777"	"ybhK"	868587	869496	"Right"	80	80	93.44	88.89	5	10	61	9	80	92.855	"Constitutive"	"chromosome"	"intragenic"
"ST4-74.fa"	869345	869346	"ST4-74.fa_869345_-"	"CDS"	"-"	869335	869349	"SL1344_0777"	"ybhK"	"-"	"SL1344_0777"	"ybhK"	868587	869496	"Right"	80	57.14	63.64	66.67	5	7	55	9	66.665	64.06609375	"Constitutive"	"chromosome"	"intragenic"
"ST4-74.fa"	889357	889358	"ST4-74.fa_889357_+"	"CDS"	"+"	889356	889370	"SL1344_0798"	"ybiB"	"+"	"SL1344_0798"	"ybiB"	888586	889561	"Right"	100	88.89	95.77	100	5	9	71	3	92.8578571428571	95.9414864864865	"Constitutive"	"chromosome"	"intragenic"
"ST4-74.fa"	889366	889367	"ST4-74.fa_889366_-"	"CDS"	"-"	889356	889370	"SL1344_0798"	"ybiB"	"+"	"SL1344_0798"	"ybiB"	888586	889561	"Right"	77.78	100	96	100	9	8	50	11	88.2364705882353	96.7213114754098	"Constitutive"	"chromosome"	"intragenic"
"ST4-74.fa"	914069	914070	"ST4-74.fa_914069_+"	"intergenic"	"+"	914068	914082	"SL1344_0820"	"pflE"	"--"	"SL1344_0821"	"moeB"	913945	914222	"Right"	100	83.33	74.47	76.92	2	12	47	13	85.7114285714286	75.0008333333333	"Constitutive"	"chromosome"	"intergenic"
"ST4-74.fa"	914078	914079	"ST4-74.fa_914078_-"	"intergenic"	"-"	914068	914082	"SL1344_0820"	"pflE"	"--"	"SL1344_0821"	"moeB"	913945	914222	"Right"	100	100	96.88	84.62	1	9	64	13	100	94.8101298701299	"Constitutive"	"chromosome"	"intergenic"
"ST4-74.fa"	915081	915082	"ST4-74.fa_915081_+"	"CDS"	"+"	915080	915094	"SL1344_0822"	"moeA"	"-"	"SL1344_0822"	"moeA"	914971	916213	"Right"	100	91.67	92.59	100	2	12	54	9	92.86	93.6485714285714	"Constitutive"	"chromosome"	"intragenic"
"ST4-74.fa"	915090	915091	"ST4-74.fa_915090_-"	"CDS"	"-"	915080	915094	"SL1344_0822"	"moeA"	"-"	"SL1344_0822"	"moeA"	914971	916213	"Right"	NA	50	71.11	70	NA	8	45	10	50	70.9081818181818	"Constitutive"	"chromosome"	"intragenic"
"ST4-74.fa"	927692	927693	"ST4-74.fa_927692_+"	"intergenic"	"+"	927689	927703	"SL1344_0832"	"STM0856"	"++"	"SL1344_0833"	"STM0857"	927687	927980	"Right"	100	90.91	85.96	63.64	3	11	57	11	92.8578571428571	82.3494117647059	"Constitutive"	"chromosome"	"intergenic"
"ST4-74.fa"	927701	927702	"ST4-74.fa_927701_-"	"intergenic"	"-"	927689	927703	"SL1344_0832"	"STM0856"	"++"	"SL1344_0833"	"STM0857"	927687	927980	"Right"	71.43	100	96.83	100	7	14	63	10	90.4766666666667	97.2642465753425	"Constitutive"	"chromosome"	"intergenic"
"ST4-74.fa"	938601	938602	"ST4-74.fa_938601_+"	"CDS"	"+"	938598	938612	"SL1344_0842"	"mdfA"	"+"	"SL1344_0842"	"mdfA"	937755	938988	"Right"	100	25	94.74	88.89	1	4	57	9	40	93.9422727272727	"Constitutive"	"chromosome"	"intragenic"
"ST4-74.fa"	938610	938611	"ST4-74.fa_938610_-"	"CDS"	"-"	938598	938612	"SL1344_0842"	"mdfA"	"+"	"SL1344_0842"	"mdfA"	937755	938988	"Right"	100	50	60	55.56	3	8	35	9	63.6363636363636	59.0918181818182	"Constitutive"	"chromosome"	"intragenic"
"ST4-74.fa"	9534	9535	"ST4-74.fa_9534_+"	"CDS"	"+"	9533	9547	"SL1344_0009"	"yaaH"	"-"	"SL1344_0009"	"yaaH"	9375	9942	"NSR"	80	95.45	89.58	62.5	5	22	48	8	92.5888888888889	85.7114285714286	"Constitutive"	"chromosome"	"intragenic"
"ST4-74.fa"	9543	9544	"ST4-74.fa_9543_-"	"CDS"	"-"	9533	9547	"SL1344_0009"	"yaaH"	"-"	"SL1344_0009"	"yaaH"	9375	9942	"NSR"	90.91	80	96	87.5	11	10	50	8	85.7147619047619	94.8275862068966	"Constitutive"	"chromosome"	"intragenic"
