"chrom"	"m_start"	"m_stop"	"pos_id"	"f_type"	"met_dir"	"site_start"	"site_stop"	"locus_tag"	"id2"	"f_dir"	"locus_tag1"	"id21"	"f_start"	"f_stop"	"domain"	"MEP-1.x"	"MEP-2.x"	"LSP-1.x"	"LSP-2.x"	"MEP-1.y"	"MEP-2.y"	"LSP-1.y"	"LSP-2.y"	"MEP_wt_mean"	"LSP_wt_mean"	"methyl_status"	"dna"	"feature"
"ST4-74_pColIb.fa"	11238	11239	"ST4-74_pColIb.fa_11238_+"	"CDS"	"+"	11234	11240	"SLP2_0015"	"ybbA"	"+"	"SLP2_0015"	"ybbA"	11075	11759	"plasmid"	0	85.71	73.68	100	2	7	19	2	66.6633333333333	76.1866666666667	"Constitutive"	"plasmid"	"intragenic"
"ST4-74_pColIb.fa"	11736	11737	"ST4-74_pColIb.fa_11736_+"	"CDS"	"+"	11732	11738	"SLP2_0015"	"ybbA"	"+"	"SLP2_0015"	"ybbA"	11075	11759	"plasmid"	85.71	100	78.57	85.71	7	7	28	7	92.855	79.998	"Constitutive"	"plasmid"	"intragenic"
"ST4-74_pColIb.fa"	14332	14333	"ST4-74_pColIb.fa_14332_-"	"CDS"	"-"	14331	14337	"SLP2_0019"	"parA"	"+"	"SLP2_0019"	"parA"	14222	14855	"plasmid"	100	85.71	84.21	85.71	5	14	19	7	89.4705263157895	84.6138461538461	"Constitutive"	"plasmid"	"intragenic"
"ST4-74_pColIb.fa"	15662	15663	"ST4-74_pColIb.fa_15662_+"	"CDS"	"+"	15658	15664	"SLP2_0021"	"stbA"	"+"	"SLP2_0021"	"stbA"	15467	16442	"plasmid"	100	88.24	83.87	100	7	17	31	13	91.67	88.6356818181818	"Constitutive"	"plasmid"	"intragenic"
"ST4-74_pColIb.fa"	16830	16831	"ST4-74_pColIb.fa_16830_-"	"CDS"	"-"	16829	16835	"SLP2_0022"	"stbB"	"+"	"SLP2_0022"	"stbB"	16445	16838	"plasmid"	40	80	86.36	80	5	10	22	10	66.6666666666667	84.3725	"Constitutive"	"plasmid"	"intragenic"
"ST4-74_pColIb.fa"	20327	20328	"ST4-74_pColIb.fa_20327_+"	"CDS"	"+"	20323	20329	"SLP2_0030"	"ycfA"	"+"	"SLP2_0030"	"ycfA"	20204	20981	"plasmid"	100	80	93.55	100	4	10	31	12	85.7142857142857	95.35	"Constitutive"	"plasmid"	"intragenic"
"ST4-74_pColIb.fa"	23774	23775	"ST4-74_pColIb.fa_23774_-"	"CDS"	"-"	23773	23779	"SLP2_0035"	"ssb"	"+"	"SLP2_0035"	"ssb"	23249	23777	"plasmid"	83.33	83.33	83.33	42.86	6	12	24	7	83.33	74.1916129032258	"Constitutive"	"plasmid"	"intragenic"
"ST4-74_pColIb.fa"	23774	23775	"ST4-74_pColIb.fa_23774_-"	"intergenic"	"-"	23773	23779	"SLP2_0035"	"ssb"	"++"	"SLP2_0036"	"ycjA"	23777	24120	"plasmid"	83.33	83.33	83.33	42.86	6	12	24	7	83.33	74.1916129032258	"Constitutive"	"plasmid"	"intergenic"
"ST4-74_pColIb.fa"	23943	23944	"ST4-74_pColIb.fa_23943_+"	"intergenic"	"+"	23939	23945	"SLP2_0035"	"ssb"	"++"	"SLP2_0036"	"ycjA"	23777	24120	"plasmid"	50	90.91	90	20	6	11	30	5	76.4711764705882	80	"Constitutive"	"plasmid"	"intergenic"
"ST4-74_pColIb.fa"	26592	26593	"ST4-74_pColIb.fa_26592_-"	"intergenic"	"-"	26591	26597	"SLP2_0037"	"psiB"	"++"	"SLP2_0038"	"psiA"	26574	26624	"plasmid"	66.67	88.89	80	60	3	9	15	5	83.335	75	"Constitutive"	"plasmid"	"intergenic"
"ST4-74_pColIb.fa"	35963	35964	"ST4-74_pColIb.fa_35963_-"	"CDS"	"-"	35962	35968	"SLP2_0049"	"nikB"	"+"	"SLP2_0049"	"nikB"	34311	37011	"plasmid"	55.56	76.92	85.71	87.5	9	13	28	8	68.1818181818182	86.1077777777778	"Constitutive"	"plasmid"	"intragenic"
"ST4-74_pColIb.fa"	36348	36349	"ST4-74_pColIb.fa_36348_+"	"CDS"	"+"	36344	36350	"SLP2_0049"	"nikB"	"+"	"SLP2_0049"	"nikB"	34311	37011	"plasmid"	100	88.89	87.88	100	5	18	33	13	91.3052173913044	91.3052173913044	"Constitutive"	"plasmid"	"intragenic"
"ST4-74_pColIb.fa"	38431	38432	"ST4-74_pColIb.fa_38431_-"	"CDS"	"-"	38430	38436	"SLP2_0050"	"trbC"	"-"	"SLP2_0050"	"trbC"	37047	39339	"plasmid"	100	88.89	75.86	50	4	9	29	6	92.3084615384615	71.4268571428571	"Constitutive"	"plasmid"	"intragenic"
"ST4-74_pColIb.fa"	42969	42970	"ST4-74_pColIb.fa_42969_-"	"CDS"	"-"	42968	42974	"SLP2_0054A"	"SLP2_0054A"	"+"	"SLP2_0054A"	"SLP2_0054A"	42695	42992	"plasmid"	60	58.33	68.42	69.23	5	12	19	13	58.8211764705882	68.7490625	"Constitutive"	"plasmid"	"intragenic"
"ST4-74_pColIb.fa"	44809	44810	"ST4-74_pColIb.fa_44809_+"	"CDS"	"+"	44805	44811	"SLP2_0056"	"traY"	"-"	"SLP2_0056"	"traY"	44632	46864	"plasmid"	66.67	94.74	93.33	75	3	19	30	12	90.9122727272727	88.0928571428571	"Constitutive"	"plasmid"	"intragenic"
"ST4-74_pColIb.fa"	45440	45441	"ST4-74_pColIb.fa_45440_-"	"CDS"	"-"	45439	45445	"SLP2_0056"	"traY"	"-"	"SLP2_0056"	"traY"	44632	46864	"plasmid"	83.33	83.33	76	100	6	18	25	7	83.33	81.25	"Constitutive"	"plasmid"	"intragenic"
"ST4-74_pColIb.fa"	46610	46611	"ST4-74_pColIb.fa_46610_+"	"CDS"	"+"	46606	46612	"SLP2_0056"	"traY"	"-"	"SLP2_0056"	"traY"	44632	46864	"plasmid"	100	88.89	83.87	100	3	9	31	12	91.6675	88.3713953488372	"Constitutive"	"plasmid"	"intragenic"
"ST4-74_pColIb.fa"	46893	46894	"ST4-74_pColIb.fa_46893_+"	"CDS"	"+"	46889	46895	"SLP2_0057"	"traX"	"-"	"SLP2_0057"	"traX"	46891	47476	"plasmid"	100	100	91.18	75	4	14	34	12	100	86.9591304347826	"Constitutive"	"plasmid"	"intragenic"
"ST4-74_pColIb.fa"	46893	46894	"ST4-74_pColIb.fa_46893_+"	"intergenic"	"+"	46889	46895	"SLP2_0056"	"traY"	"--"	"SLP2_0057"	"traX"	46864	46891	"plasmid"	100	100	91.18	75	4	14	34	12	100	86.9591304347826	"Constitutive"	"plasmid"	"intergenic"
"ST4-74_pColIb.fa"	4712	4713	"ST4-74_pColIb.fa_4712_-"	"CDS"	"-"	4711	4717	"SLP2_0007"	"yaeA"	"+"	"SLP2_0007"	"yaeA"	4554	4788	"plasmid"	100	64.71	45.45	64.29	4	17	22	14	71.4319047619048	52.7766666666667	"Constitutive"	"plasmid"	"intragenic"
"ST4-74_pColIb.fa"	48066	48067	"ST4-74_pColIb.fa_48066_-"	"CDS"	"-"	48065	48071	"SLP2_0058"	"traW"	"-"	"SLP2_0058"	"traW"	47504	48707	"plasmid"	85.71	86.67	84.21	77.78	7	15	19	9	86.3645454545454	82.1432142857143	"Constitutive"	"plasmid"	"intragenic"
"ST4-74_pColIb.fa"	49876	49877	"ST4-74_pColIb.fa_49876_-"	"CDS"	"-"	49875	49881	"SLP2_0060"	"traU"	"-"	"SLP2_0060"	"traU"	49287	52332	"plasmid"	100	86.36	92.31	71.43	8	22	26	14	89.9973333333333	85.002	"Constitutive"	"plasmid"	"intragenic"
"ST4-74_pColIb.fa"	52063	52064	"ST4-74_pColIb.fa_52063_+"	"CDS"	"+"	52059	52065	"SLP2_0060"	"traU"	"-"	"SLP2_0060"	"traU"	49287	52332	"plasmid"	75	92.31	84	92.31	4	13	25	13	88.2370588235294	86.8428947368421	"Constitutive"	"plasmid"	"intragenic"
"ST4-74_pColIb.fa"	53311	53312	"ST4-74_pColIb.fa_53311_-"	"CDS"	"-"	53310	53316	"SLP2_0062"	"traS"	"-"	"SLP2_0062"	"traS"	53205	53394	"plasmid"	83.33	65.22	66.67	42.86	6	23	12	7	68.9668965517241	57.8978947368421	"Constitutive"	"plasmid"	"intragenic"
"ST4-74_pColIb.fa"	54337	54338	"ST4-74_pColIb.fa_54337_-"	"CDS"	"-"	54336	54342	"SLP2_0064"	"traQ"	"-"	"SLP2_0064"	"traQ"	53912	54440	"plasmid"	100	92.59	83.33	80	6	27	18	10	93.9372727272727	82.1407142857143	"Constitutive"	"plasmid"	"intragenic"
"ST4-74_pColIb.fa"	5589	5590	"ST4-74_pColIb.fa_5589_+"	"CDS"	"+"	5585	5591	"SLP2_0009"	"yafA"	"-"	"SLP2_0009"	"yafA"	5162	5657	"plasmid"	100	68.75	79.17	63.64	3	16	24	11	73.6842105263158	74.2891428571428	"Constitutive"	"plasmid"	"intragenic"
"ST4-74_pColIb.fa"	55990	55991	"ST4-74_pColIb.fa_55990_-"	"CDS"	"-"	55989	55995	"SLP2_0066"	"traO"	"-"	"SLP2_0066"	"traO"	55143	56433	"plasmid"	50	76.67	72.41	41.67	6	30	29	12	72.225	63.4129268292683	"Constitutive"	"plasmid"	"intragenic"
"ST4-74_pColIb.fa"	58906	58907	"ST4-74_pColIb.fa_58906_-"	"CDS"	"-"	58905	58911	"SLP2_0071"	"sogL"	"-"	"SLP2_0071"	"sogL"	58483	62251	"plasmid"	81.82	86.96	86.96	75	11	23	23	8	85.2970588235294	83.8735483870968	"Constitutive"	"plasmid"	"intragenic"
"ST4-74_pColIb.fa"	59693	59694	"ST4-74_pColIb.fa_59693_-"	"CDS"	"-"	59692	59698	"SLP2_0071"	"sogL"	"-"	"SLP2_0071"	"sogL"	58483	62251	"plasmid"	90.91	95.83	96.77	80	11	24	31	10	94.2837142857143	92.679756097561	"Constitutive"	"plasmid"	"intragenic"
"ST4-74_pColIb.fa"	59698	59699	"ST4-74_pColIb.fa_59698_+"	"CDS"	"+"	59694	59700	"SLP2_0071"	"sogL"	"-"	"SLP2_0071"	"sogL"	58483	62251	"plasmid"	100	88	96.15	73.33	7	25	26	15	90.625	87.8012195121951	"Constitutive"	"plasmid"	"intragenic"
"ST4-74_pColIb.fa"	63615	63616	"ST4-74_pColIb.fa_63615_-"	"CDS"	"-"	63614	63620	"SLP2_0074"	"traJ"	"-"	"SLP2_0074"	"traJ"	63193	64342	"plasmid"	85.71	72.22	81.25	71.43	7	18	16	7	75.9972	78.2613043478261	"Constitutive"	"plasmid"	"intragenic"
"ST4-74_pColIb.fa"	64479	64480	"ST4-74_pColIb.fa_64479_+"	"CDS"	"+"	64475	64481	"SLP2_0075"	"traI"	"-"	"SLP2_0075"	"traI"	64338	65157	"plasmid"	100	81.25	95.45	66.67	3	16	22	6	84.2105263157895	89.2828571428571	"Constitutive"	"plasmid"	"intragenic"
"ST4-74_pColIb.fa"	66067	66068	"ST4-74_pColIb.fa_66067_+"	"CDS"	"+"	66063	66069	"SLP2_0077"	"traG"	"-"	"SLP2_0077"	"traG"	66006	66591	"plasmid"	100	81.25	86.96	50	3	16	23	10	84.2105263157895	75.76	"Constitutive"	"plasmid"	"intragenic"
"ST4-74_pColIb.fa"	67619	67620	"ST4-74_pColIb.fa_67619_+"	"CDS"	"+"	67615	67621	"SLP2_0078"	"traF"	"-"	"SLP2_0078"	"traF"	66650	67853	"plasmid"	100	92.31	83.33	75	5	13	18	12	94.4461111111111	79.998	"Constitutive"	"plasmid"	"intragenic"
"ST4-74_pColIb.fa"	70345	70346	"ST4-74_pColIb.fa_70345_+"	"CDS"	"+"	70341	70347	"SLP2_0081"	"shfB"	"+"	"SLP2_0081"	"shfB"	70131	70383	"plasmid"	NA	100	88.89	62.5	NA	6	9	8	100	76.4711764705882	"Constitutive"	"plasmid"	"intragenic"
"ST4-74_pColIb.fa"	71716	71717	"ST4-74_pColIb.fa_71716_+"	"CDS"	"+"	71712	71718	"SLP2_0085"	"pilV"	"-"	"SLP2_0085"	"pilV"	71002	72295	"plasmid"	60	88.24	100	90	5	17	26	10	81.8218181818182	97.2222222222222	"Constitutive"	"plasmid"	"intragenic"
"ST4-74_pColIb.fa"	7502	7503	"ST4-74_pColIb.fa_7502_+"	"CDS"	"+"	7498	7504	"SLP2_0011"	"yagA"	"+"	"SLP2_0011"	"yagA"	6668	8015	"plasmid"	0	66.67	55.88	71.43	3	12	34	7	53.336	58.5348780487805	"Constitutive"	"plasmid"	"intragenic"
"ST4-74_pColIb.fa"	75702	75703	"ST4-74_pColIb.fa_75702_-"	"CDS"	"-"	75701	75707	"SLP2_0090"	"pilQ"	"-"	"SLP2_0090"	"pilQ"	75247	76801	"plasmid"	87.5	70	77.78	100	8	10	18	1	77.7777777777778	78.9494736842105	"Constitutive"	"plasmid"	"intragenic"
"ST4-74_pColIb.fa"	78174	78175	"ST4-74_pColIb.fa_78174_+"	"CDS"	"+"	78170	78176	"SLP2_0092"	"pilO"	"-"	"SLP2_0092"	"pilO"	77250	78546	"plasmid"	80	91.67	69.23	100	5	12	26	3	88.2376470588235	72.4131034482759	"Constitutive"	"plasmid"	"intragenic"
"ST4-74_pColIb.fa"	78341	78342	"ST4-74_pColIb.fa_78341_-"	"CDS"	"-"	78340	78346	"SLP2_0092"	"pilO"	"-"	"SLP2_0092"	"pilO"	77250	78546	"plasmid"	37.5	71.43	50	66.67	8	7	12	3	53.334	53.334	"Constitutive"	"plasmid"	"intragenic"
"ST4-74_pColIb.fa"	78680	78681	"ST4-74_pColIb.fa_78680_-"	"CDS"	"-"	78679	78685	"SLP2_0093"	"pilN"	"-"	"SLP2_0093"	"pilN"	78538	80221	"plasmid"	66.67	75	80	53.85	6	12	15	13	72.2233333333333	67.8589285714286	"Constitutive"	"plasmid"	"intragenic"
"ST4-74_pColIb.fa"	78977	78978	"ST4-74_pColIb.fa_78977_-"	"CDS"	"-"	78976	78982	"SLP2_0093"	"pilN"	"-"	"SLP2_0093"	"pilN"	78538	80221	"plasmid"	75	100	93.75	100	8	14	16	7	90.9090909090909	95.6521739130435	"Constitutive"	"plasmid"	"intragenic"
"ST4-74_pColIb.fa"	81278	81279	"ST4-74_pColIb.fa_81278_-"	"CDS"	"-"	81277	81283	"SLP2_0095"	"pilL"	"-"	"SLP2_0095"	"pilL"	80671	81739	"plasmid"	81.82	92.31	84.21	100	11	13	19	4	87.5020833333333	86.9560869565217	"Constitutive"	"plasmid"	"intragenic"
"ST4-74_pColIb.fa"	84223	84224	"ST4-74_pColIb.fa_84223_+"	"CDS"	"+"	84219	84225	"SLP2_0101"	"traC"	"-"	"SLP2_0101"	"traC"	84009	84693	"plasmid"	80	88.89	75	100	5	9	12	2	85.715	78.5714285714286	"Constitutive"	"plasmid"	"intragenic"
"ST4-74_pRSF1010.fa"	2083	2084	"ST4-74_pRSF1010.fa_2083_+"	"CDS"	"+"	2079	2085	"SLP3_0004"	"repA"	"-"	"SLP3_0004"	"repA"	1990	2827	"plasmid"	70.59	87.95	90	85.29	17	83	50	34	84.9988	88.0935714285714	"Constitutive"	"plasmid"	"intragenic"
"ST4-74_pRSF1010.fa"	2495	2496	"ST4-74_pRSF1010.fa_2495_+"	"CDS"	"+"	2491	2497	"SLP3_0004"	"repA"	"-"	"SLP3_0004"	"repA"	1990	2827	"plasmid"	78.26	82.61	85.48	87.23	23	92	62	47	81.74	86.2345871559633	"Constitutive"	"plasmid"	"intragenic"
"ST4-74_pRSF1010.fa"	2507	2508	"ST4-74_pRSF1010.fa_2507_+"	"CDS"	"+"	2503	2509	"SLP3_0004"	"repA"	"-"	"SLP3_0004"	"repA"	1990	2827	"plasmid"	100	88.37	86.27	94.44	19	86	51	36	90.4744761904762	89.6506896551724	"Constitutive"	"plasmid"	"intragenic"
"ST4-74_pRSF1010.fa"	3239	3240	"ST4-74_pRSF1010.fa_3239_+"	"CDS"	"+"	3235	3241	"SLP3_0006"	"SLP3_0006"	"-"	"SLP3_0006"	"SLP3_0006"	3067	3277	"plasmid"	79.31	80.2	81.82	81.13	29	101	66	53	80.0014615384615	81.5126890756302	"Constitutive"	"plasmid"	"intragenic"
"ST4-74_pRSF1010.fa"	4387	4388	"ST4-74_pRSF1010.fa_4387_+"	"CDS"	"+"	4383	4389	"SLP3_0008"	"mobA"	"-"	"SLP3_0008"	"mobA"	3340	5467	"plasmid"	88.89	77.78	87.69	82.05	27	90	65	39	80.3438461538461	85.575	"Constitutive"	"plasmid"	"intragenic"
"ST4-74_pRSF1010.fa"	4387	4388	"ST4-74_pRSF1010.fa_4387_+"	"CDS"	"+"	4383	4389	"SLP3_0009"	"mobB"	"-"	"SLP3_0009"	"mobB"	4308	4719	"plasmid"	88.89	77.78	87.69	82.05	27	90	65	39	80.3438461538461	85.575	"Constitutive"	"plasmid"	"intragenic"
"ST4-74_pRSF1010.fa"	8049	8050	"ST4-74_pRSF1010.fa_8049_+"	"CDS"	"+"	8045	8051	"SLP3_0014"	"aph(3'')-"	"-"	"SLP3_0014"	"aph(3'')-"	7853	8654	"plasmid"	83.33	80	88.64	28.57	12	30	44	63	80.9514285714286	53.2716822429907	"Constitutive"	"plasmid"	"intragenic"
"ST4-74_pRSF1010.fa"	8381	8382	"ST4-74_pRSF1010.fa_8381_+"	"CDS"	"+"	8377	8383	"SLP3_0014"	"aph(3'')-"	"-"	"SLP3_0014"	"aph(3'')-"	7853	8654	"plasmid"	50	47.06	58.82	66.67	8	17	17	12	48.0008	62.068275862069	"Constitutive"	"plasmid"	"intragenic"
"ST4-74_pSLT.fa"	14248	14249	"ST4-74_pSLT.fa_14248_+"	"CDS"	"+"	14244	14250	"SLP1_0011"	"traH"	"-"	"SLP1_0011"	"traH"	14007	15390	"plasmid"	66.67	71.43	76.19	75	3	7	21	4	70.002	75.9996	"Constitutive"	"plasmid"	"intragenic"
"ST4-74_pSLT.fa"	22938	22939	"ST4-74_pSLT.fa_22938_-"	"CDS"	"-"	22937	22943	"SLP1_0022"	"traC"	"-"	"SLP1_0022"	"traC"	22616	25265	"plasmid"	66.67	100	86.67	87.5	6	6	15	8	83.335	86.9586956521739	"Constitutive"	"plasmid"	"intragenic"
"ST4-74_pSLT.fa"	26972	26973	"ST4-74_pSLT.fa_26972_+"	"CDS"	"+"	26968	26974	"SLP1_0025"	"traV"	"-"	"SLP1_0025"	"traV"	26476	26992	"plasmid"	75	100	78.26	100	4	5	23	4	88.8888888888889	81.4807407407407	"Constitutive"	"plasmid"	"intragenic"
"ST4-74_pSLT.fa"	28554	28555	"ST4-74_pSLT.fa_28554_+"	"CDS"	"+"	28550	28556	"SLP1_0028"	"traB"	"-"	"SLP1_0028"	"traB"	27797	29219	"plasmid"	100	100	96.3	100	5	10	27	1	100	96.4321428571428	"Constitutive"	"plasmid"	"intragenic"
"ST4-74_pSLT.fa"	32095	32096	"ST4-74_pSLT.fa_32095_-"	"CDS"	"-"	32094	32100	"SLP1_0034"	"traJ"	"-"	"SLP1_0034"	"traJ"	31584	32271	"plasmid"	100	88.89	73.68	80	2	9	19	10	90.91	75.8593103448276	"Constitutive"	"plasmid"	"intragenic"
"ST4-74_pSLT.fa"	34125	34126	"ST4-74_pSLT.fa_34125_-"	"intergenic"	"-"	34124	34130	"SLP1_0036"	"no"	"+-"	"SLP1_0037"	"psiA"	33729	35367	"plasmid"	NA	100	80.95	75	NA	8	21	8	100	79.3086206896552	"Constitutive"	"plasmid"	"intergenic"
"ST4-74_pSLT.fa"	35092	35093	"ST4-74_pSLT.fa_35092_+"	"intergenic"	"+"	35088	35094	"SLP1_0036"	"no"	"+-"	"SLP1_0037"	"psiA"	33729	35367	"plasmid"	100	50	83.33	75	2	4	24	4	66.6666666666667	82.14	"Constitutive"	"plasmid"	"intergenic"
"ST4-74_pSLT.fa"	35325	35326	"ST4-74_pSLT.fa_35325_-"	"intergenic"	"-"	35324	35330	"SLP1_0036"	"no"	"+-"	"SLP1_0037"	"psiA"	33729	35367	"plasmid"	100	85.71	95.65	100	3	7	23	8	89.997	96.7725806451613	"Constitutive"	"plasmid"	"intergenic"
"ST4-74_pSLT.fa"	37329	37330	"ST4-74_pSLT.fa_37329_-"	"CDS"	"-"	37328	37334	"SLP1_0039"	"PSLT068"	"-"	"SLP1_0039"	"PSLT068"	36575	38573	"plasmid"	60	87.5	90.48	90	5	8	21	10	76.9230769230769	90.3251612903226	"Constitutive"	"plasmid"	"intragenic"
"ST4-74_pSLT.fa"	38771	38772	"ST4-74_pSLT.fa_38771_-"	"CDS"	"-"	38770	38776	"SLP1_0040"	"PSLT067"	"-"	"SLP1_0040"	"PSLT067"	38641	38884	"plasmid"	80	90.91	74.07	100	5	11	27	8	87.500625	79.9968571428571	"Constitutive"	"plasmid"	"intragenic"
"ST4-74_pSLT.fa"	39182	39183	"ST4-74_pSLT.fa_39182_-"	"CDS"	"-"	39181	39187	"SLP1_0041"	"ssbB"	"-"	"SLP1_0041"	"ssbB"	38938	39457	"plasmid"	100	88.89	90.62	90	5	9	32	10	92.8578571428571	90.472380952381	"Constitutive"	"plasmid"	"intragenic"
"ST4-74_pSLT.fa"	43320	43321	"ST4-74_pSLT.fa_43320_+"	"CDS"	"+"	43316	43322	"SLP1_0047"	"SLP1_0047"	"-"	"SLP1_0047"	"SLP1_0047"	42983	43397	"plasmid"	100	100	85	66.67	5	6	20	6	100	80.77	"Constitutive"	"plasmid"	"intragenic"
"ST4-74_pSLT.fa"	48123	48124	"ST4-74_pSLT.fa_48123_-"	"CDS"	"-"	48122	48128	"SLP1_0054"	"parB"	"-"	"SLP1_0054"	"parB"	47843	48821	"plasmid"	100	71.43	65.38	85.71	3	14	26	7	76.4717647058824	69.6924242424242	"Constitutive"	"plasmid"	"intragenic"
"ST4-74_pSLT.fa"	49060	49061	"ST4-74_pSLT.fa_49060_+"	"CDS"	"+"	49056	49062	"SLP1_0055"	"parA"	"-"	"SLP1_0055"	"parA"	48817	50023	"plasmid"	75	85.71	95.45	69.23	8	7	22	13	79.998	85.7111428571429	"Constitutive"	"plasmid"	"intragenic"
"ST4-74_pSLT.fa"	56558	56559	"ST4-74_pSLT.fa_56558_+"	"CDS"	"+"	56554	56560	"SLP1_0062"	"rlgA"	"+"	"SLP1_0062"	"rlgA"	56518	57079	"plasmid"	100	75	86.96	75	4	8	23	12	83.3333333333333	82.8594285714286	"Constitutive"	"plasmid"	"intragenic"
"ST4-74_pSLT.fa"	60414	60415	"ST4-74_pSLT.fa_60414_-"	"CDS"	"-"	60413	60419	"SLP1_0065"	"PSLT042"	"-"	"SLP1_0065"	"PSLT042"	59873	60869	"plasmid"	66.67	100	90.91	100	3	11	22	9	92.8578571428571	93.5490322580645	"Constitutive"	"plasmid"	"intragenic"
"ST4-74_pSLT.fa"	60953	60954	"ST4-74_pSLT.fa_60953_+"	"intergenic"	"+"	60949	60955	"SLP1_0065"	"PSLT042"	"-+"	"SLP1_0066"	"spvR"	60869	61519	"plasmid"	100	90.91	66.67	91.67	6	11	21	12	94.1182352941177	75.7609090909091	"Constitutive"	"plasmid"	"intergenic"
"ST4-74_pSLT.fa"	61844	61845	"ST4-74_pSLT.fa_61844_-"	"CDS"	"-"	61843	61849	"SLP1_0066"	"spvR"	"+"	"SLP1_0066"	"spvR"	61519	62413	"plasmid"	100	75	80.77	100	3	8	26	13	81.8181818181818	87.18	"Constitutive"	"plasmid"	"intragenic"
"ST4-74_pSLT.fa"	63913	63914	"ST4-74_pSLT.fa_63913_-"	"CDS"	"-"	63912	63918	"SLP1_0068"	"spvB"	"+"	"SLP1_0068"	"spvB"	63873	65649	"plasmid"	100	100	85	70	1	5	20	10	100	80	"Constitutive"	"plasmid"	"intragenic"
"ST4-74_pSLT.fa"	6465	6466	"ST4-74_pSLT.fa_6465_+"	"CDS"	"+"	6461	6467	"SLP1_0003"	"traI"	"-"	"SLP1_0003"	"traI"	1398	6657	"plasmid"	66.67	85.71	50	60	3	7	18	5	79.998	52.1739130434783	"Constitutive"	"plasmid"	"intragenic"
"ST4-74_pSLT.fa"	71075	71076	"ST4-74_pSLT.fa_71075_+"	"CDS"	"+"	71071	71077	"SLP1_0075"	"PSLT032"	"-"	"SLP1_0075"	"PSLT032"	71033	71585	"plasmid"	100	100	81.82	100	4	8	22	8	100	86.668	"Constitutive"	"plasmid"	"intragenic"
"ST4-74_pSLT.fa"	7214	7215	"ST4-74_pSLT.fa_7214_+"	"CDS"	"+"	7210	7216	"SLP1_0004"	"trbH"	"-"	"SLP1_0004"	"trbH"	6653	7373	"plasmid"	75	0	76.92	100	4	3	13	4	42.8571428571429	82.3505882352941	"Constitutive"	"plasmid"	"intragenic"
"ST4-74_pSLT.fa"	72205	72206	"ST4-74_pSLT.fa_72205_+"	"CDS"	"+"	72201	72207	"SLP1_0076"	"rsdB"	"-"	"SLP1_0076"	"rsdB"	71593	72376	"plasmid"	80	54.55	100	61.54	5	11	14	13	62.503125	81.4822222222222	"Constitutive"	"plasmid"	"intragenic"
"ST4-74_pSLT.fa"	7260	7261	"ST4-74_pSLT.fa_7260_+"	"CDS"	"+"	7256	7262	"SLP1_0004"	"trbH"	"-"	"SLP1_0004"	"trbH"	6653	7373	"plasmid"	62.5	50	66.67	100	8	8	21	3	56.25	70.83625	"Constitutive"	"plasmid"	"intragenic"
"ST4-74_pSLT.fa"	74554	74555	"ST4-74_pSLT.fa_74554_+"	"CDS"	"+"	74550	74556	"SLP1_0081"	"PSLT026"	"+"	"SLP1_0081"	"PSLT026"	74421	74943	"plasmid"	75	75	87.5	71.43	4	12	16	7	75	82.6091304347826	"Constitutive"	"plasmid"	"intragenic"
"ST4-74_pSLT.fa"	75401	75402	"ST4-74_pSLT.fa_75401_-"	"intergenic"	"-"	75400	75406	"SLP1_0081"	"PSLT026"	"++"	"SLP1_0082"	"PSLT025"	74943	75426	"plasmid"	100	81.82	90.91	75	4	11	11	8	86.668	84.211052631579	"Constitutive"	"plasmid"	"intergenic"
"ST4-74_pSLT.fa"	77336	77337	"ST4-74_pSLT.fa_77336_-"	"intergenic"	"-"	77335	77341	"SLP1_0084"	"repA2"	"+-"	"SLP1_0085"	"PSLT020"	77206	78077	"plasmid"	75	88.89	82.35	87.5	4	9	17	8	84.6161538461538	83.998	"Constitutive"	"plasmid"	"intergenic"
"ST4-74_pSLT.fa"	8405	8406	"ST4-74_pSLT.fa_8405_-"	"CDS"	"-"	8404	8410	"SLP1_0007"	"traD"	"-"	"SLP1_0007"	"traD"	7372	9535	"plasmid"	33.33	66.67	50	66.67	3	6	12	6	55.5566666666667	55.5566666666667	"Constitutive"	"plasmid"	"intragenic"
"ST4-74_pSLT.fa"	8735	8736	"ST4-74_pSLT.fa_8735_+"	"CDS"	"+"	8731	8737	"SLP1_0007"	"traD"	"-"	"SLP1_0007"	"traD"	7372	9535	"plasmid"	50	85.71	87.5	75	4	7	24	4	72.7245454545454	85.7142857142857	"Constitutive"	"plasmid"	"intragenic"
"ST4-74_pSLT.fa"	92183	92184	"ST4-74_pSLT.fa_92183_+"	"intergenic"	"+"	92179	92185	"SLP1_0101"	"repA3"	"--"	"SLP1_0102"	"repC"	92119	92241	"plasmid"	100	100	92.31	70	2	5	13	10	100	82.61	"Constitutive"	"plasmid"	"intergenic"
"ST4-74.fa"	1001121	1001122	"ST4-74.fa_1001121_+"	"CDS"	"+"	1001117	1001123	"SL1344_0901"	"serS"	"+"	"SL1344_0901"	"serS"	1000358	1001651	"Right"	33.33	100	83.72	75	3	6	43	4	77.7766666666667	82.9778723404255	"Constitutive"	"chromosome"	"intragenic"
"ST4-74.fa"	1002821	1002822	"ST4-74.fa_1002821_+"	"CDS"	"+"	1002817	1002823	"SL1344_0902"	"dmsA"	"+"	"SL1344_0902"	"dmsA"	1001887	1004332	"Right"	100	80	82.5	50	3	10	40	2	84.6153846153846	80.9523809523809	"Constitutive"	"chromosome"	"intragenic"
"ST4-74.fa"	1004234	1004235	"ST4-74.fa_1004234_+"	"CDS"	"+"	1004230	1004236	"SL1344_0902"	"dmsA"	"+"	"SL1344_0902"	"dmsA"	1001887	1004332	"Right"	83.33	100	92.86	83.33	6	7	56	6	92.3061538461538	91.9377419354839	"Constitutive"	"chromosome"	"intragenic"
"ST4-74.fa"	1006409	1006410	"ST4-74.fa_1006409_-"	"CDS"	"-"	1006408	1006414	"SL1344_0905"	"ycaD"	"+"	"SL1344_0905"	"ycaD"	1006174	1007323	"Right"	100	50	71.43	66.67	1	8	35	6	55.5555555555556	70.7334146341463	"Constitutive"	"chromosome"	"intragenic"
"ST4-74.fa"	100847	100848	"ST4-74.fa_100847_+"	"CDS"	"+"	100843	100849	"SL1344_0088"	"folA"	"+"	"SL1344_0088"	"folA"	100841	101321	"NSR"	81.82	77.78	100	80	11	9	56	15	80.002	95.7746478873239	"Constitutive"	"chromosome"	"intragenic"
"ST4-74.fa"	1014578	1014579	"ST4-74.fa_1014578_+"	"CDS"	"+"	1014574	1014580	"SL1344_0911"	"focA"	"-"	"SL1344_0911"	"focA"	1014004	1014862	"Right"	100	55.56	86.36	71.43	2	9	44	7	63.64	84.3107843137255	"Constitutive"	"chromosome"	"intragenic"
"ST4-74.fa"	1014601	1014602	"ST4-74.fa_1014601_+"	"CDS"	"+"	1014597	1014603	"SL1344_0911"	"focA"	"-"	"SL1344_0911"	"focA"	1014004	1014862	"Right"	75	45.45	81.25	83.33	4	11	32	6	53.33	81.5784210526316	"Constitutive"	"chromosome"	"intragenic"
"ST4-74.fa"	1017323	1017324	"ST4-74.fa_1017323_-"	"CDS"	"-"	1017322	1017328	"SL1344_0913"	"ycaP"	"+"	"SL1344_0913"	"ycaP"	1017163	1017856	"Right"	75	100	83.67	100	4	6	49	5	90	85.182037037037	"Constitutive"	"chromosome"	"intragenic"
"ST4-74.fa"	102228	102229	"ST4-74.fa_102228_+"	"CDS"	"+"	102224	102230	"SL1344_0089"	"apaH"	"-"	"SL1344_0089"	"apaH"	101426	102275	"NSR"	91.67	100	84.91	100	12	4	53	12	93.7525	87.6958461538461	"Constitutive"	"chromosome"	"intragenic"
"ST4-74.fa"	1022907	1022908	"ST4-74.fa_1022907_+"	"CDS"	"+"	1022903	1022909	"SL1344_0918"	"rpsA"	"+"	"SL1344_0918"	"rpsA"	1022357	1024031	"Right"	100	100	100	100	6	16	54	7	100	100	"Constitutive"	"chromosome"	"intragenic"
"ST4-74.fa"	1027080	1027081	"ST4-74.fa_1027080_-"	"CDS"	"-"	1027079	1027085	"SL1344_0921"	"msbA"	"+"	"SL1344_0921"	"msbA"	1027001	1028750	"Right"	33.33	75	83.33	85.71	3	12	54	7	66.666	83.6031147540984	"Constitutive"	"chromosome"	"intragenic"
"ST4-74.fa"	1028163	1028164	"ST4-74.fa_1028163_-"	"CDS"	"-"	1028162	1028168	"SL1344_0921"	"msbA"	"+"	"SL1344_0921"	"msbA"	1027001	1028750	"Right"	100	100	89.8	90.91	4	11	49	11	100	90.0035	"Constitutive"	"chromosome"	"intragenic"
"ST4-74.fa"	1028505	1028506	"ST4-74.fa_1028505_-"	"CDS"	"-"	1028504	1028510	"SL1344_0921"	"msbA"	"+"	"SL1344_0921"	"msbA"	1027001	1028750	"Right"	100	100	97.96	100	3	10	49	11	100	98.334	"Constitutive"	"chromosome"	"intragenic"
"ST4-74.fa"	1032533	1032534	"ST4-74.fa_1032533_+"	"CDS"	"+"	1032529	1032535	"SL1344_0926"	"STM0989"	"+"	"SL1344_0926"	"STM0989"	1032187	1033081	"Right"	100	88.89	80	100	2	9	50	2	90.91	80.7692307692308	"Constitutive"	"chromosome"	"intragenic"
"ST4-74.fa"	1032824	1032825	"ST4-74.fa_1032824_+"	"CDS"	"+"	1032820	1032826	"SL1344_0926"	"STM0989"	"+"	"SL1344_0926"	"STM0989"	1032187	1033081	"Right"	100	100	96.55	100	3	7	58	4	100	96.7725806451613	"Constitutive"	"chromosome"	"intragenic"
"ST4-74.fa"	103670	103671	"ST4-74.fa_103670_-"	"CDS"	"-"	103669	103675	"SL1344_0092"	"pdxAa"	"-"	"SL1344_0092"	"pdxAa"	103483	104473	"NSR"	60	85.71	79.55	77.78	5	14	44	9	78.9442105263158	79.2494339622641	"Constitutive"	"chromosome"	"intragenic"
"ST4-74.fa"	1036926	1036927	"ST4-74.fa_1036926_-"	"CDS"	"-"	1036925	1036931	"SL1344_0931"	"mukB"	"+"	"SL1344_0931"	"mukB"	1036775	1041242	"Right"	87.5	100	97.96	100	8	11	49	8	94.7368421052632	98.2463157894737	"Constitutive"	"chromosome"	"intragenic"
"ST4-74.fa"	1037564	1037565	"ST4-74.fa_1037564_+"	"CDS"	"+"	1037560	1037566	"SL1344_0931"	"mukB"	"+"	"SL1344_0931"	"mukB"	1036775	1041242	"Right"	100	80	95	66.67	2	5	40	9	85.7142857142857	89.7965306122449	"Constitutive"	"chromosome"	"intragenic"
"ST4-74.fa"	1037634	1037635	"ST4-74.fa_1037634_+"	"CDS"	"+"	1037630	1037636	"SL1344_0931"	"mukB"	"+"	"SL1344_0931"	"mukB"	1036775	1041242	"Right"	100	87.5	90.2	70	2	8	51	10	90	86.8885245901639	"Constitutive"	"chromosome"	"intragenic"
"ST4-74.fa"	1038981	1038982	"ST4-74.fa_1038981_-"	"CDS"	"-"	1038980	1038986	"SL1344_0931"	"mukB"	"+"	"SL1344_0931"	"mukB"	1036775	1041242	"Right"	100	87.5	87.04	100	4	8	54	7	91.6666666666667	88.5272131147541	"Constitutive"	"chromosome"	"intragenic"
"ST4-74.fa"	1040480	1040481	"ST4-74.fa_1040480_+"	"CDS"	"+"	1040476	1040482	"SL1344_0931"	"mukB"	"+"	"SL1344_0931"	"mukB"	1036775	1041242	"Right"	50	57.14	86.11	50	2	7	36	4	55.5533333333333	82.499	"Constitutive"	"chromosome"	"intragenic"
"ST4-74.fa"	104126	104127	"ST4-74.fa_104126_+"	"CDS"	"+"	104122	104128	"SL1344_0092"	"pdxAa"	"-"	"SL1344_0092"	"pdxAa"	103483	104473	"NSR"	87.5	62.5	88.24	100	8	8	51	9	75	90.004	"Constitutive"	"chromosome"	"intragenic"
"ST4-74.fa"	1044583	1044584	"ST4-74.fa_1044583_-"	"CDS"	"-"	1044582	1044588	"SL1344_0934"	"ycbL"	"+"	"SL1344_0934"	"ycbL"	1044263	1044911	"Right"	62.5	83.33	79.17	71.43	8	6	48	7	71.4271428571429	78.1849090909091	"Constitutive"	"chromosome"	"intragenic"
"ST4-74.fa"	1044702	1044703	"ST4-74.fa_1044702_-"	"CDS"	"-"	1044701	1044707	"SL1344_0934"	"ycbL"	"+"	"SL1344_0934"	"ycbL"	1044263	1044911	"Right"	60	100	90.48	80	5	6	42	5	81.8181818181818	89.3651063829787	"Constitutive"	"chromosome"	"intragenic"
"ST4-74.fa"	1045093	1045094	"ST4-74.fa_1045093_-"	"CDS"	"-"	1045092	1045098	"SL1344_0935"	"aspC"	"-"	"SL1344_0935"	"aspC"	1044972	1046163	"Right"	100	100	93.65	100	7	7	63	6	100	94.2021739130435	"Constitutive"	"chromosome"	"intragenic"
"ST4-74.fa"	104629	104630	"ST4-74.fa_104629_+"	"CDS"	"+"	104625	104631	"SL1344_0093"	"surA"	"-"	"SL1344_0093"	"surA"	104472	105759	"NSR"	100	100	82.93	100	5	10	41	9	100	86.0026	"Constitutive"	"chromosome"	"intragenic"
"ST4-74.fa"	1046344	1046345	"ST4-74.fa_1046344_-"	"CDS"	"-"	1046343	1046349	"SL1344_0936"	"ompF"	"-"	"SL1344_0936"	"ompF"	1046347	1047439	"Right"	83.33	80	95.24	83.33	6	5	42	6	81.8163636363636	93.75125	"Constitutive"	"chromosome"	"intragenic"
"ST4-74.fa"	1046344	1046345	"ST4-74.fa_1046344_-"	"intergenic"	"-"	1046343	1046349	"SL1344_0935"	"aspC"	"--"	"SL1344_0936"	"ompF"	1046163	1046347	"Right"	83.33	80	95.24	83.33	6	5	42	6	81.8163636363636	93.75125	"Constitutive"	"chromosome"	"intergenic"
"ST4-74.fa"	1046349	1046350	"ST4-74.fa_1046349_+"	"CDS"	"+"	1046345	1046351	"SL1344_0936"	"ompF"	"-"	"SL1344_0936"	"ompF"	1046347	1047439	"Right"	25	71.43	80.56	83.33	4	7	36	6	54.5463636363636	80.9557142857143	"Constitutive"	"chromosome"	"intragenic"
"ST4-74.fa"	1046349	1046350	"ST4-74.fa_1046349_+"	"intergenic"	"+"	1046345	1046351	"SL1344_0935"	"aspC"	"--"	"SL1344_0936"	"ompF"	1046163	1046347	"Right"	25	71.43	80.56	83.33	4	7	36	6	54.5463636363636	80.9557142857143	"Constitutive"	"chromosome"	"intergenic"
"ST4-74.fa"	1046378	1046379	"ST4-74.fa_1046378_-"	"CDS"	"-"	1046377	1046383	"SL1344_0936"	"ompF"	"-"	"SL1344_0936"	"ompF"	1046347	1047439	"Right"	87.5	100	92.59	100	8	5	54	4	92.3076923076923	93.1010344827586	"Constitutive"	"chromosome"	"intragenic"
"ST4-74.fa"	1046777	1046778	"ST4-74.fa_1046777_-"	"CDS"	"-"	1046776	1046782	"SL1344_0936"	"ompF"	"-"	"SL1344_0936"	"ompF"	1046347	1047439	"Right"	88.89	83.33	93.75	66.67	9	6	64	6	86.666	91.4288571428572	"Constitutive"	"chromosome"	"intragenic"
"ST4-74.fa"	104857	104858	"ST4-74.fa_104857_-"	"CDS"	"-"	104856	104862	"SL1344_0093"	"surA"	"-"	"SL1344_0093"	"surA"	104472	105759	"NSR"	100	93.33	89.8	91.67	5	15	49	12	94.9975	90.167868852459	"Constitutive"	"chromosome"	"intragenic"
"ST4-74.fa"	1049656	1049657	"ST4-74.fa_1049656_+"	"CDS"	"+"	1049652	1049658	"SL1344_0938"	"STM1001"	"-"	"SL1344_0938"	"STM1001"	1049646	1050108	"Right"	71.43	100	82	100	7	9	50	7	87.500625	84.2105263157895	"Constitutive"	"chromosome"	"intragenic"
"ST4-74.fa"	1054166	1054167	"ST4-74.fa_1054166_-"	"CDS"	"-"	1054165	1054171	"SL1344_0941"	"pncB"	"-"	"SL1344_0941"	"pncB"	1053397	1054600	"Right"	88.89	100	92.65	50	9	11	68	6	95.0005	89.1918918918919	"Constitutive"	"chromosome"	"intragenic"
"ST4-74.fa"	105421	105422	"ST4-74.fa_105421_-"	"CDS"	"-"	105420	105426	"SL1344_0093"	"surA"	"-"	"SL1344_0093"	"surA"	104472	105759	"NSR"	75	75	84	100	4	12	50	13	75	87.3015873015873	"Constitutive"	"chromosome"	"intragenic"
"ST4-74.fa"	1054212	1054213	"ST4-74.fa_1054212_-"	"CDS"	"-"	1054211	1054217	"SL1344_0941"	"pncB"	"-"	"SL1344_0941"	"pncB"	1053397	1054600	"Right"	100	80	83.87	75	7	10	62	4	88.2352941176471	83.3324242424243	"Constitutive"	"chromosome"	"intragenic"
"ST4-74.fa"	105466	105467	"ST4-74.fa_105466_-"	"CDS"	"-"	105465	105471	"SL1344_0093"	"surA"	"-"	"SL1344_0093"	"surA"	104472	105759	"NSR"	100	84.62	88.24	100	5	13	51	14	88.8922222222222	90.7729230769231	"Constitutive"	"chromosome"	"intragenic"
"ST4-74.fa"	1055789	1055790	"ST4-74.fa_1055789_-"	"CDS"	"-"	1055788	1055794	"SL1344_0942"	"STM1005"	"-"	"SL1344_0942"	"STM1005"	1054794	1056087	"Right"	75	50	66.67	50	4	4	39	8	62.5	63.8325531914894	"Constitutive"	"chromosome"	"intragenic"
"ST4-74.fa"	1055789	1055790	"ST4-74.fa_1055789_-"	"sRNA"	"-"	1055788	1055794	"STnc4200"	"no"	"+"	"STnc4200"	"no"	1055772	1055892	"Right"	75	50	66.67	50	4	4	39	8	62.5	63.8325531914894	"Constitutive"	"chromosome"	"intragenic"
"ST4-74.fa"	1056180	1056181	"ST4-74.fa_1056180_-"	"CDS"	"-"	1056179	1056185	"SL1344_0943"	"STM1006"	"-"	"SL1344_0943"	"STM1006"	1056131	1056380	"Right"	71.43	83.33	80	33.33	7	6	40	3	76.9223076923077	76.7439534883721	"Constitutive"	"chromosome"	"intragenic"
"ST4-74.fa"	1056988	1056989	"ST4-74.fa_1056988_-"	"CDS"	"-"	1056987	1056993	"SL1344_0945"	"STM1008"	"-"	"SL1344_0945"	"STM1008"	1056702	1057812	"Right"	90	100	91.23	85.71	10	11	57	7	95.2380952380952	90.62625	"Constitutive"	"chromosome"	"intragenic"
"ST4-74.fa"	1059042	1059043	"ST4-74.fa_1059042_-"	"CDS"	"-"	1059041	1059047	"SL1344_0946"	"recEa"	"-"	"SL1344_0946"	"recEa"	1057822	1060708	"Right"	100	80	96.55	100	5	5	58	6	90	96.8734375	"Constitutive"	"chromosome"	"intragenic"
"ST4-74.fa"	1059565	1059566	"ST4-74.fa_1059565_+"	"CDS"	"+"	1059561	1059567	"SL1344_0946"	"recEa"	"-"	"SL1344_0946"	"recEa"	1057822	1060708	"Right"	80	100	88.24	60	5	8	51	5	92.3076923076923	85.7185714285714	"Constitutive"	"chromosome"	"intragenic"
"ST4-74.fa"	1059644	1059645	"ST4-74.fa_1059644_+"	"CDS"	"+"	1059640	1059646	"SL1344_0946"	"recEa"	"-"	"SL1344_0946"	"recEa"	1057822	1060708	"Right"	100	100	78	100	2	5	50	5	100	80	"Constitutive"	"chromosome"	"intragenic"
"ST4-74.fa"	106224	106225	"ST4-74.fa_106224_-"	"CDS"	"-"	106223	106229	"SL1344_0094"	"imp"	"-"	"SL1344_0094"	"imp"	105812	108173	"NSR"	100	92.31	97.83	100	7	13	46	10	95.0015	98.2175	"Constitutive"	"chromosome"	"intragenic"
"ST4-74.fa"	1062884	1062885	"ST4-74.fa_1062884_-"	"CDS"	"-"	1062883	1062889	"SL1344_0952"	"STM2626"	"+"	"SL1344_0952"	"STM2626"	1062810	1063794	"Right"	25	100	76.19	66.67	4	2	21	3	50	75	"Constitutive"	"chromosome"	"intragenic"
"ST4-74.fa"	1066563	1066564	"ST4-74.fa_1066563_-"	"CDS"	"-"	1066562	1066568	"SL1344_0958"	"STM1020"	"+"	"SL1344_0958"	"STM1020"	1066520	1067123	"Right"	33.33	100	65.71	25	6	8	35	4	71.4271428571429	61.5346153846154	"Constitutive"	"chromosome"	"intragenic"
"ST4-74.fa"	1067952	1067953	"ST4-74.fa_1067952_-"	"CDS"	"-"	1067951	1067957	"SL1344_0960"	"SL1344_0960"	"+"	"SL1344_0960"	"SL1344_0960"	1067939	1068086	"Right"	75	100	82.98	66.67	8	9	47	6	88.2352941176471	81.1335849056604	"Constitutive"	"chromosome"	"intragenic"
"ST4-74.fa"	107205	107206	"ST4-74.fa_107205_-"	"CDS"	"-"	107204	107210	"SL1344_0094"	"imp"	"-"	"SL1344_0094"	"imp"	105812	108173	"NSR"	85.71	100	93.75	75	7	11	48	8	94.4427777777778	91.0714285714286	"Constitutive"	"chromosome"	"intragenic"
"ST4-74.fa"	1072940	1072941	"ST4-74.fa_1072940_+"	"CDS"	"+"	1072936	1072942	"SL1344_0968"	"STM1030"	"+"	"SL1344_0968"	"STM1030"	1072933	1073467	"Right"	33.33	75	75	50	6	8	40	4	57.1414285714286	72.7272727272727	"Constitutive"	"chromosome"	"intragenic"
"ST4-74.fa"	1073216	1073217	"ST4-74.fa_1073216_-"	"CDS"	"-"	1073215	1073221	"SL1344_0968"	"STM1030"	"+"	"SL1344_0968"	"STM1030"	1072933	1073467	"Right"	100	81.82	86	87.5	4	11	50	8	86.668	86.2068965517241	"Constitutive"	"chromosome"	"intragenic"
"ST4-74.fa"	107487	107488	"ST4-74.fa_107487_+"	"CDS"	"+"	107483	107489	"SL1344_0094"	"imp"	"-"	"SL1344_0094"	"imp"	105812	108173	"NSR"	55.56	66.67	60	44.44	9	9	55	9	61.115	57.811875	"Constitutive"	"chromosome"	"intragenic"
"ST4-74.fa"	1075071	1075072	"ST4-74.fa_1075071_-"	"CDS"	"-"	1075070	1075076	"SL1344_0969"	"STM1031"	"+"	"SL1344_0969"	"STM1031"	1073507	1075562	"Right"	75	100	95.35	100	4	10	43	3	92.8571428571429	95.6532608695652	"Constitutive"	"chromosome"	"intragenic"
"ST4-74.fa"	1077191	1077192	"ST4-74.fa_1077191_-"	"CDS"	"-"	1077190	1077196	"SL1344_0971"	"STM1032"	"+"	"SL1344_0971"	"STM1032"	1075761	1077309	"Right"	66.67	100	83.33	100	3	13	36	6	93.750625	85.7114285714286	"Constitutive"	"chromosome"	"intragenic"
"ST4-74.fa"	1084028	1084029	"ST4-74.fa_1084028_+"	"CDS"	"+"	1084024	1084030	"SL1344_0980"	"STM1041"	"+"	"SL1344_0980"	"STM1041"	1082509	1085563	"Right"	100	66.67	88.64	100	5	9	44	6	78.5735714285714	90.0032	"Constitutive"	"chromosome"	"intragenic"
"ST4-74.fa"	1084691	1084692	"ST4-74.fa_1084691_+"	"CDS"	"+"	1084687	1084693	"SL1344_0980"	"STM1041"	"+"	"SL1344_0980"	"STM1041"	1082509	1085563	"Right"	100	100	88.89	100	4	10	45	5	100	90.001	"Constitutive"	"chromosome"	"intragenic"
"ST4-74.fa"	108808	108809	"ST4-74.fa_108808_-"	"CDS"	"-"	108807	108813	"SL1344_0095"	"djlA"	"+"	"SL1344_0095"	"djlA"	108426	109239	"NSR"	50	71.43	72.34	75	4	7	47	4	63.6372727272727	72.5486274509804	"Constitutive"	"chromosome"	"intragenic"
"ST4-74.fa"	108934	108935	"ST4-74.fa_108934_+"	"CDS"	"+"	108930	108936	"SL1344_0095"	"djlA"	"+"	"SL1344_0095"	"djlA"	108426	109239	"NSR"	91.67	90.91	96.83	100	12	11	63	12	91.3065217391304	97.3372	"Constitutive"	"chromosome"	"intragenic"
"ST4-74.fa"	1099150	1099151	"ST4-74.fa_1099150_-"	"CDS"	"-"	1099149	1099155	"SL1344_0995"	"gtgE"	"-"	"SL1344_0995"	"gtgE"	1098887	1099574	"Right"	80	77.78	79.63	76.92	5	18	54	13	78.2626086956522	79.1041791044776	"Constitutive"	"chromosome"	"intragenic"
"ST4-74.fa"	1101444	1101445	"ST4-74.fa_1101444_+"	"CDS"	"+"	1101440	1101446	"SL1344_0997"	"pepN"	"+"	"SL1344_0997"	"pepN"	1100462	1103075	"Right"	100	100	87.76	100	9	3	49	12	100	90.167868852459	"Constitutive"	"chromosome"	"intragenic"
"ST4-74.fa"	1101885	1101886	"ST4-74.fa_1101885_+"	"CDS"	"+"	1101881	1101887	"SL1344_0997"	"pepN"	"+"	"SL1344_0997"	"pepN"	1100462	1103075	"Right"	100	100	89.58	100	9	5	48	12	100	91.664	"Constitutive"	"chromosome"	"intragenic"
"ST4-74.fa"	1102107	1102108	"ST4-74.fa_1102107_+"	"CDS"	"+"	1102103	1102109	"SL1344_0997"	"pepN"	"+"	"SL1344_0997"	"pepN"	1100462	1103075	"Right"	87.5	71.43	86.84	100	8	7	38	11	80.0006666666667	89.7942857142857	"Constitutive"	"chromosome"	"intragenic"
"ST4-74.fa"	1103607	1103608	"ST4-74.fa_1103607_-"	"CDS"	"-"	1103606	1103612	"SL1344_0998"	"pyrD"	"+"	"SL1344_0998"	"pyrD"	1103255	1104293	"Right"	100	88.89	83.64	85.71	4	18	55	14	90.91	84.06	"Constitutive"	"chromosome"	"intragenic"
"ST4-74.fa"	110542	110543	"ST4-74.fa_110542_+"	"CDS"	"+"	110538	110544	"SL1344_0097"	"hepA"	"-"	"SL1344_0097"	"hepA"	110004	112911	"NSR"	83.33	33.33	87.5	100	6	9	40	3	53.33	88.3720930232558	"Constitutive"	"chromosome"	"intragenic"
"ST4-74.fa"	110701	110702	"ST4-74.fa_110701_+"	"CDS"	"+"	110697	110703	"SL1344_0097"	"hepA"	"-"	"SL1344_0097"	"hepA"	110004	112911	"NSR"	91.67	100	85.71	87.5	12	7	56	8	94.7389473684211	85.93375	"Constitutive"	"chromosome"	"intragenic"
"ST4-74.fa"	1107126	1107127	"ST4-74.fa_1107126_+"	"CDS"	"+"	1107122	1107128	"SL1344_1001"	"rlmL"	"+"	"SL1344_1001"	"rlmL"	1106205	1108314	"Right"	50	100	93.55	90.91	2	6	31	11	87.5	92.8585714285714	"Constitutive"	"chromosome"	"intragenic"
"ST4-74.fa"	1108297	1108298	"ST4-74.fa_1108297_-"	"CDS"	"-"	1108296	1108302	"SL1344_1001"	"rlmL"	"+"	"SL1344_1001"	"rlmL"	1106205	1108314	"Right"	100	70	76.92	75	2	10	39	8	75	76.5931914893617	"Constitutive"	"chromosome"	"intragenic"
"ST4-74.fa"	1108522	1108523	"ST4-74.fa_1108522_-"	"CDS"	"-"	1108521	1108527	"SL1344_1002"	"uup"	"+"	"SL1344_1002"	"uup"	1108326	1110234	"Right"	83.33	75	82	85.71	6	12	50	14	77.7766666666667	82.8115625	"Constitutive"	"chromosome"	"intragenic"
"ST4-74.fa"	110914	110915	"ST4-74.fa_110914_+"	"CDS"	"+"	110910	110916	"SL1344_0097"	"hepA"	"-"	"SL1344_0097"	"hepA"	110004	112911	"NSR"	100	80	92.86	80	6	5	42	5	90.9090909090909	91.491914893617	"Constitutive"	"chromosome"	"intragenic"
"ST4-74.fa"	1109491	1109492	"ST4-74.fa_1109491_+"	"CDS"	"+"	1109487	1109493	"SL1344_1002"	"uup"	"+"	"SL1344_1002"	"uup"	1108326	1110234	"Right"	100	75	95.74	100	2	4	47	11	83.3333333333333	96.5479310344828	"Constitutive"	"chromosome"	"intragenic"
"ST4-74.fa"	1113034	1113035	"ST4-74.fa_1113034_+"	"CDS"	"+"	1113030	1113036	"SL1344_1004"	"pqiB"	"+"	"SL1344_1004"	"pqiB"	1111506	1113147	"Right"	50	100	91.23	100	2	11	57	11	92.3076923076923	92.6486764705882	"Constitutive"	"chromosome"	"intragenic"
"ST4-74.fa"	1114287	1114288	"ST4-74.fa_1114287_+"	"CDS"	"+"	1114283	1114289	"SL1344_1007"	"fabA"	"-"	"SL1344_1007"	"fabA"	1114229	1114748	"Right"	NA	50	75	100	NA	8	36	5	50	78.0487804878049	"Constitutive"	"chromosome"	"intragenic"
"ST4-74.fa"	1114332	1114333	"ST4-74.fa_1114332_+"	"CDS"	"+"	1114328	1114334	"SL1344_1007"	"fabA"	"-"	"SL1344_1007"	"fabA"	1114229	1114748	"Right"	100	90.91	90.74	100	1	11	54	8	91.6675	91.9348387096774	"Constitutive"	"chromosome"	"intragenic"
"ST4-74.fa"	1114818	1114819	"ST4-74.fa_1114818_+"	"CDS"	"+"	1114814	1114820	"SL1344_1008"	"lonH"	"-"	"SL1344_1008"	"lonH"	1114816	1116403	"Right"	100	90	91.84	90	2	10	49	10	91.6666666666667	91.5281355932203	"Constitutive"	"chromosome"	"intragenic"
"ST4-74.fa"	1114818	1114819	"ST4-74.fa_1114818_+"	"intergenic"	"+"	1114814	1114820	"SL1344_1007"	"fabA"	"--"	"SL1344_1008"	"lonH"	1114748	1114816	"Right"	100	90	91.84	90	2	10	49	10	91.6666666666667	91.5281355932203	"Constitutive"	"chromosome"	"intergenic"
"ST4-74.fa"	1115174	1115175	"ST4-74.fa_1115174_-"	"CDS"	"-"	1115173	1115179	"SL1344_1008"	"lonH"	"-"	"SL1344_1008"	"lonH"	1114816	1116403	"Right"	100	92.86	94.23	100	2	14	52	8	93.7525	94.9993333333333	"Constitutive"	"chromosome"	"intragenic"
"ST4-74.fa"	1116841	1116842	"ST4-74.fa_1116841_-"	"CDS"	"-"	1116840	1116846	"SL1344_1009"	"ycbG"	"+"	"SL1344_1009"	"ycbG"	1116762	1117215	"Right"	100	60	83.87	100	1	10	31	3	63.6363636363636	85.2932352941177	"Constitutive"	"chromosome"	"intragenic"
"ST4-74.fa"	1117368	1117369	"ST4-74.fa_1117368_+"	"CDS"	"+"	1117364	1117370	"SL1344_1010"	"ompA"	"-"	"SL1344_1010"	"ompA"	1117286	1118339	"Right"	100	80	96	100	1	10	50	7	81.8181818181818	96.4912280701754	"Constitutive"	"chromosome"	"intragenic"
"ST4-74.fa"	1117473	1117474	"ST4-74.fa_1117473_+"	"CDS"	"+"	1117469	1117475	"SL1344_1010"	"ompA"	"-"	"SL1344_1010"	"ompA"	1117286	1118339	"Right"	100	81.82	91.67	100	1	11	48	11	83.335	93.2230508474576	"Constitutive"	"chromosome"	"intragenic"
"ST4-74.fa"	1117608	1117609	"ST4-74.fa_1117608_-"	"CDS"	"-"	1117607	1117613	"SL1344_1010"	"ompA"	"-"	"SL1344_1010"	"ompA"	1117286	1118339	"Right"	100	83.33	95.24	85.71	2	12	42	7	85.7114285714286	93.8785714285714	"Constitutive"	"chromosome"	"intragenic"
"ST4-74.fa"	111784	111785	"ST4-74.fa_111784_+"	"CDS"	"+"	111780	111786	"SL1344_0097"	"hepA"	"-"	"SL1344_0097"	"hepA"	110004	112911	"NSR"	88.89	62.5	92	77.78	9	8	50	9	76.4711764705882	89.8308474576271	"Constitutive"	"chromosome"	"intragenic"
"ST4-74.fa"	1119695	1119696	"ST4-74.fa_1119695_+"	"CDS"	"+"	1119691	1119697	"SL1344_1012"	"sxy"	"+"	"SL1344_1012"	"sxy"	1119421	1120027	"Right"	75	92.31	87.5	87.5	4	13	32	8	88.2370588235294	87.5	"Constitutive"	"chromosome"	"intragenic"
"ST4-74.fa"	1123995	1123996	"ST4-74.fa_1123995_-"	"CDS"	"-"	1123994	1124000	"SL1344_1015"	"helD"	"+"	"SL1344_1015"	"helD"	1122755	1124810	"Right"	100	100	97.22	62.5	3	12	36	8	100	90.9072727272727	"Constitutive"	"chromosome"	"intragenic"
"ST4-74.fa"	112450	112451	"ST4-74.fa_112450_+"	"CDS"	"+"	112446	112452	"SL1344_0097"	"hepA"	"-"	"SL1344_0097"	"hepA"	110004	112911	"NSR"	100	90	90.74	90.91	11	10	54	11	95.2380952380952	90.7687692307692	"Constitutive"	"chromosome"	"intragenic"
"ST4-74.fa"	1125152	1125153	"ST4-74.fa_1125152_+"	"CDS"	"+"	1125148	1125154	"SL1344_1016"	"mgsA"	"-"	"SL1344_1016"	"mgsA"	1124845	1125304	"Right"	100	100	91.11	76.92	5	7	45	13	100	87.9294827586207	"Constitutive"	"chromosome"	"intragenic"
"ST4-74.fa"	1127635	1127636	"ST4-74.fa_1127635_-"	"CDS"	"-"	1127634	1127640	"SL1344_1020"	"yccW"	"-"	"SL1344_1020"	"yccW"	1127067	1128279	"Right"	100	100	86.84	100	1	5	38	10	100	89.5816666666667	"Constitutive"	"chromosome"	"intragenic"
"ST4-74.fa"	1127947	1127948	"ST4-74.fa_1127947_+"	"CDS"	"+"	1127943	1127949	"SL1344_1020"	"yccW"	"-"	"SL1344_1020"	"yccW"	1127067	1128279	"Right"	100	62.5	81.08	100	4	8	37	8	75	84.4435555555556	"Constitutive"	"chromosome"	"intragenic"
"ST4-74.fa"	112880	112881	"ST4-74.fa_112880_-"	"CDS"	"-"	112879	112885	"SL1344_0097"	"hepA"	"-"	"SL1344_0097"	"hepA"	110004	112911	"NSR"	66.67	0	72	66.67	3	3	25	9	33.335	70.5891176470588	"LSP-specific"	"chromosome"	"intragenic"
"ST4-74.fa"	1136364	1136365	"ST4-74.fa_1136364_-"	"intergenic"	"-"	1136363	1136369	"SL1344_1030"	"sopB"	"-+"	"SL1344_1031"	"orfX"	1136238	1136569	"Right"	75	55.56	64.71	33.33	4	9	51	6	61.5415384615385	61.4068421052632	"Constitutive"	"chromosome"	"intergenic"
"ST4-74.fa"	1136369	1136370	"ST4-74.fa_1136369_+"	"intergenic"	"+"	1136365	1136371	"SL1344_1030"	"sopB"	"-+"	"SL1344_1031"	"orfX"	1136238	1136569	"Right"	50	66.67	75.56	71.43	2	9	45	7	63.6390909090909	75.0040384615385	"Constitutive"	"chromosome"	"intergenic"
"ST4-74.fa"	1137549	1137550	"ST4-74.fa_1137549_-"	"CDS"	"-"	1137548	1137554	"SL1344_1033"	"pipD"	"-"	"SL1344_1033"	"pipD"	1136959	1138429	"Right"	50	81.82	71.05	62.5	2	11	38	8	76.9246153846154	69.5630434782609	"Constitutive"	"chromosome"	"intragenic"
"ST4-74.fa"	1140877	1140878	"ST4-74.fa_1140877_+"	"CDS"	"+"	1140873	1140879	"SL1344_1036"	"STM1097"	"+"	"SL1344_1036"	"STM1097"	1140774	1141185	"Right"	100	100	95.12	83.33	5	6	41	6	100	93.6148936170213	"Constitutive"	"chromosome"	"intragenic"
"ST4-74.fa"	1141657	1141658	"ST4-74.fa_1141657_-"	"CDS"	"-"	1141656	1141662	"SL1344_1037"	"hpaC"	"-"	"SL1344_1037"	"hpaC"	1141517	1142030	"Right"	50	60	80	57.14	4	5	30	7	55.5555555555556	75.6751351351351	"Constitutive"	"chromosome"	"intragenic"
"ST4-74.fa"	1142117	1142118	"ST4-74.fa_1142117_-"	"CDS"	"-"	1142116	1142122	"SL1344_1038"	"hpaB"	"-"	"SL1344_1038"	"hpaB"	1142047	1143610	"Right"	100	57.14	79.49	81.82	3	7	39	11	69.998	80.0026	"Constitutive"	"chromosome"	"intragenic"
"ST4-74.fa"	1142792	1142793	"ST4-74.fa_1142792_+"	"CDS"	"+"	1142788	1142794	"SL1344_1038"	"hpaB"	"-"	"SL1344_1038"	"hpaB"	1142047	1143610	"Right"	100	80	100	80	7	10	45	5	88.2352941176471	98	"Constitutive"	"chromosome"	"intragenic"
"ST4-74.fa"	1144017	1144018	"ST4-74.fa_1144017_-"	"CDS"	"-"	1144016	1144022	"SL1344_1039"	"hpaR"	"-"	"SL1344_1039"	"hpaR"	1143827	1144268	"Right"	100	100	94.59	100	6	8	37	10	100	95.7410638297872	"Constitutive"	"chromosome"	"intragenic"
"ST4-74.fa"	1145573	1145574	"ST4-74.fa_1145573_-"	"CDS"	"-"	1145572	1145578	"SL1344_1040"	"hpaG"	"+"	"SL1344_1040"	"hpaG"	1144542	1145832	"Right"	66.67	66.67	82.05	85.71	3	6	39	7	66.67	82.6069565217391	"Constitutive"	"chromosome"	"intragenic"
"ST4-74.fa"	1145644	1145645	"ST4-74.fa_1145644_-"	"CDS"	"-"	1145643	1145649	"SL1344_1040"	"hpaG"	"+"	"SL1344_1040"	"hpaG"	1144542	1145832	"Right"	100	83.33	80	66.67	3	6	35	9	88.8866666666667	77.2734090909091	"Constitutive"	"chromosome"	"intragenic"
"ST4-74.fa"	1146126	1146127	"ST4-74.fa_1146126_-"	"CDS"	"-"	1146125	1146131	"SL1344_1041"	"hpaE"	"+"	"SL1344_1041"	"hpaE"	1145828	1147295	"Right"	100	100	93.33	83.33	6	7	45	12	100	91.2247368421053	"Constitutive"	"chromosome"	"intragenic"
"ST4-74.fa"	1148705	1148706	"ST4-74.fa_1148705_-"	"CDS"	"-"	1148704	1148710	"SL1344_1044"	"hpaH"	"+"	"SL1344_1044"	"hpaH"	1148680	1149484	"Right"	100	90.91	89.13	88.89	2	11	46	9	92.3084615384615	89.0907272727273	"Constitutive"	"chromosome"	"intragenic"
"ST4-74.fa"	1149466	1149467	"ST4-74.fa_1149466_+"	"CDS"	"+"	1149462	1149468	"SL1344_1044"	"hpaH"	"+"	"SL1344_1044"	"hpaH"	1148680	1149484	"Right"	100	80	75	66.67	3	5	28	6	87.5	73.53	"Constitutive"	"chromosome"	"intragenic"
"ST4-74.fa"	1149612	1149613	"ST4-74.fa_1149612_-"	"CDS"	"-"	1149611	1149617	"SL1344_1045"	"hpaI"	"+"	"SL1344_1045"	"hpaI"	1149494	1150286	"Right"	50	85.71	88.57	100	2	7	35	7	77.7744444444444	90.475	"Constitutive"	"chromosome"	"intragenic"
"ST4-74.fa"	1150463	1150464	"ST4-74.fa_1150463_-"	"CDS"	"-"	1150462	1150468	"SL1344_1046"	"hpaX"	"+"	"SL1344_1046"	"hpaX"	1150357	1151734	"Right"	66.67	66.67	78.05	100	3	9	41	8	66.67	81.6336734693877	"Constitutive"	"chromosome"	"intragenic"
"ST4-74.fa"	1151438	1151439	"ST4-74.fa_1151438_-"	"CDS"	"-"	1151437	1151443	"SL1344_1046"	"hpaX"	"+"	"SL1344_1046"	"hpaX"	1150357	1151734	"Right"	100	77.78	94.44	66.67	2	9	54	9	81.82	90.4728571428571	"Constitutive"	"chromosome"	"intragenic"
"ST4-74.fa"	1151516	1151517	"ST4-74.fa_1151516_+"	"CDS"	"+"	1151512	1151518	"SL1344_1046"	"hpaX"	"+"	"SL1344_1046"	"hpaX"	1150357	1151734	"Right"	100	83.33	68	42.86	3	6	25	7	88.8866666666667	62.500625	"Constitutive"	"chromosome"	"intragenic"
"ST4-74.fa"	1151524	1151525	"ST4-74.fa_1151524_+"	"CDS"	"+"	1151520	1151526	"SL1344_1046"	"hpaX"	"+"	"SL1344_1046"	"hpaX"	1150357	1151734	"Right"	100	88.89	90.62	100	4	9	32	4	92.3084615384615	91.6622222222222	"Constitutive"	"chromosome"	"intragenic"
"ST4-74.fa"	1153655	1153656	"ST4-74.fa_1153655_+"	"intergenic"	"+"	1153651	1153657	"SL1344_1048"	"STM1109"	"++"	"STnc1880"	"no"	1153592	1153744	"Right"	100	75	87.23	100	6	12	47	8	83.3333333333333	89.0874545454545	"Constitutive"	"chromosome"	"intergenic"
"ST4-74.fa"	1157739	1157740	"ST4-74.fa_1157739_-"	"CDS"	"-"	1157738	1157744	"SL1344_1053"	"scsB"	"+"	"SL1344_1053"	"scsB"	1156886	1158773	"Right"	100	100	85.96	84.62	4	5	57	13	100	85.7111428571428	"Constitutive"	"chromosome"	"intragenic"
"ST4-74.fa"	1158851	1158852	"ST4-74.fa_1158851_+"	"CDS"	"+"	1158847	1158853	"SL1344_1054"	"scsC"	"+"	"SL1344_1054"	"scsC"	1158769	1159393	"Right"	100	90	86.96	100	6	10	46	11	93.75	89.4764912280702	"Constitutive"	"chromosome"	"intragenic"
"ST4-74.fa"	1158872	1158873	"ST4-74.fa_1158872_-"	"CDS"	"-"	1158871	1158877	"SL1344_1054"	"scsC"	"+"	"SL1344_1054"	"scsC"	1158769	1159393	"Right"	100	66.67	82.76	92.86	2	3	58	14	80.002	84.7238888888889	"Constitutive"	"chromosome"	"intragenic"
"ST4-74.fa"	1160760	1160761	"ST4-74.fa_1160760_+"	"CDS"	"+"	1160756	1160762	"SL1344_1056"	"agp"	"+"	"SL1344_1056"	"agp"	1160021	1161263	"Right"	NA	83.33	87.18	90	NA	12	39	10	83.33	87.7555102040816	"Constitutive"	"chromosome"	"intragenic"
"ST4-74.fa"	1161372	1161373	"ST4-74.fa_1161372_+"	"CDS"	"+"	1161368	1161374	"SL1344_1057"	"yccJ"	"-"	"SL1344_1057"	"yccJ"	1161296	1161524	"Right"	100	100	92.5	100	2	9	40	8	100	93.75	"Constitutive"	"chromosome"	"intragenic"
"ST4-74.fa"	1163820	1163821	"ST4-74.fa_1163820_-"	"CDS"	"-"	1163819	1163825	"SL1344_1061"	"STM1123"	"-"	"SL1344_1061"	"STM1123"	1163464	1163860	"Right"	100	80	83.33	44.44	3	10	42	9	84.6153846153846	76.4670588235294	"Constitutive"	"chromosome"	"intragenic"
"ST4-74.fa"	1166445	1166446	"ST4-74.fa_1166445_+"	"CDS"	"+"	1166441	1166447	"SL1344_1062"	"putA"	"-"	"SL1344_1062"	"putA"	1163918	1167881	"Right"	50	60	68.75	42.86	2	5	32	7	57.1428571428571	64.1030769230769	"Constitutive"	"chromosome"	"intragenic"
"ST4-74.fa"	1169452	1169453	"ST4-74.fa_1169452_-"	"CDS"	"-"	1169451	1169457	"SL1344_1063"	"putP"	"+"	"SL1344_1063"	"putP"	1168302	1169811	"Right"	100	100	95.65	100	1	9	46	7	100	96.2245283018868	"Constitutive"	"chromosome"	"intragenic"
"ST4-74.fa"	1170973	1170974	"ST4-74.fa_1170973_+"	"CDS"	"+"	1170969	1170975	"SL1344_1064"	"phoH"	"+"	"SL1344_1064"	"phoH"	1170637	1171492	"Right"	88.89	100	95.12	100	9	4	41	6	92.3084615384615	95.7429787234043	"Constitutive"	"chromosome"	"intragenic"
"ST4-74.fa"	117153	117154	"ST4-74.fa_117153_-"	"CDS"	"-"	117152	117158	"SL1344_0100"	"STM0100"	"+"	"SL1344_0100"	"STM0100"	116818	117238	"NSR"	80	57.14	28.26	33.33	5	14	46	9	63.1557894736842	29.0896363636364	"MEP-specific"	"chromosome"	"intragenic"
"ST4-74.fa"	1171763	1171764	"ST4-74.fa_1171763_+"	"CDS"	"+"	1171759	1171765	"SL1344_1065"	"STM1127"	"-"	"SL1344_1065"	"STM1127"	1171597	1172479	"Right"	85.71	100	84.21	80	7	5	38	5	91.6641666666666	83.7204651162791	"Constitutive"	"chromosome"	"intragenic"
"ST4-74.fa"	1172846	1172847	"ST4-74.fa_1172846_-"	"CDS"	"-"	1172845	1172851	"SL1344_1066"	"STM1128"	"-"	"SL1344_1066"	"STM1128"	1172763	1174260	"Right"	100	100	85.71	90.91	5	2	49	11	100	86.6633333333333	"Constitutive"	"chromosome"	"intragenic"
"ST4-74.fa"	1178090	1178091	"ST4-74.fa_1178090_-"	"CDS"	"-"	1178089	1178095	"SL1344_1070"	"STM1132"	"+"	"SL1344_1070"	"STM1132"	1177963	1179244	"Right"	50	100	95.31	90	4	4	64	10	75	94.5924324324324	"Constitutive"	"chromosome"	"intragenic"
"ST4-74.fa"	1183355	1183356	"ST4-74.fa_1183355_+"	"CDS"	"+"	1183351	1183357	"SL1344_1074"	"ycdY"	"+"	"SL1344_1074"	"ycdY"	1182988	1183543	"Right"	85.71	100	85.71	66.67	7	4	42	6	90.9063636363636	83.33	"Constitutive"	"chromosome"	"intragenic"
"ST4-74.fa"	118395	118396	"ST4-74.fa_118395_+"	"CDS"	"+"	118391	118397	"SL1344_0102"	"araA"	"-"	"SL1344_0102"	"araA"	118079	119582	"NSR"	80	66.67	61.11	100	5	9	54	2	71.4307142857143	62.4989285714286	"Constitutive"	"chromosome"	"intragenic"
"ST4-74.fa"	1184486	1184487	"ST4-74.fa_1184486_-"	"CDS"	"-"	1184485	1184491	"SL1344_1076"	"csgG"	"-"	"SL1344_1076"	"csgG"	1184164	1184911	"Right"	80	83.33	96.15	91.67	5	12	52	12	82.3505882352941	95.31	"Constitutive"	"chromosome"	"intragenic"
"ST4-74.fa"	1191274	1191275	"ST4-74.fa_1191274_+"	"CDS"	"+"	1191270	1191276	"SL1344_1086"	"mdoC"	"-"	"SL1344_1086"	"mdoC"	1191132	1192287	"Right"	100	100	86.27	50	2	6	51	2	100	84.901320754717	"Constitutive"	"chromosome"	"intragenic"
"ST4-74.fa"	1194047	1194048	"ST4-74.fa_1194047_+"	"CDS"	"+"	1194043	1194049	"SL1344_1087"	"mdoG"	"+"	"SL1344_1087"	"mdoG"	1192558	1194094	"Right"	100	100	85.42	100	6	11	48	8	100	87.5028571428571	"Constitutive"	"chromosome"	"intragenic"
"ST4-74.fa"	1194315	1194316	"ST4-74.fa_1194315_+"	"CDS"	"+"	1194311	1194317	"SL1344_1088"	"mdoH"	"+"	"SL1344_1088"	"mdoH"	1194086	1196630	"Right"	100	100	86.49	100	4	10	37	3	100	87.50325	"Constitutive"	"chromosome"	"intragenic"
"ST4-74.fa"	1194822	1194823	"ST4-74.fa_1194822_-"	"CDS"	"-"	1194821	1194827	"SL1344_1088"	"mdoH"	"+"	"SL1344_1088"	"mdoH"	1194086	1196630	"Right"	NA	92.31	95	88.89	NA	13	60	9	92.31	94.2030434782609	"Constitutive"	"chromosome"	"intragenic"
"ST4-74.fa"	1195848	1195849	"ST4-74.fa_1195848_-"	"CDS"	"-"	1195847	1195853	"SL1344_1088"	"mdoH"	"+"	"SL1344_1088"	"mdoH"	1194086	1196630	"Right"	100	100	92.06	100	1	6	63	4	100	92.5340298507463	"Constitutive"	"chromosome"	"intragenic"
"ST4-74.fa"	1196235	1196236	"ST4-74.fa_1196235_-"	"CDS"	"-"	1196234	1196240	"SL1344_1088"	"mdoH"	"+"	"SL1344_1088"	"mdoH"	1194086	1196630	"Right"	100	88.89	95.08	100	2	9	61	3	90.91	95.310625	"Constitutive"	"chromosome"	"intragenic"
"ST4-74.fa"	1196875	1196876	"ST4-74.fa_1196875_-"	"CDS"	"-"	1196874	1196880	"SL1344_1089"	"yceK"	"+"	"SL1344_1089"	"yceK"	1196703	1196931	"Right"	100	71.43	78.43	80	2	7	51	5	77.7788888888889	78.5701785714286	"Constitutive"	"chromosome"	"intragenic"
"ST4-74.fa"	1198276	1198277	"ST4-74.fa_1198276_+"	"CDS"	"+"	1198272	1198278	"SL1344_1091"	"yceE"	"-"	"SL1344_1091"	"yceE"	1197387	1198602	"Right"	100	50	25	50	1	4	24	4	60	28.5714285714286	"MEP-specific"	"chromosome"	"intragenic"
"ST4-74.fa"	1198922	1198923	"ST4-74.fa_1198922_+"	"CDS"	"+"	1198918	1198924	"SL1344_1092"	"htrB"	"-"	"SL1344_1092"	"htrB"	1198756	1199677	"Right"	100	100	100	100	3	8	28	6	100	100	"Constitutive"	"chromosome"	"intragenic"
"ST4-74.fa"	119959	119960	"ST4-74.fa_119959_-"	"CDS"	"-"	119958	119964	"SL1344_0103"	"araB"	"-"	"SL1344_0103"	"araB"	119592	121302	"NSR"	100	100	94.55	83.33	5	13	55	12	100	92.540447761194	"Constitutive"	"chromosome"	"intragenic"
"ST4-74.fa"	1201957	1201958	"ST4-74.fa_1201957_+"	"CDS"	"+"	1201953	1201959	"SL1344_1095"	"yceJ"	"-"	"SL1344_1095"	"yceJ"	1201572	1202145	"Right"	100	100	92.31	100	2	12	39	7	100	93.4802173913044	"Constitutive"	"chromosome"	"intragenic"
"ST4-74.fa"	1211100	1211101	"ST4-74.fa_1211100_+"	"intergenic"	"+"	1211096	1211102	"SL1344_1106"	"mviM"	"++"	"SL1344_1107"	"mviN"	1210840	1211104	"Right"	100	50	45	40	1	4	20	5	60	44	"Constitutive"	"chromosome"	"intergenic"
"ST4-74.fa"	1211561	1211562	"ST4-74.fa_1211561_-"	"CDS"	"-"	1211560	1211566	"SL1344_1107"	"mviN"	"+"	"SL1344_1107"	"mviN"	1211104	1212679	"Right"	100	87.5	80.39	85.71	1	8	51	7	88.8888888888889	81.0320689655173	"Constitutive"	"chromosome"	"intragenic"
"ST4-74.fa"	1212485	1212486	"ST4-74.fa_1212485_-"	"CDS"	"-"	1212484	1212490	"SL1344_1107"	"mviN"	"+"	"SL1344_1107"	"mviN"	1211104	1212679	"Right"	NA	100	77.5	100	NA	7	40	7	100	80.8510638297872	"Constitutive"	"chromosome"	"intragenic"
"ST4-74.fa"	1213861	1213862	"ST4-74.fa_1213861_-"	"CDS"	"-"	1213860	1213866	"SL1344_1110"	"flgA"	"-"	"SL1344_1110"	"flgA"	1213572	1214232	"Right"	66.67	100	93.33	100	3	5	30	7	87.50125	94.5918918918919	"Constitutive"	"chromosome"	"intragenic"
"ST4-74.fa"	1214662	1214663	"ST4-74.fa_1214662_+"	"CDS"	"+"	1214658	1214664	"SL1344_1111"	"flgB"	"+"	"SL1344_1111"	"flgB"	1214388	1214805	"Right"	100	75	94.74	100	3	4	19	6	85.7142857142857	96.0024	"Constitutive"	"chromosome"	"intragenic"
"ST4-74.fa"	1216	1217	"ST4-74.fa_1216_-"	"CDS"	"-"	1215	1221	"SL1344_0002"	"thrA"	"+"	"SL1344_0002"	"thrA"	336	2799	"NSR"	25	57.14	81.25	100	4	7	32	8	45.4527272727273	85	"Constitutive"	"chromosome"	"intragenic"
"ST4-74.fa"	1217956	1217957	"ST4-74.fa_1217956_+"	"CDS"	"+"	1217952	1217958	"SL1344_1116"	"flgG"	"+"	"SL1344_1116"	"flgG"	1217950	1218733	"Right"	100	100	93.02	100	3	5	43	6	100	93.874693877551	"Constitutive"	"chromosome"	"intragenic"
"ST4-74.fa"	1218320	1218321	"ST4-74.fa_1218320_+"	"CDS"	"+"	1218316	1218322	"SL1344_1116"	"flgG"	"+"	"SL1344_1116"	"flgG"	1217950	1218733	"Right"	100	100	88.89	75	3	5	45	4	100	87.7561224489796	"Constitutive"	"chromosome"	"intragenic"
"ST4-74.fa"	1218704	1218705	"ST4-74.fa_1218704_+"	"CDS"	"+"	1218700	1218706	"SL1344_1116"	"flgG"	"+"	"SL1344_1116"	"flgG"	1217950	1218733	"Right"	100	80	91.84	75	3	5	49	4	87.5	90.5690566037736	"Constitutive"	"chromosome"	"intragenic"
"ST4-74.fa"	1219247	1219248	"ST4-74.fa_1219247_+"	"CDS"	"+"	1219243	1219249	"SL1344_1117"	"flgH"	"+"	"SL1344_1117"	"flgH"	1218787	1219486	"Right"	50	75	84.78	66.67	2	4	46	6	66.6666666666667	82.6903846153846	"Constitutive"	"chromosome"	"intragenic"
"ST4-74.fa"	1219603	1219604	"ST4-74.fa_1219603_-"	"CDS"	"-"	1219602	1219608	"SL1344_1118"	"flgI"	"+"	"SL1344_1118"	"flgI"	1219497	1220595	"Right"	75	83.33	89.36	100	4	6	47	6	79.998	90.5645283018868	"Constitutive"	"chromosome"	"intragenic"
"ST4-74.fa"	1220790	1220791	"ST4-74.fa_1220790_+"	"CDS"	"+"	1220786	1220792	"SL1344_1119"	"flgJ"	"+"	"SL1344_1119"	"flgJ"	1220594	1221545	"Right"	60	50	68.18	83.33	5	6	44	6	54.5454545454545	69.998	"Constitutive"	"chromosome"	"intragenic"
"ST4-74.fa"	1222054	1222055	"ST4-74.fa_1222054_+"	"CDS"	"+"	1222050	1222056	"SL1344_1120"	"flgK"	"+"	"SL1344_1120"	"flgK"	1221609	1223271	"Right"	80	100	97.83	80	5	7	46	5	91.6666666666667	96.0819607843137	"Constitutive"	"chromosome"	"intragenic"
"ST4-74.fa"	1222069	1222070	"ST4-74.fa_1222069_+"	"CDS"	"+"	1222065	1222071	"SL1344_1120"	"flgK"	"+"	"SL1344_1120"	"flgK"	1221609	1223271	"Right"	100	100	92.59	75	3	7	54	4	100	91.3768965517241	"Constitutive"	"chromosome"	"intragenic"
"ST4-74.fa"	1222210	1222211	"ST4-74.fa_1222210_+"	"CDS"	"+"	1222206	1222212	"SL1344_1120"	"flgK"	"+"	"SL1344_1120"	"flgK"	1221609	1223271	"Right"	100	100	96.77	60	5	4	31	5	100	91.6630555555556	"Constitutive"	"chromosome"	"intragenic"
"ST4-74.fa"	1222219	1222220	"ST4-74.fa_1222219_+"	"CDS"	"+"	1222215	1222221	"SL1344_1120"	"flgK"	"+"	"SL1344_1120"	"flgK"	1221609	1223271	"Right"	100	83.33	88.57	100	5	6	35	5	90.9072727272727	89.99875	"Constitutive"	"chromosome"	"intragenic"
"ST4-74.fa"	1222486	1222487	"ST4-74.fa_1222486_+"	"CDS"	"+"	1222482	1222488	"SL1344_1120"	"flgK"	"+"	"SL1344_1120"	"flgK"	1221609	1223271	"Right"	100	100	91.49	100	5	6	47	5	100	92.3082692307692	"Constitutive"	"chromosome"	"intragenic"
"ST4-74.fa"	122330	122331	"ST4-74.fa_122330_+"	"CDS"	"+"	122326	122332	"SL1344_0104"	"araC"	"+"	"SL1344_0104"	"araC"	121642	122488	"NSR"	100	63.64	67.92	33.33	4	11	53	6	73.336	64.4023728813559	"Constitutive"	"chromosome"	"intragenic"
"ST4-74.fa"	1223643	1223644	"ST4-74.fa_1223643_+"	"CDS"	"+"	1223639	1223645	"SL1344_1121"	"flgL"	"+"	"SL1344_1121"	"flgL"	1223285	1224239	"Right"	100	100	90	100	3	4	40	10	100	92	"Constitutive"	"chromosome"	"intragenic"
"ST4-74.fa"	122414	122415	"ST4-74.fa_122414_+"	"CDS"	"+"	122410	122416	"SL1344_0104"	"araC"	"+"	"SL1344_0104"	"araC"	121642	122488	"NSR"	83.33	71.43	87.93	66.67	6	14	58	6	75	85.936875	"Constitutive"	"chromosome"	"intragenic"
"ST4-74.fa"	1226266	1226267	"ST4-74.fa_1226266_-"	"CDS"	"-"	1226265	1226271	"SL1344_1122"	"rne"	"-"	"SL1344_1122"	"rne"	1224495	1227699	"Right"	50	66.67	86.05	85.71	2	6	43	7	62.5025	86.0024	"Constitutive"	"chromosome"	"intragenic"
"ST4-74.fa"	1226674	1226675	"ST4-74.fa_1226674_+"	"CDS"	"+"	1226670	1226676	"SL1344_1122"	"rne"	"-"	"SL1344_1122"	"rne"	1224495	1227699	"Right"	75	77.78	90.24	83.33	4	9	41	6	76.9246153846154	89.3578723404255	"Constitutive"	"chromosome"	"intragenic"
"ST4-74.fa"	1227010	1227011	"ST4-74.fa_1227010_+"	"CDS"	"+"	1227006	1227012	"SL1344_1122"	"rne"	"-"	"SL1344_1122"	"rne"	1224495	1227699	"Right"	80	50	94.44	83.33	5	6	36	12	63.6363636363636	91.6625	"Constitutive"	"chromosome"	"intragenic"
"ST4-74.fa"	1227082	1227083	"ST4-74.fa_1227082_+"	"CDS"	"+"	1227078	1227084	"SL1344_1122"	"rne"	"-"	"SL1344_1122"	"rne"	1224495	1227699	"Right"	100	100	80.56	70	6	5	36	10	100	78.2643478260869	"Constitutive"	"chromosome"	"intragenic"
"ST4-74.fa"	12298	12299	"ST4-74.fa_12298_-"	"CDS"	"-"	12297	12303	"SL1344_0012"	"dnaK"	"+"	"SL1344_0012"	"dnaK"	11592	13509	"NSR"	83.33	50	78.72	57.14	6	6	47	7	66.665	75.9225925925926	"Constitutive"	"chromosome"	"intragenic"
"ST4-74.fa"	1230702	1230703	"ST4-74.fa_1230702_+"	"CDS"	"+"	1230698	1230704	"SL1344_1126"	"maf-a"	"-"	"SL1344_1126"	"maf-a"	1230632	1231217	"Right"	85.71	85.71	94.23	100	7	7	52	9	85.71	95.0813114754098	"Constitutive"	"chromosome"	"intragenic"
"ST4-74.fa"	1231502	1231503	"ST4-74.fa_1231502_+"	"CDS"	"+"	1231498	1231504	"SL1344_1127"	"yceD"	"+"	"SL1344_1127"	"yceD"	1231414	1231936	"Right"	100	100	96.15	100	5	7	52	10	100	96.7709677419355	"Constitutive"	"chromosome"	"intragenic"
"ST4-74.fa"	12334	12335	"ST4-74.fa_12334_+"	"CDS"	"+"	12330	12336	"SL1344_0012"	"dnaK"	"+"	"SL1344_0012"	"dnaK"	11592	13509	"NSR"	100	72.73	88.89	100	5	22	45	5	77.78	90.001	"Constitutive"	"chromosome"	"intragenic"
"ST4-74.fa"	1235836	1235837	"ST4-74.fa_1235836_-"	"CDS"	"-"	1235835	1235841	"SL1344_1132"	"fabG"	"+"	"SL1344_1132"	"fabG"	1235364	1236099	"Right"	NA	80	80	100	NA	5	60	5	80	81.5384615384615	"Constitutive"	"chromosome"	"intragenic"
"ST4-74.fa"	1235950	1235951	"ST4-74.fa_1235950_+"	"CDS"	"+"	1235946	1235952	"SL1344_1132"	"fabG"	"+"	"SL1344_1132"	"fabG"	1235364	1236099	"Right"	100	100	93.33	83.33	6	3	45	6	100	92.1535294117647	"Constitutive"	"chromosome"	"intragenic"
"ST4-74.fa"	1236685	1236686	"ST4-74.fa_1236685_-"	"CDS"	"-"	1236684	1236690	"SL1344_1134"	"fabF"	"+"	"SL1344_1134"	"fabF"	1236576	1237818	"Right"	NA	100	70.18	66.67	NA	3	57	3	100	70.0045	"Constitutive"	"chromosome"	"intragenic"
"ST4-74.fa"	1236916	1236917	"ST4-74.fa_1236916_-"	"CDS"	"-"	1236915	1236921	"SL1344_1134"	"fabF"	"+"	"SL1344_1134"	"fabF"	1236576	1237818	"Right"	100	83.33	88.14	80	1	6	59	5	85.7114285714286	87.5040625	"Constitutive"	"chromosome"	"intragenic"
"ST4-74.fa"	1237657	1237658	"ST4-74.fa_1237657_+"	"CDS"	"+"	1237653	1237659	"SL1344_1134"	"fabF"	"+"	"SL1344_1134"	"fabF"	1236576	1237818	"Right"	100	100	96.49	100	7	4	57	6	100	96.8242857142857	"Constitutive"	"chromosome"	"intragenic"
"ST4-74.fa"	1238521	1238522	"ST4-74.fa_1238521_+"	"CDS"	"+"	1238517	1238523	"SL1344_1135"	"pabC"	"+"	"SL1344_1135"	"pabC"	1237941	1238751	"Right"	80	100	95.56	100	5	2	45	6	85.7142857142857	96.0823529411765	"Constitutive"	"chromosome"	"intragenic"
"ST4-74.fa"	1239366	1239367	"ST4-74.fa_1239366_+"	"CDS"	"+"	1239362	1239368	"SL1344_1136"	"yceG"	"+"	"SL1344_1136"	"yceG"	1238819	1239776	"Right"	75	100	87.5	85.71	4	3	48	7	85.7142857142857	87.2721818181818	"Constitutive"	"chromosome"	"intragenic"
"ST4-74.fa"	1239432	1239433	"ST4-74.fa_1239432_+"	"CDS"	"+"	1239428	1239434	"SL1344_1136"	"yceG"	"+"	"SL1344_1136"	"yceG"	1238819	1239776	"Right"	100	100	100	87.5	4	4	48	8	100	98.2142857142857	"Constitutive"	"chromosome"	"intragenic"
"ST4-74.fa"	1243531	1243532	"ST4-74.fa_1243531_-"	"CDS"	"-"	1243530	1243536	"SL1344_1140"	"ptsG"	"+"	"SL1344_1140"	"ptsG"	1242510	1243944	"Right"	80	71.43	90	100	5	7	60	6	75.0008333333333	90.9090909090909	"Constitutive"	"chromosome"	"intragenic"
"ST4-74.fa"	1243633	1243634	"ST4-74.fa_1243633_-"	"CDS"	"-"	1243632	1243638	"SL1344_1140"	"ptsG"	"+"	"SL1344_1140"	"ptsG"	1242510	1243944	"Right"	100	83.33	92.06	100	4	6	63	8	89.998	92.9546478873239	"Constitutive"	"chromosome"	"intragenic"
"ST4-74.fa"	1243819	1243820	"ST4-74.fa_1243819_+"	"CDS"	"+"	1243815	1243821	"SL1344_1140"	"ptsG"	"+"	"SL1344_1140"	"ptsG"	1242510	1243944	"Right"	66.67	100	90.91	85.71	3	6	55	7	88.89	90.3229032258065	"Constitutive"	"chromosome"	"intragenic"
"ST4-74.fa"	1245884	1245885	"ST4-74.fa_1245884_-"	"CDS"	"-"	1245883	1245889	"SL1344_1141"	"fhuE"	"-"	"SL1344_1141"	"fhuE"	1244028	1246203	"Right"	100	66.67	78.26	100	2	9	46	6	72.73	80.7684615384615	"Constitutive"	"chromosome"	"intragenic"
"ST4-74.fa"	1246683	1246684	"ST4-74.fa_1246683_-"	"CDS"	"-"	1246682	1246688	"SL1344_1142"	"ycfF"	"+"	"SL1344_1142"	"ycfF"	1246544	1246904	"Right"	66.67	60	80.85	60	6	10	47	5	62.50125	78.8451923076923	"Constitutive"	"chromosome"	"intragenic"
"ST4-74.fa"	1248935	1248936	"ST4-74.fa_1248935_+"	"CDS"	"+"	1248931	1248937	"SL1344_1146"	"nagZ"	"+"	"SL1344_1146"	"nagZ"	1248748	1249774	"Right"	100	85.71	87.8	75	3	7	41	4	89.997	86.6622222222222	"Constitutive"	"chromosome"	"intragenic"
"ST4-74.fa"	1252529	1252530	"ST4-74.fa_1252529_+"	"CDS"	"+"	1252525	1252531	"SL1344_1149"	"ycfJ"	"+"	"SL1344_1149"	"ycfJ"	1252078	1252618	"Right"	100	66.67	88.46	55.56	3	9	26	9	75.0025	80	"Constitutive"	"chromosome"	"intragenic"
"ST4-74.fa"	1252705	1252706	"ST4-74.fa_1252705_+"	"CDS"	"+"	1252701	1252707	"SL1344_1150"	"ycfQ"	"-"	"SL1344_1150"	"ycfQ"	1252692	1253328	"Right"	66.67	100	97.44	77.78	3	10	39	9	92.3084615384615	93.75375	"Constitutive"	"chromosome"	"intragenic"
"ST4-74.fa"	1252778	1252779	"ST4-74.fa_1252778_-"	"CDS"	"-"	1252777	1252783	"SL1344_1150"	"ycfQ"	"-"	"SL1344_1150"	"ycfQ"	1252692	1253328	"Right"	85.71	70	88.24	87.5	7	10	51	8	76.4688235294118	88.1396610169491	"Constitutive"	"chromosome"	"intragenic"
"ST4-74.fa"	1253726	1253727	"ST4-74.fa_1253726_+"	"CDS"	"+"	1253722	1253728	"SL1344_1151"	"ycfR"	"+"	"SL1344_1151"	"ycfR"	1253569	1253827	"Right"	100	78.57	94.44	75	1	14	36	8	79.9986666666667	90.9054545454545	"Constitutive"	"chromosome"	"intragenic"
"ST4-74.fa"	1256363	1256364	"ST4-74.fa_1256363_+"	"CDS"	"+"	1256359	1256365	"SL1344_1153"	"mfd"	"-"	"SL1344_1153"	"mfd"	1255036	1258483	"Right"	100	60	71.43	75	2	5	35	4	71.4285714285714	71.7961538461539	"Constitutive"	"chromosome"	"intragenic"
"ST4-74.fa"	1256669	1256670	"ST4-74.fa_1256669_-"	"CDS"	"-"	1256668	1256674	"SL1344_1153"	"mfd"	"-"	"SL1344_1153"	"mfd"	1255036	1258483	"Right"	100	100	88.14	88.89	3	6	59	9	100	88.2392647058824	"Constitutive"	"chromosome"	"intragenic"
"ST4-74.fa"	1258019	1258020	"ST4-74.fa_1258019_-"	"CDS"	"-"	1258018	1258024	"SL1344_1153"	"mfd"	"-"	"SL1344_1153"	"mfd"	1255036	1258483	"Right"	100	87.5	98.18	83.33	4	8	55	18	91.6666666666667	94.5183561643836	"Constitutive"	"chromosome"	"intragenic"
"ST4-74.fa"	1258289	1258290	"ST4-74.fa_1258289_-"	"CDS"	"-"	1258288	1258294	"SL1344_1153"	"mfd"	"-"	"SL1344_1153"	"mfd"	1255036	1258483	"Right"	100	57.14	83.64	93.33	4	7	55	15	72.7254545454546	85.7164285714286	"Constitutive"	"chromosome"	"intragenic"
"ST4-74.fa"	1258436	1258437	"ST4-74.fa_1258436_-"	"CDS"	"-"	1258435	1258441	"SL1344_1153"	"mfd"	"-"	"SL1344_1153"	"mfd"	1255036	1258483	"Right"	100	87.5	88.89	84.62	2	8	54	13	90	88.0614925373134	"Constitutive"	"chromosome"	"intragenic"
"ST4-74.fa"	1259301	1259302	"ST4-74.fa_1259301_+"	"CDS"	"+"	1259297	1259303	"SL1344_1154"	"ycfU"	"+"	"SL1344_1154"	"ycfU"	1258820	1260020	"Ter"	0	75	85.71	83.33	1	8	42	6	66.6666666666667	85.4125	"Constitutive"	"chromosome"	"intragenic"
"ST4-74.fa"	1265596	1265597	"ST4-74.fa_1265596_+"	"CDS"	"+"	1265592	1265598	"SL1344_1160"	"potC"	"-"	"SL1344_1160"	"potC"	1264890	1265670	"Ter"	100	75	82.93	71.43	4	8	41	7	83.3333333333333	81.2529166666667	"Constitutive"	"chromosome"	"intragenic"
"ST4-74.fa"	1266106	1266107	"ST4-74.fa_1266106_-"	"CDS"	"-"	1266105	1266111	"SL1344_1161"	"sifA"	"-"	"SL1344_1161"	"sifA"	1265985	1266996	"Ter"	50	75	86.79	70	2	12	53	10	71.4285714285714	84.1249206349206	"Constitutive"	"chromosome"	"intragenic"
"ST4-74.fa"	1266111	1266112	"ST4-74.fa_1266111_+"	"CDS"	"+"	1266107	1266113	"SL1344_1161"	"sifA"	"-"	"SL1344_1161"	"sifA"	1265985	1266996	"Ter"	33.33	50	57.58	37.5	3	6	33	8	44.4433333333333	53.6619512195122	"Constitutive"	"chromosome"	"intragenic"
"ST4-74.fa"	126747	126748	"ST4-74.fa_126747_+"	"ncRNA"	"+"	126743	126749	"SL1344_ncRNA_4"	"no"	"-"	"SL1344_ncRNA_4"	"no"	126712	126802	"NSR"	100	93.75	92.42	87.5	11	16	66	8	96.2962962962963	91.8881081081081	"Constitutive"	"chromosome"	"intragenic"
"ST4-74.fa"	1267847	1267848	"ST4-74.fa_1267847_+"	"CDS"	"+"	1267843	1267849	"SL1344_1162"	"potB"	"-"	"SL1344_1162"	"potB"	1267324	1268188	"Ter"	100	100	75	87.5	4	8	36	8	100	77.2727272727273	"Constitutive"	"chromosome"	"intragenic"
"ST4-74.fa"	1267970	1267971	"ST4-74.fa_1267970_+"	"CDS"	"+"	1267966	1267972	"SL1344_1162"	"potB"	"-"	"SL1344_1162"	"potB"	1267324	1268188	"Ter"	83.33	87.5	100	100	6	8	40	4	85.7128571428571	100	"Constitutive"	"chromosome"	"intragenic"
"ST4-74.fa"	1268685	1268686	"ST4-74.fa_1268685_-"	"CDS"	"-"	1268684	1268690	"SL1344_1163"	"potA"	"-"	"SL1344_1163"	"potA"	1268171	1269308	"Ter"	100	87.5	75	100	2	8	44	7	90	78.4313725490196	"Constitutive"	"chromosome"	"intragenic"
"ST4-74.fa"	1273364	1273365	"ST4-74.fa_1273364_-"	"CDS"	"-"	1273363	1273369	"SL1344_1167"	"ycfD"	"-"	"SL1344_1167"	"ycfD"	1272876	1273998	"Ter"	66.67	90.91	94.34	70	6	11	53	10	82.3547058823529	90.4765079365079	"Constitutive"	"chromosome"	"intragenic"
"ST4-74.fa"	1273369	1273370	"ST4-74.fa_1273369_+"	"CDS"	"+"	1273365	1273371	"SL1344_1167"	"ycfD"	"-"	"SL1344_1167"	"ycfD"	1272876	1273998	"Ter"	100	80	95.35	100	3	5	43	5	87.5	95.834375	"Constitutive"	"chromosome"	"intragenic"
"ST4-74.fa"	1273615	1273616	"ST4-74.fa_1273615_-"	"CDS"	"-"	1273614	1273620	"SL1344_1167"	"ycfD"	"-"	"SL1344_1167"	"ycfD"	1272876	1273998	"Ter"	100	83.33	91.53	90	4	12	59	10	87.4975	91.3082608695652	"Constitutive"	"chromosome"	"intragenic"
"ST4-74.fa"	1274608	1274609	"ST4-74.fa_1274608_-"	"CDS"	"-"	1274607	1274613	"SL1344_1168"	"phoQ"	"-"	"SL1344_1168"	"phoQ"	1274078	1275542	"Ter"	100	80	81.82	33.33	3	5	33	6	87.5	74.36	"Constitutive"	"chromosome"	"intragenic"
"ST4-74.fa"	1276907	1276908	"ST4-74.fa_1276907_+"	"CDS"	"+"	1276903	1276909	"SL1344_1170"	"purB"	"-"	"SL1344_1170"	"purB"	1276339	1277710	"Ter"	100	72.73	95.35	100	2	11	43	10	76.9253846153846	96.227358490566	"Constitutive"	"chromosome"	"intragenic"
"ST4-74.fa"	1279096	1279097	"ST4-74.fa_1279096_-"	"CDS"	"-"	1279095	1279101	"SL1344_1172"	"mnmA"	"-"	"SL1344_1172"	"mnmA"	1278441	1279548	"Ter"	50	66.67	72.5	83.33	2	6	40	6	62.5025	73.9126086956522	"Constitutive"	"chromosome"	"intragenic"
"ST4-74.fa"	1291582	1291583	"ST4-74.fa_1291582_+"	"intergenic"	"+"	1291578	1291584	"SL1344_1185"	"pliC"	"-+"	"SL1344_1186"	"STM1250"	1291242	1291944	"Ter"	100	72.73	85.11	66.67	2	11	47	6	76.9253846153846	83.0224528301887	"Constitutive"	"chromosome"	"intergenic"
"ST4-74.fa"	1292636	1292637	"ST4-74.fa_1292636_+"	"CDS"	"+"	1292632	1292638	"SL1344_1187"	"STM1251"	"+"	"SL1344_1187"	"STM1251"	1292368	1292836	"Ter"	100	100	92.59	100	4	5	54	5	100	93.2179661016949	"Constitutive"	"chromosome"	"intragenic"
"ST4-74.fa"	1296597	1296598	"ST4-74.fa_1296597_-"	"CDS"	"-"	1296596	1296602	"SL1344_1191"	"STM1255"	"+"	"SL1344_1191"	"STM1255"	1295975	1297610	"Ter"	50	75	87.1	87.5	2	12	62	8	71.4285714285714	87.1457142857143	"Constitutive"	"chromosome"	"intragenic"
"ST4-74.fa"	1298928	1298929	"ST4-74.fa_1298928_-"	"CDS"	"-"	1298927	1298933	"SL1344_1193"	"STM1257"	"+"	"SL1344_1193"	"STM1257"	1298573	1299386	"Ter"	0	100	96.92	100	1	14	65	6	93.3333333333333	97.1802816901408	"Constitutive"	"chromosome"	"intragenic"
"ST4-74.fa"	1299336	1299337	"ST4-74.fa_1299336_+"	"CDS"	"+"	1299332	1299338	"SL1344_1193"	"STM1257"	"+"	"SL1344_1193"	"STM1257"	1298573	1299386	"Ter"	50	100	91.23	90.91	2	14	57	11	93.75	91.1782352941177	"Constitutive"	"chromosome"	"intragenic"
"ST4-74.fa"	1301629	1301630	"ST4-74.fa_1301629_-"	"CDS"	"-"	1301628	1301634	"SL1344_1196"	"STM1260"	"-"	"SL1344_1196"	"STM1260"	1300842	1301976	"Ter"	100	62.5	91.94	85.71	1	8	62	7	66.6666666666667	91.3079710144928	"Constitutive"	"chromosome"	"intragenic"
"ST4-74.fa"	1307649	1307650	"ST4-74.fa_1307649_-"	"CDS"	"-"	1307648	1307654	"SL1344_1205"	"yeaS"	"+"	"SL1344_1205"	"yeaS"	1307447	1308086	"Ter"	50	76.92	78.85	71.43	2	13	52	7	73.3306666666667	77.9696610169491	"Constitutive"	"chromosome"	"intragenic"
"ST4-74.fa"	1310128	1310129	"ST4-74.fa_1310128_+"	"CDS"	"+"	1310124	1310130	"SL1344_1210"	"yeaQ"	"+"	"SL1344_1210"	"yeaQ"	1309990	1310239	"Ter"	100	100	95.56	100	4	9	45	3	100	95.8375	"Constitutive"	"chromosome"	"intragenic"
"ST4-74.fa"	1311703	1311704	"ST4-74.fa_1311703_+"	"intergenic"	"+"	1311699	1311705	"SL1344_1213"	"yeaO"	"--"	"SL1344_1214"	"yeaN"	1311636	1311754	"Ter"	100	80	93.33	100	5	10	45	8	86.6666666666667	94.3367924528302	"Constitutive"	"chromosome"	"intergenic"
"ST4-74.fa"	1313691	1313692	"ST4-74.fa_1313691_-"	"CDS"	"-"	1313690	1313696	"SL1344_1215"	"yeaM"	"+"	"SL1344_1215"	"yeaM"	1313039	1313834	"Ter"	100	90.91	94.83	100	1	11	58	8	91.6675	95.4566666666667	"Constitutive"	"chromosome"	"intragenic"
"ST4-74.fa"	1314240	1314241	"ST4-74.fa_1314240_+"	"CDS"	"+"	1314236	1314242	"SL1344_1216"	"yeaL"	"-"	"SL1344_1216"	"yeaL"	1313813	1314260	"Ter"	66.67	87.5	78.05	85.71	3	8	41	7	81.8190909090909	79.1670833333333	"Constitutive"	"chromosome"	"intragenic"
"ST4-74.fa"	1314864	1314865	"ST4-74.fa_1314864_-"	"CDS"	"-"	1314863	1314869	"SL1344_1217"	"yeaK"	"-"	"SL1344_1217"	"yeaK"	1314569	1315088	"Ter"	100	100	95.92	100	1	6	49	6	100	96.3650909090909	"Constitutive"	"chromosome"	"intragenic"
"ST4-74.fa"	1315468	1315469	"ST4-74.fa_1315468_+"	"CDS"	"+"	1315464	1315470	"SL1344_1218"	"yeaJ"	"-"	"SL1344_1218"	"yeaJ"	1315137	1316631	"Ter"	85.71	100	92.73	75	7	5	55	4	91.6641666666666	91.5279661016949	"Constitutive"	"chromosome"	"intragenic"
"ST4-74.fa"	1316236	1316237	"ST4-74.fa_1316236_-"	"CDS"	"-"	1316235	1316241	"SL1344_1218"	"yeaJ"	"-"	"SL1344_1218"	"yeaJ"	1315137	1316631	"Ter"	100	92.31	97.4	90.91	1	13	77	11	92.8592857142857	96.58875	"Constitutive"	"chromosome"	"intragenic"
"ST4-74.fa"	1317335	1317336	"ST4-74.fa_1317335_-"	"CDS"	"-"	1317334	1317340	"SL1344_1219"	"yeaH"	"-"	"SL1344_1219"	"yeaH"	1317271	1318558	"Ter"	100	91.67	83.64	92.86	2	12	55	14	92.86	85.5107246376812	"Constitutive"	"chromosome"	"intragenic"
"ST4-74.fa"	1319065	1319066	"ST4-74.fa_1319065_-"	"CDS"	"-"	1319064	1319070	"SL1344_1220"	"yeaG"	"-"	"SL1344_1220"	"yeaG"	1318680	1320465	"Ter"	100	100	80.36	70	3	10	56	10	100	78.790303030303	"Constitutive"	"chromosome"	"intragenic"
"ST4-74.fa"	1319191	1319192	"ST4-74.fa_1319191_+"	"CDS"	"+"	1319187	1319193	"SL1344_1220"	"yeaG"	"-"	"SL1344_1220"	"yeaG"	1318680	1320465	"Ter"	100	60	88.64	100	4	10	44	5	71.4285714285714	89.7991836734694	"Constitutive"	"chromosome"	"intragenic"
"ST4-74.fa"	1325128	1325129	"ST4-74.fa_1325128_+"	"CDS"	"+"	1325124	1325130	"SL1344_1224"	"yeaD"	"-"	"SL1344_1224"	"yeaD"	1324326	1325211	"Ter"	100	50	70	42.86	4	2	30	7	83.3333333333333	64.8654054054054	"Constitutive"	"chromosome"	"intragenic"
"ST4-74.fa"	1326347	1326348	"ST4-74.fa_1326347_+"	"CDS"	"+"	1326343	1326349	"SL1344_1225"	"gapA"	"-"	"SL1344_1225"	"gapA"	1325545	1326541	"Ter"	100	80	83.33	100	3	5	42	7	87.5	85.7114285714286	"Constitutive"	"chromosome"	"intragenic"
"ST4-74.fa"	1329918	1329919	"ST4-74.fa_1329918_-"	"CDS"	"-"	1329917	1329923	"SL1344_1230"	"sppA"	"-"	"SL1344_1230"	"sppA"	1329762	1331619	"Ter"	NA	100	94.83	85.71	NA	6	58	7	100	93.8478461538462	"Constitutive"	"chromosome"	"intragenic"
"ST4-74.fa"	1330685	1330686	"ST4-74.fa_1330685_-"	"CDS"	"-"	1330684	1330690	"SL1344_1230"	"sppA"	"-"	"SL1344_1230"	"sppA"	1329762	1331619	"Ter"	100	100	100	87.5	1	3	52	8	100	98.3333333333333	"Constitutive"	"chromosome"	"intragenic"
"ST4-74.fa"	1331236	1331237	"ST4-74.fa_1331236_-"	"CDS"	"-"	1331235	1331241	"SL1344_1230"	"sppA"	"-"	"SL1344_1230"	"sppA"	1329762	1331619	"Ter"	100	100	87.5	100	1	4	32	5	100	89.1891891891892	"Constitutive"	"chromosome"	"intragenic"
"ST4-74.fa"	1332305	1332306	"ST4-74.fa_1332305_+"	"CDS"	"+"	1332301	1332307	"SL1344_1231"	"ydjA"	"+"	"SL1344_1231"	"ydjA"	1331792	1332344	"Ter"	100	85.71	80.56	50	3	7	36	2	89.997	78.9515789473684	"Constitutive"	"chromosome"	"intragenic"
"ST4-74.fa"	1335313	1335314	"ST4-74.fa_1335313_-"	"CDS"	"-"	1335312	1335318	"SL1344_1233"	"topB"	"+"	"SL1344_1233"	"topB"	1333509	1335459	"Ter"	NA	88.89	91.07	100	NA	9	56	13	88.89	92.7524637681159	"Constitutive"	"chromosome"	"intragenic"
"ST4-74.fa"	1336824	1336825	"ST4-74.fa_1336824_-"	"CDS"	"-"	1336823	1336829	"SL1344_1234"	"gdhA"	"-"	"SL1344_1234"	"gdhA"	1335488	1336832	"Ter"	100	42.86	74	71.43	1	7	50	7	50.0025	73.6843859649123	"Constitutive"	"chromosome"	"intragenic"
"ST4-74.fa"	1337233	1337234	"ST4-74.fa_1337233_+"	"CDS"	"+"	1337229	1337235	"SL1344_1235"	"STM1300"	"+"	"SL1344_1235"	"STM1300"	1337070	1337346	"Ter"	100	100	81.4	50	1	6	43	6	100	77.5551020408163	"Constitutive"	"chromosome"	"intragenic"
"ST4-74.fa"	1339152	1339153	"ST4-74.fa_1339152_+"	"CDS"	"+"	1339148	1339154	"SL1344_1238"	"argDa"	"+"	"SL1344_1238"	"argDa"	1339046	1340273	"Ter"	NA	100	95.45	75	NA	5	44	4	100	93.7458333333333	"Constitutive"	"chromosome"	"intragenic"
"ST4-74.fa"	1339314	1339315	"ST4-74.fa_1339314_-"	"CDS"	"-"	1339313	1339319	"SL1344_1238"	"argDa"	"+"	"SL1344_1238"	"argDa"	1339046	1340273	"Ter"	100	50	83.33	75	2	8	54	12	60	81.8154545454545	"Constitutive"	"chromosome"	"intragenic"
"ST4-74.fa"	1341787	1341788	"ST4-74.fa_1341787_-"	"CDS"	"-"	1341786	1341792	"SL1344_1240"	"astD"	"+"	"SL1344_1240"	"astD"	1341294	1342773	"Ter"	60	100	93.88	92.31	5	8	49	13	84.6153846153846	93.5508064516129	"Constitutive"	"chromosome"	"intragenic"
"ST4-74.fa"	1346054	1346055	"ST4-74.fa_1346054_-"	"CDS"	"-"	1346053	1346059	"SL1344_1244"	"STM1309"	"-"	"SL1344_1244"	"STM1309"	1345969	1346851	"Ter"	100	100	92.86	100	2	12	56	14	100	94.288	"Constitutive"	"chromosome"	"intragenic"
"ST4-74.fa"	1346558	1346559	"ST4-74.fa_1346558_+"	"CDS"	"+"	1346554	1346560	"SL1344_1244"	"STM1309"	"-"	"SL1344_1244"	"STM1309"	1345969	1346851	"Ter"	100	60	78.43	75	1	5	51	8	66.6666666666667	77.9649152542373	"Constitutive"	"chromosome"	"intragenic"
"ST4-74.fa"	1349999	1350000	"ST4-74.fa_1349999_-"	"CDS"	"-"	1349998	1350004	"SL1344_1248"	"celB"	"+"	"SL1344_1248"	"celB"	1349062	1350421	"Ter"	100	100	92.06	90.91	5	10	63	22	100	91.7623529411765	"Constitutive"	"chromosome"	"intragenic"
"ST4-74.fa"	1350697	1350698	"ST4-74.fa_1350697_+"	"CDS"	"+"	1350693	1350699	"SL1344_1249"	"celC"	"+"	"SL1344_1249"	"celC"	1350471	1350819	"Ter"	100	100	89.13	90.91	2	7	46	11	100	89.4735087719298	"Constitutive"	"chromosome"	"intragenic"
"ST4-74.fa"	1350778	1350779	"ST4-74.fa_1350778_-"	"CDS"	"-"	1350777	1350783	"SL1344_1249"	"celC"	"+"	"SL1344_1249"	"celC"	1350471	1350819	"Ter"	100	88.89	88.24	93.75	5	9	51	16	92.8578571428571	89.5558208955224	"Constitutive"	"chromosome"	"intragenic"
"ST4-74.fa"	1354591	1354592	"ST4-74.fa_1354591_-"	"CDS"	"-"	1354590	1354596	"SL1344_1253"	"katE"	"-"	"SL1344_1253"	"katE"	1353966	1356219	"Ter"	50	100	90	92.31	2	5	50	13	85.7142857142857	90.4766666666667	"Constitutive"	"chromosome"	"intragenic"
"ST4-74.fa"	1355392	1355393	"ST4-74.fa_1355392_+"	"CDS"	"+"	1355388	1355394	"SL1344_1253"	"katE"	"-"	"SL1344_1253"	"katE"	1353966	1356219	"Ter"	100	100	91.07	100	2	6	56	12	100	92.6458823529412	"Constitutive"	"chromosome"	"intragenic"
"ST4-74.fa"	1359267	1359268	"ST4-74.fa_1359267_+"	"CDS"	"+"	1359263	1359269	"SL1344_1257"	"yniC"	"-"	"SL1344_1257"	"yniC"	1359192	1359861	"Ter"	0	66.67	74.47	83.33	2	3	47	12	40.002	76.2720338983051	"Constitutive"	"chromosome"	"intragenic"
"ST4-74.fa"	1359808	1359809	"ST4-74.fa_1359808_+"	"CDS"	"+"	1359804	1359810	"SL1344_1257"	"yniC"	"-"	"SL1344_1257"	"yniC"	1359192	1359861	"Ter"	NA	100	55.56	28.57	NA	3	36	7	100	51.1662790697674	"Constitutive"	"chromosome"	"intragenic"
"ST4-74.fa"	1359944	1359945	"ST4-74.fa_1359944_+"	"intergenic"	"+"	1359940	1359946	"SL1344_1257"	"yniC"	"-+"	"SL1344_1258"	"yniB"	1359861	1360009	"Ter"	0	75	66.67	75	2	4	45	16	50	68.8549180327869	"Constitutive"	"chromosome"	"intergenic"
"ST4-74.fa"	1360373	1360374	"ST4-74.fa_1360373_+"	"CDS"	"+"	1360369	1360375	"SL1344_1258"	"yniB"	"+"	"SL1344_1258"	"yniB"	1360009	1360546	"Ter"	50	0	45.24	33.33	2	4	42	12	16.6666666666667	42.5933333333333	"LSP-specific"	"chromosome"	"intragenic"
"ST4-74.fa"	1360757	1360758	"ST4-74.fa_1360757_-"	"CDS"	"-"	1360756	1360762	"SL1344_1259"	"STM1324"	"-"	"SL1344_1259"	"STM1324"	1360588	1361449	"Ter"	100	33.33	60	75	2	3	25	4	59.998	62.0689655172414	"Constitutive"	"chromosome"	"intragenic"
"ST4-74.fa"	1361267	1361268	"ST4-74.fa_1361267_-"	"CDS"	"-"	1361266	1361272	"SL1344_1259"	"STM1324"	"-"	"SL1344_1259"	"STM1324"	1360588	1361449	"Ter"	75	90.91	91.49	90.91	4	11	47	11	86.6673333333333	91.38	"Constitutive"	"chromosome"	"intragenic"
"ST4-74.fa"	1366071	1366072	"ST4-74.fa_1366071_+"	"CDS"	"+"	1366067	1366073	"SL1344_1265"	"STM1330"	"+"	"SL1344_1265"	"STM1330"	1365482	1366238	"Ter"	33.33	75	81.25	84.62	3	12	48	13	66.666	81.9681967213115	"Constitutive"	"chromosome"	"intragenic"
"ST4-74.fa"	1372391	1372392	"ST4-74.fa_1372391_-"	"intergenic"	"-"	1372390	1372396	"SL1344_1270"	"rpl20"	"++"	"SL1344_1271"	"pheS"	1372229	1372530	"Ter"	100	72.73	86.05	100	2	11	43	6	76.9253846153846	87.7581632653061	"Constitutive"	"chromosome"	"intergenic"
"ST4-74.fa"	1374775	1374776	"ST4-74.fa_1374775_-"	"CDS"	"-"	1374774	1374780	"SL1344_1272"	"pheT"	"+"	"SL1344_1272"	"pheT"	1373529	1375917	"Ter"	100	81.82	93.85	92.31	2	11	65	13	84.6169230769231	93.5933333333333	"Constitutive"	"chromosome"	"intragenic"
"ST4-74.fa"	1375807	1375808	"ST4-74.fa_1375807_-"	"CDS"	"-"	1375806	1375812	"SL1344_1272"	"pheT"	"+"	"SL1344_1272"	"pheT"	1373529	1375917	"Ter"	100	100	91.38	100	1	10	58	10	100	92.6476470588235	"Constitutive"	"chromosome"	"intragenic"
"ST4-74.fa"	1376288	1376289	"ST4-74.fa_1376288_+"	"ncRNA"	"+"	1376284	1376290	"SL1344_ncRNA_32"	"no"	"+"	"SL1344_ncRNA_32"	"no"	1376270	1376364	"Ter"	33.33	75	55	100	3	8	20	11	63.6354545454545	70.9677419354839	"Constitutive"	"chromosome"	"intragenic"
"ST4-74.fa"	1377024	1377025	"ST4-74.fa_1377024_-"	"CDS"	"-"	1377023	1377029	"SL1344_1274"	"btuC"	"+"	"SL1344_1274"	"btuC"	1376423	1377404	"Ter"	100	75	83.33	77.78	1	8	48	9	77.7777777777778	82.4536842105263	"Constitutive"	"chromosome"	"intragenic"
"ST4-74.fa"	1377661	1377662	"ST4-74.fa_1377661_+"	"CDS"	"+"	1377657	1377663	"SL1344_1275"	"btuE"	"+"	"SL1344_1275"	"btuE"	1377495	1378047	"Ter"	NA	85.71	77.42	77.78	NA	7	31	9	85.71	77.501	"Constitutive"	"chromosome"	"intragenic"
"ST4-74.fa"	1378993	1378994	"ST4-74.fa_1378993_+"	"CDS"	"+"	1378989	1378995	"SL1344_1277"	"nlpC"	"+"	"SL1344_1277"	"nlpC"	1378872	1379337	"Ter"	NA	100	96.77	100	NA	8	31	6	100	97.2937837837838	"Constitutive"	"chromosome"	"intragenic"
"ST4-74.fa"	13796	13797	"ST4-74.fa_13796_+"	"CDS"	"+"	13792	13798	"SL1344_0013"	"dnaJ"	"+"	"SL1344_0013"	"dnaJ"	13594	14734	"NSR"	100	94.74	91.67	100	4	19	48	5	95.6547826086957	92.4558490566038	"Constitutive"	"chromosome"	"intragenic"
"ST4-74.fa"	1382828	1382829	"ST4-74.fa_1382828_-"	"CDS"	"-"	1382827	1382833	"SL1344_1281"	"aroH"	"-"	"SL1344_1281"	"aroH"	1382250	1383297	"Ter"	100	100	93.44	85.71	5	8	61	7	100	92.6442647058824	"Constitutive"	"chromosome"	"intragenic"
"ST4-74.fa"	1382833	1382834	"ST4-74.fa_1382833_+"	"CDS"	"+"	1382829	1382835	"SL1344_1281"	"aroH"	"-"	"SL1344_1281"	"aroH"	1382250	1383297	"Ter"	100	75	95.56	91.67	2	8	45	12	80	94.7410526315789	"Constitutive"	"chromosome"	"intragenic"
"ST4-74.fa"	1383837	1383838	"ST4-74.fa_1383837_-"	"CDS"	"-"	1383836	1383842	"SL1344_1282"	"ydiA"	"-"	"SL1344_1282"	"ydiA"	1383452	1384286	"Ter"	57.14	85.71	85.71	80	7	7	56	5	71.425	85.2419672131147	"Constitutive"	"chromosome"	"intragenic"
"ST4-74.fa"	1384180	1384181	"ST4-74.fa_1384180_-"	"CDS"	"-"	1384179	1384185	"SL1344_1282"	"ydiA"	"-"	"SL1344_1282"	"ydiA"	1383452	1384286	"Ter"	80	100	86	66.67	5	6	50	12	90.9090909090909	82.2587096774194	"Constitutive"	"chromosome"	"intragenic"
"ST4-74.fa"	138622	138623	"ST4-74.fa_138622_-"	"CDS"	"-"	138621	138627	"SL1344_0118"	"fruR"	"+"	"SL1344_0118"	"fruR"	138339	139344	"NSR"	100	92.86	87.18	57.14	7	14	39	7	95.24	82.6086956521739	"Constitutive"	"chromosome"	"intragenic"
"ST4-74.fa"	138643	138644	"ST4-74.fa_138643_+"	"CDS"	"+"	138639	138645	"SL1344_0118"	"fruR"	"+"	"SL1344_0118"	"fruR"	138339	139344	"NSR"	100	93.33	91.67	100	8	15	60	2	95.65	91.9387096774194	"Constitutive"	"chromosome"	"intragenic"
"ST4-74.fa"	138829	138830	"ST4-74.fa_138829_+"	"CDS"	"+"	138825	138831	"SL1344_0118"	"fruR"	"+"	"SL1344_0118"	"fruR"	138339	139344	"NSR"	80	61.11	74.55	0	5	18	55	2	65.2165217391304	71.9342105263158	"Constitutive"	"chromosome"	"intragenic"
"ST4-74.fa"	1397492	1397493	"ST4-74.fa_1397492_+"	"CDS"	"+"	1397488	1397494	"SL1344_1293"	"aroE"	"-"	"SL1344_1293"	"aroE"	1397272	1398139	"Ter"	0	66.67	60.98	100	1	6	41	6	57.1457142857143	65.9612765957447	"Constitutive"	"chromosome"	"intragenic"
"ST4-74.fa"	1397579	1397580	"ST4-74.fa_1397579_-"	"CDS"	"-"	1397578	1397584	"SL1344_1293"	"aroE"	"-"	"SL1344_1293"	"aroE"	1397272	1398139	"Ter"	100	100	89.66	85.71	9	5	58	7	100	89.2346153846154	"Constitutive"	"chromosome"	"intragenic"
"ST4-74.fa"	1398530	1398531	"ST4-74.fa_1398530_+"	"CDS"	"+"	1398526	1398532	"SL1344_1294"	"ydiN"	"-"	"SL1344_1294"	"ydiN"	1398220	1399440	"Ter"	50	66.67	76	100	2	3	25	2	60.002	77.7777777777778	"Constitutive"	"chromosome"	"intragenic"
"ST4-74.fa"	140025	140026	"ST4-74.fa_140025_-"	"CDS"	"-"	140024	140030	"SL1344_0119"	"mraZ"	"+"	"SL1344_0119"	"mraZ"	139949	140408	"NSR"	90	58.33	95.65	80	10	12	46	5	72.7254545454546	94.1156862745098	"Constitutive"	"chromosome"	"intragenic"
"ST4-74.fa"	1400614	1400615	"ST4-74.fa_1400614_+"	"CDS"	"+"	1400610	1400616	"SL1344_1296"	"ydiM"	"-"	"SL1344_1296"	"ydiM"	1399803	1401015	"Ter"	80	75	75.51	85.71	5	8	49	7	76.9230769230769	76.785	"Constitutive"	"chromosome"	"intragenic"
"ST4-74.fa"	1401827	1401828	"ST4-74.fa_1401827_+"	"intergenic"	"+"	1401823	1401829	"SL1344_ncRNA_33"	"no"	"--"	"SL1344_1298"	"ydiK"	1401790	1401972	"Ter"	100	100	91.07	87.5	5	6	56	8	100	90.62375	"Constitutive"	"chromosome"	"intergenic"
"ST4-74.fa"	1402162	1402163	"ST4-74.fa_1402162_+"	"CDS"	"+"	1402158	1402164	"SL1344_1298"	"ydiK"	"-"	"SL1344_1298"	"ydiK"	1401972	1403091	"Ter"	50	66.67	82	75	4	6	50	8	60.002	81.0344827586207	"Constitutive"	"chromosome"	"intragenic"
"ST4-74.fa"	140226	140227	"ST4-74.fa_140226_-"	"CDS"	"-"	140225	140231	"SL1344_0119"	"mraZ"	"+"	"SL1344_0119"	"mraZ"	139949	140408	"NSR"	75	88.89	80.95	50	4	9	21	6	84.6161538461538	74.0722222222222	"Constitutive"	"chromosome"	"intragenic"
"ST4-74.fa"	1403743	1403744	"ST4-74.fa_1403743_+"	"CDS"	"+"	1403739	1403745	"SL1344_1299"	"ydiJ"	"+"	"SL1344_1299"	"ydiJ"	1403355	1406412	"Ter"	100	80	94.12	87.5	4	5	51	8	88.8888888888889	93.2223728813559	"Constitutive"	"chromosome"	"intragenic"
"ST4-74.fa"	140527	140528	"ST4-74.fa_140527_-"	"CDS"	"-"	140526	140532	"SL1344_0120"	"mraW"	"+"	"SL1344_0120"	"mraW"	140409	141351	"NSR"	85.71	88.89	100	90.91	7	18	39	11	87.9996	98.0002	"Constitutive"	"chromosome"	"intragenic"
"ST4-74.fa"	1407925	1407926	"ST4-74.fa_1407925_+"	"CDS"	"+"	1407921	1407927	"SL1344_1302"	"STM1368"	"-"	"SL1344_1302"	"STM1368"	1407393	1408740	"Ter"	66.67	60	93.88	100	3	5	49	5	62.50125	94.4466666666667	"Constitutive"	"chromosome"	"intragenic"
"ST4-74.fa"	1410873	1410874	"ST4-74.fa_1410873_+"	"CDS"	"+"	1410869	1410875	"SL1344_1304"	"sufB"	"+"	"SL1344_1304"	"sufB"	1409543	1411031	"Ter"	0	40	70.45	77.78	2	5	44	9	28.5714285714286	71.6947169811321	"LSP-specific"	"chromosome"	"intragenic"
"ST4-74.fa"	141353	141354	"ST4-74.fa_141353_+"	"CDS"	"+"	141349	141355	"SL1344_0120"	"mraW"	"+"	"SL1344_0120"	"mraW"	140409	141351	"NSR"	66.67	84.62	88.89	NA	6	13	54	NA	78.9515789473684	88.89	"Constitutive"	"chromosome"	"intragenic"
"ST4-74.fa"	141353	141354	"ST4-74.fa_141353_+"	"CDS"	"+"	141349	141355	"SL1344_0121"	"ftsL"	"+"	"SL1344_0121"	"ftsL"	141347	141713	"NSR"	66.67	84.62	88.89	NA	6	13	54	NA	78.9515789473684	88.89	"Constitutive"	"chromosome"	"intragenic"
"ST4-74.fa"	141597	141598	"ST4-74.fa_141597_-"	"CDS"	"-"	141596	141602	"SL1344_0121"	"ftsL"	"+"	"SL1344_0121"	"ftsL"	141347	141713	"NSR"	100	90.48	97.78	100	14	21	45	9	94.288	98.15	"Constitutive"	"chromosome"	"intragenic"
"ST4-74.fa"	1416059	1416060	"ST4-74.fa_1416059_-"	"CDS"	"-"	1416058	1416064	"SL1344_1310"	"lppB"	"-"	"SL1344_1310"	"lppB"	1415908	1416148	"Ter"	80	75	94.55	77.78	10	8	55	9	77.7777777777778	92.19171875	"Constitutive"	"chromosome"	"intragenic"
"ST4-74.fa"	1416128	1416129	"ST4-74.fa_1416128_+"	"CDS"	"+"	1416124	1416130	"SL1344_1310"	"lppB"	"-"	"SL1344_1310"	"lppB"	1415908	1416148	"Ter"	75	100	86.36	75	4	5	44	8	88.8888888888889	84.6123076923077	"Constitutive"	"chromosome"	"intragenic"
"ST4-74.fa"	1416381	1416382	"ST4-74.fa_1416381_-"	"CDS"	"-"	1416380	1416386	"SL1344_1311"	"lpp"	"-"	"SL1344_1311"	"lpp"	1416230	1416467	"Ter"	77.78	90	87.72	100	9	10	57	9	84.2115789473684	89.3945454545455	"Constitutive"	"chromosome"	"intragenic"
"ST4-74.fa"	1417072	1417073	"ST4-74.fa_1417072_+"	"CDS"	"+"	1417068	1417074	"SL1344_1312"	"pykF"	"-"	"SL1344_1312"	"pykF"	1416777	1418136	"Ter"	100	90	91.3	100	3	10	46	7	92.3076923076923	92.4490566037736	"Constitutive"	"chromosome"	"intragenic"
"ST4-74.fa"	1417657	1417658	"ST4-74.fa_1417657_+"	"CDS"	"+"	1417653	1417659	"SL1344_1312"	"pykF"	"-"	"SL1344_1312"	"pykF"	1416777	1418136	"Ter"	100	100	94.64	100	2	8	56	6	100	95.1587096774194	"Constitutive"	"chromosome"	"intragenic"
"ST4-74.fa"	14177	14178	"ST4-74.fa_14177_-"	"CDS"	"-"	14176	14182	"SL1344_0013"	"dnaJ"	"+"	"SL1344_0013"	"dnaJ"	13594	14734	"NSR"	71.43	75	80.49	60	7	12	41	5	73.6847368421053	78.2628260869565	"Constitutive"	"chromosome"	"intragenic"
"ST4-74.fa"	1417804	1417805	"ST4-74.fa_1417804_+"	"CDS"	"+"	1417800	1417806	"SL1344_1312"	"pykF"	"-"	"SL1344_1312"	"pykF"	1416777	1418136	"Ter"	100	100	90.91	100	4	4	55	10	100	92.3084615384615	"Constitutive"	"chromosome"	"intragenic"
"ST4-74.fa"	1420104	1420105	"ST4-74.fa_1420104_-"	"CDS"	"-"	1420103	1420109	"SL1344_1314"	"orf32"	"-"	"SL1344_1314"	"orf32"	1419956	1420850	"Ter"	100	60	94	100	4	5	50	4	77.7777777777778	94.4444444444444	"Constitutive"	"chromosome"	"intragenic"
"ST4-74.fa"	142095	142096	"ST4-74.fa_142095_+"	"CDS"	"+"	142091	142097	"SL1344_0122"	"ftsI"	"+"	"SL1344_0122"	"ftsI"	141728	143495	"NSR"	87.5	91.67	95.45	100	8	12	44	1	90.002	95.5511111111111	"Constitutive"	"chromosome"	"intragenic"
"ST4-74.fa"	1421916	1421917	"ST4-74.fa_1421916_+"	"CDS"	"+"	1421912	1421918	"SL1344_1316"	"orf408"	"-"	"SL1344_1316"	"orf408"	1421657	1422884	"Ter"	100	57.14	59.26	66.67	1	7	27	6	62.4975	60.6072727272727	"Constitutive"	"chromosome"	"intragenic"
"ST4-74.fa"	1422405	1422406	"ST4-74.fa_1422405_-"	"CDS"	"-"	1422404	1422410	"SL1344_1316"	"orf408"	"-"	"SL1344_1316"	"orf408"	1421657	1422884	"Ter"	75	100	75	71.43	4	6	44	7	90	74.51	"Constitutive"	"chromosome"	"intragenic"
"ST4-74.fa"	1424698	1424699	"ST4-74.fa_1424698_+"	"CDS"	"+"	1424694	1424700	"SL1344_1317"	"ttrA"	"-"	"SL1344_1317"	"ttrA"	1423206	1426269	"Ter"	100	75	97.83	100	3	4	46	9	85.7142857142857	98.1850909090909	"Constitutive"	"chromosome"	"intragenic"
"ST4-74.fa"	1428813	1428814	"ST4-74.fa_1428813_+"	"CDS"	"+"	1428809	1428815	"SL1344_1320"	"ttrS"	"+"	"SL1344_1320"	"ttrS"	1428200	1429979	"Ter"	50	66.67	75	85.71	2	6	36	7	62.5025	76.743488372093	"Constitutive"	"chromosome"	"intragenic"
"ST4-74.fa"	1431675	1431676	"ST4-74.fa_1431675_+"	"CDS"	"+"	1431671	1431677	"SL1344_1323"	"orf319"	"-"	"SL1344_1323"	"orf319"	1430979	1431939	"Ter"	33.33	71.43	87.23	100	3	7	47	6	60	88.6756603773585	"Constitutive"	"chromosome"	"intragenic"
"ST4-74.fa"	1433146	1433147	"ST4-74.fa_1433146_-"	"CDS"	"-"	1433145	1433151	"SL1344_1325"	"ssrB"	"-"	"SL1344_1325"	"ssrB"	1433018	1433657	"Ter"	100	81.82	93.48	85.71	1	11	46	7	83.335	92.4537735849057	"Constitutive"	"chromosome"	"intragenic"
"ST4-74.fa"	1433859	1433860	"ST4-74.fa_1433859_-"	"CDS"	"-"	1433858	1433864	"SL1344_1326"	"spiR"	"-"	"SL1344_1326"	"spiR"	1433687	1436450	"Ter"	100	70	90	71.43	4	10	50	7	78.5714285714286	87.7194736842105	"Constitutive"	"chromosome"	"intragenic"
"ST4-74.fa"	1435860	1435861	"ST4-74.fa_1435860_-"	"CDS"	"-"	1435859	1435865	"SL1344_1326"	"spiR"	"-"	"SL1344_1326"	"spiR"	1433687	1436450	"Ter"	100	100	87.76	55.56	2	8	49	9	100	82.7634482758621	"Constitutive"	"chromosome"	"intragenic"
"ST4-74.fa"	1437842	1437843	"ST4-74.fa_1437842_+"	"CDS"	"+"	1437838	1437844	"SL1344_1328"	"ssaC"	"+"	"SL1344_1328"	"ssaC"	1437253	1438747	"Ter"	100	85.71	89.66	66.67	4	7	58	6	90.9063636363636	87.5046875	"Constitutive"	"chromosome"	"intragenic"
"ST4-74.fa"	1439071	1439072	"ST4-74.fa_1439071_+"	"CDS"	"+"	1439067	1439073	"SL1344_1329"	"ssaD"	"+"	"SL1344_1329"	"ssaD"	1438727	1439939	"Ter"	80	80	86	50	5	5	50	6	80	82.1428571428571	"Constitutive"	"chromosome"	"intragenic"
"ST4-74.fa"	1439460	1439461	"ST4-74.fa_1439460_+"	"CDS"	"+"	1439456	1439462	"SL1344_1329"	"ssaD"	"+"	"SL1344_1329"	"ssaD"	1438727	1439939	"Ter"	100	83.33	92	85.71	5	6	50	7	90.9072727272727	91.2275438596491	"Constitutive"	"chromosome"	"intragenic"
"ST4-74.fa"	1444395	1444396	"ST4-74.fa_1444395_+"	"CDS"	"+"	1444391	1444397	"SL1344_1337"	"sscB"	"+"	"SL1344_1337"	"sscB"	1444376	1444811	"Ter"	33.33	20	54.05	42.86	6	5	37	7	27.2709090909091	52.2697727272727	"LSP-specific"	"chromosome"	"intragenic"
"ST4-74.fa"	1445475	1445476	"ST4-74.fa_1445475_+"	"CDS"	"+"	1445471	1445477	"SL1344_1338"	"sseF"	"+"	"SL1344_1338"	"sseF"	1444826	1445609	"Ter"	83.33	66.67	84.62	100	6	9	52	3	73.334	85.4589090909091	"Constitutive"	"chromosome"	"intragenic"
"ST4-74.fa"	1445581	1445582	"ST4-74.fa_1445581_-"	"CDS"	"-"	1445580	1445586	"SL1344_1338"	"sseF"	"+"	"SL1344_1338"	"sseF"	1444826	1445609	"Ter"	100	92.31	65.91	83.33	5	13	44	6	94.4461111111111	68.0004	"Constitutive"	"chromosome"	"intragenic"
"ST4-74.fa"	1446554	1446555	"ST4-74.fa_1446554_-"	"CDS"	"-"	1446553	1446559	"SL1344_1340"	"ssaG"	"+"	"SL1344_1340"	"ssaG"	1446388	1446604	"Ter"	100	92.31	80.7	100	4	13	57	3	94.1194117647059	81.665	"Constitutive"	"chromosome"	"intragenic"
"ST4-74.fa"	1447843	1447844	"ST4-74.fa_1447843_-"	"CDS"	"-"	1447842	1447848	"SL1344_1343"	"ssaJ"	"+"	"SL1344_1343"	"ssaJ"	1447128	1447878	"Ter"	66.67	75	87.5	66.67	3	12	48	3	73.334	86.2747058823529	"Constitutive"	"chromosome"	"intragenic"
"ST4-74.fa"	1447885	1447886	"ST4-74.fa_1447885_-"	"intergenic"	"-"	1447884	1447890	"SL1344_1343"	"ssaJ"	"++"	"SL1344_1344"	"STM1410"	1447878	1447895	"Ter"	100	75	93.48	100	2	12	46	3	78.5714285714286	93.8791836734694	"Constitutive"	"chromosome"	"intergenic"
"ST4-74.fa"	1448999	1449000	"ST4-74.fa_1448999_+"	"CDS"	"+"	1448995	1449001	"SL1344_1345"	"ssaK"	"+"	"SL1344_1345"	"ssaK"	1448440	1449115	"Ter"	100	90	91.67	100	6	10	60	7	93.75	92.5402985074627	"Constitutive"	"chromosome"	"intragenic"
"ST4-74.fa"	1448999	1449000	"ST4-74.fa_1448999_+"	"intergenic"	"+"	1448995	1449001	"SL1344_ncRNA_35"	"no"	"-+"	"SL1344_1346"	"ssaL"	1448790	1449080	"Ter"	100	90	91.67	100	6	10	60	7	93.75	92.5402985074627	"Constitutive"	"chromosome"	"intergenic"
"ST4-74.fa"	1453916	1453917	"ST4-74.fa_1453916_+"	"CDS"	"+"	1453912	1453918	"SL1344_1350"	"ssaO"	"+"	"SL1344_1350"	"ssaO"	1453846	1454224	"Ter"	71.43	90	86.36	80	7	10	44	5	82.3535294117647	85.7110204081633	"Constitutive"	"chromosome"	"intragenic"
"ST4-74.fa"	1457197	1457198	"ST4-74.fa_1457197_-"	"CDS"	"-"	1457196	1457202	"SL1344_1355"	"ssaT"	"+"	"SL1344_1355"	"ssaT"	1456506	1457286	"Ter"	100	16.67	75.68	25	2	6	37	4	37.5025	70.7356097560976	"Constitutive"	"chromosome"	"intragenic"
"ST4-74.fa"	1461552	1461553	"ST4-74.fa_1461552_-"	"CDS"	"-"	1461551	1461557	"SL1344_1359"	"cfa"	"-"	"SL1344_1359"	"cfa"	1461086	1462235	"Ter"	100	100	96.77	80	4	8	62	5	100	95.5185074626866	"Constitutive"	"chromosome"	"intragenic"
"ST4-74.fa"	1462261	1462262	"ST4-74.fa_1462261_+"	"intergenic"	"+"	1462257	1462263	"SL1344_1359"	"cfa"	"--"	"SL1344_ncRNA_36"	"no"	1462235	1462355	"Ter"	100	28.57	63.64	78.57	7	7	33	14	64.285	68.0872340425532	"Constitutive"	"chromosome"	"intergenic"
"ST4-74.fa"	1465174	1465175	"ST4-74.fa_1465174_+"	"CDS"	"+"	1465170	1465176	"SL1344_1362"	"purR"	"-"	"SL1344_1362"	"purR"	1464771	1465797	"Ter"	87.5	100	93.88	100	8	10	49	13	94.4444444444444	95.1632258064516	"Constitutive"	"chromosome"	"intragenic"
"ST4-74.fa"	1465174	1465175	"ST4-74.fa_1465174_+"	"intergenic"	"+"	1465170	1465176	"STnc4220"	"no"	"-+"	"SL1344_1362A"	"ynhF"	1464870	1466092	"Ter"	87.5	100	93.88	100	8	10	49	13	94.4444444444444	95.1632258064516	"Constitutive"	"chromosome"	"intergenic"
"ST4-74.fa"	1465966	1465967	"ST4-74.fa_1465966_-"	"intergenic"	"-"	1465965	1465971	"STnc4220"	"no"	"-+"	"SL1344_1362A"	"ynhF"	1464870	1466092	"Ter"	100	60	82.98	100	3	10	47	3	69.2307692307692	84.0012	"Constitutive"	"chromosome"	"intergenic"
"ST4-74.fa"	1467631	1467632	"ST4-74.fa_1467631_-"	"CDS"	"-"	1467630	1467636	"SL1344_1364"	"ydhO"	"-"	"SL1344_1364"	"ydhO"	1466972	1467827	"Ter"	100	71.43	64.44	50	2	7	45	6	77.7788888888889	62.7411764705882	"Constitutive"	"chromosome"	"intragenic"
"ST4-74.fa"	1469303	1469304	"ST4-74.fa_1469303_+"	"CDS"	"+"	1469299	1469305	"SL1344_1367"	"gloA"	"-"	"SL1344_1367"	"gloA"	1469301	1469709	"Ter"	75	62.5	45.95	80	4	8	37	5	66.6666666666667	50.0035714285714	"Constitutive"	"chromosome"	"intragenic"
"ST4-74.fa"	1469303	1469304	"ST4-74.fa_1469303_+"	"intergenic"	"+"	1469299	1469305	"SL1344_1366"	"rnt"	"--"	"SL1344_1367"	"gloA"	1469201	1469301	"Ter"	75	62.5	45.95	80	4	8	37	5	66.6666666666667	50.0035714285714	"Constitutive"	"chromosome"	"intergenic"
"ST4-74.fa"	1469940	1469941	"ST4-74.fa_1469940_+"	"CDS"	"+"	1469936	1469942	"SL1344_1368"	"nemA"	"-"	"SL1344_1368"	"nemA"	1469777	1470875	"Ter"	100	77.78	96.55	90.91	5	9	58	11	85.7157142857143	95.6508695652174	"Constitutive"	"chromosome"	"intragenic"
"ST4-74.fa"	1473367	1473368	"ST4-74.fa_1473367_+"	"CDS"	"+"	1473363	1473369	"SL1344_1372"	"sodCb"	"+"	"SL1344_1372"	"sodCb"	1472901	1473423	"Ter"	100	100	98.21	100	4	11	56	8	100	98.43375	"Constitutive"	"chromosome"	"intragenic"
"ST4-74.fa"	1473837	1473838	"ST4-74.fa_1473837_-"	"CDS"	"-"	1473836	1473842	"SL1344_1373"	"STM1441"	"-"	"SL1344_1373"	"STM1441"	1473398	1475438	"Ter"	80	75	100	83.33	5	4	49	6	77.7777777777778	98.1814545454545	"Constitutive"	"chromosome"	"intragenic"
"ST4-74.fa"	1474252	1474253	"ST4-74.fa_1474252_-"	"CDS"	"-"	1474251	1474257	"SL1344_1373"	"STM1441"	"-"	"SL1344_1373"	"STM1441"	1473398	1475438	"Ter"	60	100	77.78	50	5	2	36	2	71.4285714285714	76.3178947368421	"Constitutive"	"chromosome"	"intragenic"
"ST4-74.fa"	1474440	1474441	"ST4-74.fa_1474440_+"	"CDS"	"+"	1474436	1474442	"SL1344_1373"	"STM1441"	"-"	"SL1344_1373"	"STM1441"	1473398	1475438	"Ter"	83.33	90.91	85.96	100	6	11	57	8	88.2347058823529	87.688	"Constitutive"	"chromosome"	"intragenic"
"ST4-74.fa"	1476313	1476314	"ST4-74.fa_1476313_+"	"CDS"	"+"	1476309	1476315	"SL1344_1374"	"ydhJ"	"-"	"SL1344_1374"	"ydhJ"	1475437	1476334	"Ter"	100	83.33	79.63	85.71	3	12	54	7	86.664	80.3277049180328	"Constitutive"	"chromosome"	"intragenic"
"ST4-74.fa"	1476313	1476314	"ST4-74.fa_1476313_+"	"CDS"	"+"	1476309	1476315	"SL1344_1375"	"ydhI"	"-"	"SL1344_1375"	"ydhI"	1476300	1476537	"Ter"	100	83.33	79.63	85.71	3	12	54	7	86.664	80.3277049180328	"Constitutive"	"chromosome"	"intragenic"
"ST4-74.fa"	1476757	1476758	"ST4-74.fa_1476757_-"	"CDS"	"-"	1476756	1476762	"SL1344_1376"	"slyA"	"+"	"SL1344_1376"	"slyA"	1476731	1477172	"Ter"	50	75	69.23	42.86	4	4	39	7	62.5	65.2171739130435	"Constitutive"	"chromosome"	"intragenic"
"ST4-74.fa"	1477032	1477033	"ST4-74.fa_1477032_-"	"CDS"	"-"	1477031	1477037	"SL1344_1376"	"slyA"	"+"	"SL1344_1376"	"slyA"	1476731	1477172	"Ter"	100	100	100	77.78	8	4	47	9	100	96.4289285714286	"Constitutive"	"chromosome"	"intragenic"
"ST4-74.fa"	1478930	1478931	"ST4-74.fa_1478930_+"	"CDS"	"+"	1478926	1478932	"SL1344_1378"	"anmK"	"+"	"SL1344_1378"	"anmK"	1477958	1479080	"Ter"	100	85.71	76.74	80	1	7	43	5	87.49625	77.0795833333333	"Constitutive"	"chromosome"	"intragenic"
"ST4-74.fa"	1479544	1479545	"ST4-74.fa_1479544_-"	"intergenic"	"-"	1479543	1479549	"SL1344_1379"	"mliC"	"++"	"SL1344_1380"	"pdxH"	1479497	1479555	"Ter"	60	83.33	62.5	63.64	5	6	40	11	72.7254545454546	62.7458823529412	"Constitutive"	"chromosome"	"intergenic"
"ST4-74.fa"	1480834	1480835	"ST4-74.fa_1480834_+"	"CDS"	"+"	1480830	1480836	"SL1344_1381"	"tyrS"	"+"	"SL1344_1381"	"tyrS"	1480338	1481613	"Ter"	100	81.82	86.05	62.5	3	11	43	8	85.7157142857143	82.3558823529412	"Constitutive"	"chromosome"	"intragenic"
"ST4-74.fa"	1483653	1483654	"ST4-74.fa_1483653_+"	"CDS"	"+"	1483649	1483655	"SL1344_1384"	"tppB"	"-"	"SL1344_1384"	"tppB"	1483301	1484807	"Ter"	60	88.89	92.11	100	5	9	38	4	78.5721428571429	92.8614285714286	"Constitutive"	"chromosome"	"intragenic"
"ST4-74.fa"	1485235	1485236	"ST4-74.fa_1485235_-"	"intergenic"	"-"	1485234	1485240	"SL1344_1384"	"tppB"	"--"	"SL1344_1385"	"nth"	1484807	1485408	"Ter"	100	100	85.37	77.78	5	10	41	9	100	84.0038	"Constitutive"	"chromosome"	"intergenic"
"ST4-74.fa"	1486479	1486480	"ST4-74.fa_1486479_+"	"CDS"	"+"	1486475	1486481	"SL1344_1386"	"rnfE"	"-"	"SL1344_1386"	"rnfE"	1486043	1486736	"Ter"	60	87.5	94.23	83.33	5	8	52	6	76.9230769230769	93.1024137931035	"Constitutive"	"chromosome"	"intragenic"
"ST4-74.fa"	148657	148658	"ST4-74.fa_148657_+"	"CDS"	"+"	148653	148659	"SL1344_0126"	"murD"	"+"	"SL1344_0126"	"murD"	147402	148719	"NSR"	100	84.21	97.87	100	12	19	47	3	90.3222580645161	97.9978	"Constitutive"	"chromosome"	"intragenic"
"ST4-74.fa"	1487216	1487217	"ST4-74.fa_1487216_-"	"CDS"	"-"	1487215	1487221	"SL1344_1387"	"rnfG"	"-"	"SL1344_1387"	"rnfG"	1486738	1487359	"Ter"	83.33	90	96.43	100	6	10	56	13	87.49875	97.1026086956522	"Constitutive"	"chromosome"	"intragenic"
"ST4-74.fa"	1487411	1487412	"ST4-74.fa_1487411_+"	"CDS"	"+"	1487407	1487413	"SL1344_1388"	"rnfD"	"-"	"SL1344_1388"	"rnfD"	1487362	1488421	"Ter"	100	66.67	51.85	50	4	3	27	4	85.7157142857143	51.6112903225806	"Constitutive"	"chromosome"	"intragenic"
"ST4-74.fa"	148839	148840	"ST4-74.fa_148839_-"	"CDS"	"-"	148838	148844	"SL1344_0127"	"ftsW"	"+"	"SL1344_0127"	"ftsW"	148805	149963	"NSR"	85.71	84.21	87.23	100	7	19	47	8	84.6138461538461	89.0874545454545	"Constitutive"	"chromosome"	"intragenic"
"ST4-74.fa"	1489160	1489161	"ST4-74.fa_1489160_-"	"CDS"	"-"	1489159	1489165	"SL1344_1389"	"rnfC"	"-"	"SL1344_1389"	"rnfC"	1488421	1490629	"Ter"	100	100	88.37	88.89	6	9	43	9	100	88.46	"Constitutive"	"chromosome"	"intragenic"
"ST4-74.fa"	1489290	1489291	"ST4-74.fa_1489290_-"	"CDS"	"-"	1489289	1489295	"SL1344_1389"	"rnfC"	"-"	"SL1344_1389"	"rnfC"	1488421	1490629	"Ter"	66.67	71.43	91.67	75	6	7	48	12	69.2330769230769	88.336	"Constitutive"	"chromosome"	"intragenic"
"ST4-74.fa"	1493782	1493783	"ST4-74.fa_1493782_+"	"CDS"	"+"	1493778	1493784	"SL1344_1394"	"ydgJ"	"+"	"SL1344_1394"	"ydgJ"	1493232	1494273	"Ter"	100	100	95.12	80	5	1	41	5	100	93.4765217391304	"Constitutive"	"chromosome"	"intragenic"
"ST4-74.fa"	1497229	1497230	"ST4-74.fa_1497229_+"	"CDS"	"+"	1497225	1497231	"SL1344_1396"	"ydgA"	"-"	"SL1344_1396"	"ydgA"	1496052	1497561	"Ter"	100	100	97.44	100	3	7	39	8	100	97.8757446808511	"Constitutive"	"chromosome"	"intragenic"
"ST4-74.fa"	149844	149845	"ST4-74.fa_149844_-"	"CDS"	"-"	149843	149849	"SL1344_0127"	"ftsW"	"+"	"SL1344_0127"	"ftsW"	148805	149963	"NSR"	83.33	92.86	88.37	85.71	6	14	43	7	90.001	87.9976	"Constitutive"	"chromosome"	"intragenic"
"ST4-74.fa"	149849	149850	"ST4-74.fa_149849_+"	"CDS"	"+"	149845	149851	"SL1344_0127"	"ftsW"	"+"	"SL1344_0127"	"ftsW"	148805	149963	"NSR"	84.62	82.35	93.18	100	13	17	44	2	83.3336666666667	93.4765217391304	"Constitutive"	"chromosome"	"intragenic"
"ST4-74.fa"	1500386	1500387	"ST4-74.fa_1500386_+"	"CDS"	"+"	1500382	1500388	"SL1344_1398"	"fumA"	"+"	"SL1344_1398"	"fumA"	1499038	1500685	"Ter"	90	87.5	86.36	100	10	8	44	8	88.8888888888889	88.4584615384615	"Constitutive"	"chromosome"	"intragenic"
"ST4-74.fa"	1503936	1503937	"ST4-74.fa_1503936_+"	"CDS"	"+"	1503932	1503938	"SL1344_1402"	"rstB"	"-"	"SL1344_1402"	"rstB"	1503257	1504559	"Ter"	100	77.78	90.48	100	10	9	42	6	89.4747368421053	91.67	"Constitutive"	"chromosome"	"intragenic"
"ST4-74.fa"	1506363	1506364	"ST4-74.fa_1506363_-"	"CDS"	"-"	1506362	1506368	"SL1344_1403"	"STM1472"	"-"	"SL1344_1403"	"STM1472"	1504669	1506376	"Ter"	80	100	93.33	90.91	5	5	45	11	90	92.8546428571429	"Constitutive"	"chromosome"	"intragenic"
"ST4-74.fa"	1507501	1507502	"ST4-74.fa_1507501_-"	"CDS"	"-"	1507500	1507506	"SL1344_1404"	"ompN"	"-"	"SL1344_1404"	"ompN"	1506528	1507662	"Ter"	66.67	80	87.93	70	3	5	58	10	75.00125	85.2932352941177	"Constitutive"	"chromosome"	"intragenic"
"ST4-74.fa"	1509739	1509740	"ST4-74.fa_1509739_+"	"CDS"	"+"	1509735	1509741	"SL1344_1407"	"ydgI"	"-"	"SL1344_1407"	"ydgI"	1509396	1510779	"Ter"	66.67	100	88.24	100	3	3	34	1	83.335	88.576	"Constitutive"	"chromosome"	"intragenic"
"ST4-74.fa"	151283	151284	"ST4-74.fa_151283_+"	"CDS"	"+"	151279	151285	"SL1344_0129"	"murC"	"+"	"SL1344_0129"	"murC"	151145	152621	"NSR"	88.89	75	61.36	50	9	8	44	2	82.3535294117647	60.8660869565217	"Constitutive"	"chromosome"	"intragenic"
"ST4-74.fa"	1514944	1514945	"ST4-74.fa_1514944_+"	"CDS"	"+"	1514940	1514946	"SL1344_1410"	"pntB"	"+"	"SL1344_1410"	"pntB"	1514088	1515477	"Ter"	66.67	62.5	82.05	83.33	3	8	39	6	63.6372727272727	82.2206666666667	"Constitutive"	"chromosome"	"intragenic"
"ST4-74.fa"	1516076	1516077	"ST4-74.fa_1516076_-"	"CDS"	"-"	1516075	1516081	"SL1344_1411"	"tqsA"	"-"	"SL1344_1411"	"tqsA"	1515651	1516686	"Ter"	100	83.33	90.57	91.67	3	6	53	12	88.8866666666667	90.7730769230769	"Constitutive"	"chromosome"	"intragenic"
"ST4-74.fa"	1520410	1520411	"ST4-74.fa_1520410_+"	"CDS"	"+"	1520406	1520412	"SL1344_1416"	"ynfM"	"-"	"SL1344_1416"	"ynfM"	1519554	1520808	"Ter"	100	75	94.83	100	2	8	58	3	80	95.084262295082	"Constitutive"	"chromosome"	"intragenic"
"ST4-74.fa"	1522033	1522034	"ST4-74.fa_1522033_+"	"CDS"	"+"	1522029	1522035	"SL1344_1418"	"mlc"	"+"	"SL1344_1418"	"mlc"	1521954	1523175	"Ter"	100	100	86.67	88.89	1	5	45	9	100	87.04	"Constitutive"	"chromosome"	"intragenic"
"ST4-74.fa"	1525188	1525189	"ST4-74.fa_1525188_+"	"CDS"	"+"	1525184	1525190	"SL1344_1420"	"clcB"	"-"	"SL1344_1420"	"clcB"	1523951	1525241	"Ter"	66.67	71.43	84.44	62.5	3	7	45	8	70.002	81.1283018867924	"Constitutive"	"chromosome"	"intragenic"
"ST4-74.fa"	1526361	1526362	"ST4-74.fa_1526361_+"	"CDS"	"+"	1526357	1526363	"SL1344_1421"	"STM1491"	"-"	"SL1344_1421"	"STM1491"	1525376	1526525	"Ter"	100	75	92	100	4	8	50	11	83.3333333333333	93.4426229508197	"Constitutive"	"chromosome"	"intragenic"
"ST4-74.fa"	1526939	1526940	"ST4-74.fa_1526939_+"	"CDS"	"+"	1526935	1526941	"SL1344_1422"	"STM1492"	"-"	"SL1344_1422"	"STM1492"	1526524	1527172	"Ter"	100	100	91.84	100	3	9	49	11	100	93.336	"Constitutive"	"chromosome"	"intragenic"
"ST4-74.fa"	1528272	1528273	"ST4-74.fa_1528272_+"	"CDS"	"+"	1528268	1528274	"SL1344_1424"	"STM1494"	"-"	"SL1344_1424"	"STM1494"	1528112	1528823	"Ter"	0	50	60	80	1	6	35	5	42.8571428571429	62.5	"Constitutive"	"chromosome"	"intragenic"
"ST4-74.fa"	153034	153035	"ST4-74.fa_153034_-"	"CDS"	"-"	153033	153039	"SL1344_0130"	"ddl"	"+"	"SL1344_0130"	"ddl"	152613	153534	"NSR"	50	100	75	100	4	10	36	4	85.7142857142857	77.5	"Constitutive"	"chromosome"	"intragenic"
"ST4-74.fa"	1532271	1532272	"ST4-74.fa_1532271_+"	"CDS"	"+"	1532267	1532273	"SL1344_1428"	"dmsA2"	"-"	"SL1344_1428"	"dmsA2"	1531271	1533707	"Ter"	100	100	95.92	100	1	6	49	8	100	96.4926315789474	"Constitutive"	"chromosome"	"intragenic"
"ST4-74.fa"	1536530	1536531	"ST4-74.fa_1536530_-"	"CDS"	"-"	1536529	1536535	"SL1344_1430"	"ynfD"	"-"	"SL1344_1430"	"ynfD"	1536400	1536709	"Ter"	50	90	75.68	81.82	2	10	37	11	83.3333333333333	77.0870833333333	"Constitutive"	"chromosome"	"intragenic"
"ST4-74.fa"	1538927	1538928	"ST4-74.fa_1538927_-"	"CDS"	"-"	1538926	1538932	"SL1344_1434"	"ynfA"	"+"	"SL1344_1434"	"ynfA"	1538653	1538980	"Ter"	83.33	87.5	87.8	100	6	8	41	14	85.7128571428571	90.9054545454545	"Constitutive"	"chromosome"	"intragenic"
"ST4-74.fa"	1540587	1540588	"ST4-74.fa_1540587_+"	"CDS"	"+"	1540583	1540589	"SL1344_1436"	"rspB"	"+"	"SL1344_1436"	"rspB"	1540326	1541346	"Ter"	100	100	69.23	66.67	1	4	26	3	100	68.9651724137931	"Constitutive"	"chromosome"	"intragenic"
"ST4-74.fa"	1541955	1541956	"ST4-74.fa_1541955_-"	"CDS"	"-"	1541954	1541960	"SL1344_1437"	"ydfJ"	"+"	"SL1344_1437"	"ydfJ"	1541399	1542779	"Ter"	100	100	80	83.33	4	6	40	12	100	80.7684615384615	"Constitutive"	"chromosome"	"intragenic"
"ST4-74.fa"	1543967	1543968	"ST4-74.fa_1543967_+"	"CDS"	"+"	1543963	1543969	"SL1344_1438"	"ydfI"	"+"	"SL1344_1438"	"ydfI"	1542922	1544389	"Ter"	100	90.91	96.08	100	5	11	51	7	93.750625	96.5531034482759	"Constitutive"	"chromosome"	"intragenic"
"ST4-74.fa"	1547402	1547403	"ST4-74.fa_1547402_+"	"CDS"	"+"	1547398	1547404	"SL1344_1442"	"dcp"	"+"	"SL1344_1442"	"dcp"	1546540	1548583	"Ter"	75	100	80.43	100	4	7	46	9	90.9090909090909	83.6323636363636	"Constitutive"	"chromosome"	"intragenic"
"ST4-74.fa"	1549417	1549418	"ST4-74.fa_1549417_-"	"CDS"	"-"	1549416	1549422	"SL1344_1444"	"ydeJ"	"-"	"SL1344_1444"	"ydeJ"	1549229	1549757	"Ter"	100	100	96.08	75	4	9	51	8	100	93.2216949152542	"Constitutive"	"chromosome"	"intragenic"
"ST4-74.fa"	1549446	1549447	"ST4-74.fa_1549446_-"	"CDS"	"-"	1549445	1549451	"SL1344_1444"	"ydeJ"	"-"	"SL1344_1444"	"ydeJ"	1549229	1549757	"Ter"	75	100	86.67	100	4	5	45	9	88.8888888888889	88.8916666666667	"Constitutive"	"chromosome"	"intragenic"
"ST4-74.fa"	1553231	1553232	"ST4-74.fa_1553231_-"	"CDS"	"-"	1553230	1553236	"SL1344_1447"	"ydeD"	"+"	"SL1344_1447"	"ydeD"	1552681	1553584	"Ter"	100	83.33	97.62	88.89	6	6	42	9	91.665	96.0794117647059	"Constitutive"	"chromosome"	"intragenic"
"ST4-74.fa"	1556190	1556191	"ST4-74.fa_1556190_+"	"CDS"	"+"	1556186	1556192	"SL1344_1452"	"sotB"	"-"	"SL1344_1452"	"sotB"	1555754	1556945	"Ter"	50	75	76.47	100	2	4	34	4	66.6666666666667	78.9468421052632	"Constitutive"	"chromosome"	"intragenic"
"ST4-74.fa"	156280	156281	"ST4-74.fa_156280_-"	"CDS"	"-"	156279	156285	"SL1344_0133"	"ftsZ"	"+"	"SL1344_0133"	"ftsZ"	155685	156837	"NSR"	100	72.73	65.91	71.43	7	11	44	7	83.335	66.6676470588235	"Constitutive"	"chromosome"	"intragenic"
"ST4-74.fa"	1563967	1563968	"ST4-74.fa_1563967_+"	"CDS"	"+"	1563963	1563969	"SL1344_1459"	"STM1530"	"+"	"SL1344_1459"	"STM1530"	1563369	1564386	"Ter"	100	100	92.98	71.43	1	7	57	7	100	90.62296875	"Constitutive"	"chromosome"	"intragenic"
"ST4-74.fa"	1567006	1567007	"ST4-74.fa_1567006_+"	"CDS"	"+"	1567002	1567008	"SL1344_1463"	"hyaE2"	"-"	"SL1344_1463"	"hyaE2"	1566834	1567245	"Ter"	NA	60	88.46	75	NA	10	52	4	60	87.4985714285714	"Constitutive"	"chromosome"	"intragenic"
"ST4-74.fa"	1568647	1568648	"ST4-74.fa_1568647_+"	"CDS"	"+"	1568643	1568649	"SL1344_1466"	"hyaC2"	"-"	"SL1344_1466"	"hyaC2"	1568154	1568898	"Ter"	100	50	86.05	75	1	6	43	8	57.1428571428571	84.3166666666667	"Constitutive"	"chromosome"	"intragenic"
"ST4-74.fa"	1573506	1573507	"ST4-74.fa_1573506_-"	"CDS"	"-"	1573505	1573511	"SL1344_1470"	"STM1541"	"+"	"SL1344_1470"	"STM1541"	1573442	1574114	"Ter"	100	100	96.3	76.47	3	8	54	17	100	91.5519718309859	"Constitutive"	"chromosome"	"intragenic"
"ST4-74.fa"	1574377	1574378	"ST4-74.fa_1574377_+"	"CDS"	"+"	1574373	1574379	"SL1344_1471"	"STM1542"	"-"	"SL1344_1471"	"STM1542"	1574172	1575198	"Ter"	100	91.67	93.88	100	3	12	49	14	93.336	95.24	"Constitutive"	"chromosome"	"intragenic"
"ST4-74.fa"	1574545	1574546	"ST4-74.fa_1574545_-"	"CDS"	"-"	1574544	1574550	"SL1344_1471"	"STM1542"	"-"	"SL1344_1471"	"STM1542"	1574172	1575198	"Ter"	80	100	90.2	93.75	5	4	51	16	88.8888888888889	91.0477611940298	"Constitutive"	"chromosome"	"intragenic"
"ST4-74.fa"	1574623	1574624	"ST4-74.fa_1574623_+"	"CDS"	"+"	1574619	1574625	"SL1344_1471"	"STM1542"	"-"	"SL1344_1471"	"STM1542"	1574172	1575198	"Ter"	100	90	82.93	81.82	3	10	41	11	92.3076923076923	82.6951923076923	"Constitutive"	"chromosome"	"intragenic"
"ST4-74.fa"	157495	157496	"ST4-74.fa_157495_+"	"CDS"	"+"	157491	157497	"SL1344_0134"	"lpxC"	"+"	"SL1344_0134"	"lpxC"	156937	157855	"NSR"	0	37.5	37.93	66.67	2	8	29	3	30	40.624375	"LSP-specific"	"chromosome"	"intragenic"
"ST4-74.fa"	1576832	1576833	"ST4-74.fa_1576832_-"	"CDS"	"-"	1576831	1576837	"SL1344_1473"	"pqaA"	"-"	"SL1344_1473"	"pqaA"	1576635	1578192	"Ter"	80	66.67	64.91	75	5	6	57	16	72.7290909090909	67.1215068493151	"Constitutive"	"chromosome"	"intragenic"
"ST4-74.fa"	1579598	1579599	"ST4-74.fa_1579598_+"	"CDS"	"+"	1579594	1579600	"SL1344_1475"	"STM1546"	"-"	"SL1344_1475"	"STM1546"	1579492	1581001	"Ter"	100	100	97.56	100	3	8	41	7	100	97.9158333333333	"Constitutive"	"chromosome"	"intragenic"
"ST4-74.fa"	1580972	1580973	"ST4-74.fa_1580972_+"	"CDS"	"+"	1580968	1580974	"SL1344_1475"	"STM1546"	"-"	"SL1344_1475"	"STM1546"	1579492	1581001	"Ter"	100	75	92.68	87.5	4	8	41	8	83.3333333333333	91.8342857142857	"Constitutive"	"chromosome"	"intragenic"
"ST4-74.fa"	1581763	1581764	"ST4-74.fa_1581763_+"	"CDS"	"+"	1581759	1581765	"SL1344_1477"	"STM1548"	"+"	"SL1344_1477"	"STM1548"	1581726	1582806	"Ter"	50	62.5	75	88.89	6	8	40	9	57.1428571428571	77.5512244897959	"Constitutive"	"chromosome"	"intragenic"
"ST4-74.fa"	1583553	1583554	"ST4-74.fa_1583553_-"	"CDS"	"-"	1583552	1583558	"SL1344_1479"	"STM1550"	"-"	"SL1344_1479"	"STM1550"	1583417	1583702	"Ter"	75	100	80.43	90.91	4	5	46	11	88.8888888888889	82.4524561403509	"Constitutive"	"chromosome"	"intragenic"
"ST4-74.fa"	1586235	1586236	"ST4-74.fa_1586235_-"	"CDS"	"-"	1586234	1586240	"SL1344_1483"	"STM1553"	"-"	"SL1344_1483"	"STM1553"	1585907	1586495	"Ter"	80	100	74.42	71.43	5	4	43	14	88.8888888888889	73.6856140350877	"Constitutive"	"chromosome"	"intragenic"
"ST4-74.fa"	1589191	1589192	"ST4-74.fa_1589191_-"	"CDS"	"-"	1589190	1589196	"SL1344_1485"	"STM1555"	"+"	"SL1344_1485"	"STM1555"	1588982	1589990	"Ter"	83.33	80	97.22	100	6	5	36	15	81.8163636363636	98.0376470588235	"Constitutive"	"chromosome"	"intragenic"
"ST4-74.fa"	1590374	1590375	"ST4-74.fa_1590374_-"	"CDS"	"-"	1590373	1590379	"SL1344_1486"	"STM1556"	"+"	"SL1344_1486"	"STM1556"	1590133	1591585	"Ter"	33.33	75	88.89	69.23	6	4	36	13	49.998	83.6740816326531	"Constitutive"	"chromosome"	"intragenic"
"ST4-74.fa"	159335	159336	"ST4-74.fa_159335_-"	"CDS"	"-"	159334	159340	"SL1344_0136"	"secA"	"+"	"SL1344_0136"	"secA"	158692	161398	"NSR"	100	86.67	81.82	71.43	11	15	44	7	92.3096153846154	80.3939215686274	"Constitutive"	"chromosome"	"intragenic"
"ST4-74.fa"	159359	159360	"ST4-74.fa_159359_-"	"CDS"	"-"	159358	159364	"SL1344_0136"	"secA"	"+"	"SL1344_0136"	"secA"	158692	161398	"NSR"	60	80	77.78	66.67	5	10	36	3	73.3333333333333	76.9253846153846	"Constitutive"	"chromosome"	"intragenic"
"ST4-74.fa"	1593894	1593895	"ST4-74.fa_1593894_-"	"CDS"	"-"	1593893	1593899	"SL1344_1488"	"STM1558"	"-"	"SL1344_1488"	"STM1558"	1592912	1594988	"Ter"	50	85.71	58.97	62.5	6	7	39	8	69.2284615384615	59.5708510638298	"Constitutive"	"chromosome"	"intragenic"
"ST4-74.fa"	1594068	1594069	"ST4-74.fa_1594068_-"	"CDS"	"-"	1594067	1594073	"SL1344_1488"	"STM1558"	"-"	"SL1344_1488"	"STM1558"	1592912	1594988	"Ter"	100	100	94	93.75	11	12	50	16	100	93.9393939393939	"Constitutive"	"chromosome"	"intragenic"
"ST4-74.fa"	1594320	1594321	"ST4-74.fa_1594320_-"	"CDS"	"-"	1594319	1594325	"SL1344_1488"	"STM1558"	"-"	"SL1344_1488"	"STM1558"	1592912	1594988	"Ter"	88.89	90.91	90.91	100	9	11	44	16	90.001	93.334	"Constitutive"	"chromosome"	"intragenic"
"ST4-74.fa"	1594955	1594956	"ST4-74.fa_1594955_-"	"CDS"	"-"	1594954	1594960	"SL1344_1488"	"STM1558"	"-"	"SL1344_1488"	"STM1558"	1592912	1594988	"Ter"	87.5	100	81.58	84.62	8	8	38	13	93.75	82.3549019607843	"Constitutive"	"chromosome"	"intragenic"
"ST4-74.fa"	1598173	1598174	"ST4-74.fa_1598173_-"	"CDS"	"-"	1598172	1598178	"SL1344_1490"	"STM1560"	"-"	"SL1344_1490"	"STM1560"	1597569	1599354	"Ter"	100	87.5	94.12	83.33	5	8	51	12	92.3076923076923	92.0647619047619	"Constitutive"	"chromosome"	"intragenic"
"ST4-74.fa"	1598428	1598429	"ST4-74.fa_1598428_-"	"CDS"	"-"	1598427	1598433	"SL1344_1490"	"STM1560"	"-"	"SL1344_1490"	"STM1560"	1597569	1599354	"Ter"	100	88.89	93.33	91.67	6	9	45	12	93.334	92.9805263157895	"Constitutive"	"chromosome"	"intragenic"
"ST4-74.fa"	1598560	1598561	"ST4-74.fa_1598560_-"	"CDS"	"-"	1598559	1598565	"SL1344_1490"	"STM1560"	"-"	"SL1344_1490"	"STM1560"	1597569	1599354	"Ter"	80	100	92.86	87.5	5	8	42	8	92.3076923076923	92.0024	"Constitutive"	"chromosome"	"intragenic"
"ST4-74.fa"	1599232	1599233	"ST4-74.fa_1599232_-"	"CDS"	"-"	1599231	1599237	"SL1344_1490"	"STM1560"	"-"	"SL1344_1490"	"STM1560"	1597569	1599354	"Ter"	50	71.43	79.41	66.67	4	7	34	6	63.6372727272727	77.499	"Constitutive"	"chromosome"	"intragenic"
"ST4-74.fa"	1603153	1603154	"ST4-74.fa_1603153_+"	"CDS"	"+"	1603149	1603155	"SL1344_1496"	"sfcA"	"+"	"SL1344_1496"	"sfcA"	1602663	1604361	"Ter"	66.67	100	85.71	42.86	3	9	49	7	91.6675	80.35375	"Constitutive"	"chromosome"	"intragenic"
"ST4-74.fa"	1603819	1603820	"ST4-74.fa_1603819_-"	"CDS"	"-"	1603818	1603824	"SL1344_1496"	"sfcA"	"+"	"SL1344_1496"	"sfcA"	1602663	1604361	"Ter"	100	100	78.95	91.67	4	6	38	12	100	82.0028	"Constitutive"	"chromosome"	"intragenic"
"ST4-74.fa"	160655	160656	"ST4-74.fa_160655_+"	"CDS"	"+"	160651	160657	"SL1344_0136"	"secA"	"+"	"SL1344_0136"	"secA"	158692	161398	"NSR"	75	87.5	82.86	100	4	8	35	6	83.3333333333333	85.3682926829268	"Constitutive"	"chromosome"	"intragenic"
"ST4-74.fa"	1607183	1607184	"ST4-74.fa_1607183_+"	"CDS"	"+"	1607179	1607185	"SL1344_1499"	"fdnH"	"-"	"SL1344_1499"	"fdnH"	1606396	1607281	"Ter"	83.33	90.91	87.8	88.89	6	11	41	9	88.2347058823529	87.9962	"Constitutive"	"chromosome"	"intragenic"
"ST4-74.fa"	1607575	1607576	"ST4-74.fa_1607575_-"	"CDS"	"-"	1607574	1607580	"SL1344_1500"	"fdnG"	"-"	"SL1344_1500"	"fdnG"	1607294	1610342	"Ter"	100	60	85.29	57.14	1	10	34	7	63.6363636363636	80.4839024390244	"Constitutive"	"chromosome"	"intragenic"
"ST4-74.fa"	1607952	1607953	"ST4-74.fa_1607952_+"	"CDS"	"+"	1607948	1607954	"SL1344_1500"	"fdnG"	"-"	"SL1344_1500"	"fdnG"	1607294	1610342	"Ter"	100	88.89	94.92	100	8	9	59	10	94.1182352941177	95.656231884058	"Constitutive"	"chromosome"	"intragenic"
"ST4-74.fa"	1608744	1608745	"ST4-74.fa_1608744_-"	"CDS"	"-"	1608743	1608749	"SL1344_1500"	"fdnG"	"-"	"SL1344_1500"	"fdnG"	1607294	1610342	"Ter"	0	90.91	87.18	100	1	11	39	10	83.3341666666667	89.7963265306122	"Constitutive"	"chromosome"	"intragenic"
"ST4-74.fa"	1608861	1608862	"ST4-74.fa_1608861_-"	"CDS"	"-"	1608860	1608866	"SL1344_1500"	"fdnG"	"-"	"SL1344_1500"	"fdnG"	1607294	1610342	"Ter"	50	90	98	100	2	10	50	12	83.3333333333333	98.3870967741936	"Constitutive"	"chromosome"	"intragenic"
"ST4-74.fa"	1609470	1609471	"ST4-74.fa_1609470_+"	"CDS"	"+"	1609466	1609472	"SL1344_1500"	"fdnG"	"-"	"SL1344_1500"	"fdnG"	1607294	1610342	"Ter"	83.33	100	94.74	90.91	6	10	57	11	93.74875	94.1204411764706	"Constitutive"	"chromosome"	"intragenic"
"ST4-74.fa"	1612233	1612234	"ST4-74.fa_1612233_+"	"CDS"	"+"	1612229	1612235	"SL1344_1503"	"ompD"	"+"	"SL1344_1503"	"ompD"	1611986	1613114	"Ter"	75	88.89	94.44	87.5	4	9	54	16	84.6161538461538	92.8537142857143	"Constitutive"	"chromosome"	"intragenic"
"ST4-74.fa"	1614656	1614657	"ST4-74.fa_1614656_+"	"CDS"	"+"	1614652	1614658	"SL1344_1505"	"smvA"	"-"	"SL1344_1505"	"smvA"	1613662	1615150	"Ter"	80	100	93.48	62.5	5	3	46	8	87.5	88.8903703703704	"Constitutive"	"chromosome"	"intragenic"
"ST4-74.fa"	1618419	1618420	"ST4-74.fa_1618419_+"	"CDS"	"+"	1618415	1618421	"SL1344_1508"	"narZ"	"+"	"SL1344_1508"	"narZ"	1617539	1621280	"Ter"	100	100	87.27	80	3	5	55	5	100	86.6641666666667	"Constitutive"	"chromosome"	"intragenic"
"ST4-74.fa"	1619463	1619464	"ST4-74.fa_1619463_-"	"CDS"	"-"	1619462	1619468	"SL1344_1508"	"narZ"	"+"	"SL1344_1508"	"narZ"	1617539	1621280	"Ter"	100	88.89	85.19	91.67	2	9	54	12	90.91	86.3681818181818	"Constitutive"	"chromosome"	"intragenic"
"ST4-74.fa"	1620633	1620634	"ST4-74.fa_1620633_-"	"CDS"	"-"	1620632	1620638	"SL1344_1508"	"narZ"	"+"	"SL1344_1508"	"narZ"	1617539	1621280	"Ter"	100	85.71	87.93	92.31	2	7	58	13	88.8855555555555	88.7319718309859	"Constitutive"	"chromosome"	"intragenic"
"ST4-74.fa"	1620896	1620897	"ST4-74.fa_1620896_+"	"CDS"	"+"	1620892	1620898	"SL1344_1508"	"narZ"	"+"	"SL1344_1508"	"narZ"	1617539	1621280	"Ter"	80	77.78	88.89	100	5	9	36	6	78.5728571428571	90.4771428571429	"Constitutive"	"chromosome"	"intragenic"
"ST4-74.fa"	1621211	1621212	"ST4-74.fa_1621211_+"	"CDS"	"+"	1621207	1621213	"SL1344_1508"	"narZ"	"+"	"SL1344_1508"	"narZ"	1617539	1621280	"Ter"	100	70	62.5	83.33	5	10	40	6	80	65.2169565217391	"Constitutive"	"chromosome"	"intragenic"
"ST4-74.fa"	1621257	1621258	"ST4-74.fa_1621257_+"	"CDS"	"+"	1621253	1621259	"SL1344_1508"	"narZ"	"+"	"SL1344_1508"	"narZ"	1617539	1621280	"Ter"	100	77.78	90	80	5	9	40	5	85.7157142857143	88.8888888888889	"Constitutive"	"chromosome"	"intragenic"
"ST4-74.fa"	1621658	1621659	"ST4-74.fa_1621658_-"	"CDS"	"-"	1621657	1621663	"SL1344_1509"	"narY"	"+"	"SL1344_1509"	"narY"	1621276	1622821	"Ter"	100	100	83.93	100	1	5	56	6	100	85.4851612903226	"Constitutive"	"chromosome"	"intragenic"
"ST4-74.fa"	162300	162301	"ST4-74.fa_162300_-"	"CDS"	"-"	162299	162305	"SL1344_0138"	"yacG"	"-"	"SL1344_0138"	"yacG"	162266	162458	"NSR"	100	100	88	100	8	11	50	9	100	89.8305084745763	"Constitutive"	"chromosome"	"intragenic"
"ST4-74.fa"	162690	162691	"ST4-74.fa_162690_+"	"CDS"	"+"	162686	162692	"SL1344_0139"	"yacF"	"-"	"SL1344_0139"	"yacF"	162467	163211	"NSR"	71.43	57.14	75.68	87.5	7	7	37	8	64.285	77.7813333333333	"Constitutive"	"chromosome"	"intragenic"
"ST4-74.fa"	1627123	1627124	"ST4-74.fa_1627123_-"	"intergenic"	"-"	1627122	1627128	"SL1344_1514"	"steA"	"-+"	"SL1344_1515"	"ansP"	1626989	1627501	"Ter"	100	80	68.89	72.73	2	5	45	11	85.7142857142857	69.6442857142857	"Constitutive"	"chromosome"	"intergenic"
"ST4-74.fa"	1628867	1628868	"ST4-74.fa_1628867_-"	"CDS"	"-"	1628866	1628872	"SL1344_1515"	"ansP"	"+"	"SL1344_1515"	"ansP"	1627501	1628995	"Ter"	66.67	100	89.29	88.89	3	3	56	9	83.335	89.2346153846154	"Constitutive"	"chromosome"	"intragenic"
"ST4-74.fa"	162906	162907	"ST4-74.fa_162906_+"	"CDS"	"+"	162902	162908	"SL1344_0139"	"yacF"	"-"	"SL1344_0139"	"yacF"	162467	163211	"NSR"	100	81.25	91.49	77.78	7	16	47	9	86.9565217391304	89.2866071428571	"Constitutive"	"chromosome"	"intragenic"
"ST4-74.fa"	1629132	1629133	"ST4-74.fa_1629132_-"	"CDS"	"-"	1629131	1629137	"SL1344_1516"	"STM1585"	"-"	"SL1344_1516"	"STM1585"	1629071	1629293	"Ter"	66.67	100	85.71	100	3	4	56	12	85.7157142857143	88.2317647058823	"Constitutive"	"chromosome"	"intragenic"
"ST4-74.fa"	1635507	1635508	"ST4-74.fa_1635507_-"	"CDS"	"-"	1635506	1635512	"SL1344_1521"	"yncA"	"+"	"SL1344_1521"	"yncA"	1635197	1635713	"Ter"	100	75	88.37	100	1	8	43	5	77.7777777777778	89.5814583333333	"Constitutive"	"chromosome"	"intragenic"
"ST4-74.fa"	1635815	1635816	"ST4-74.fa_1635815_-"	"CDS"	"-"	1635814	1635820	"SL1344_1522"	"ydcZ"	"+"	"SL1344_1522"	"ydcZ"	1635712	1636162	"Ter"	66.67	72.73	92.59	100	3	11	54	6	71.4314285714286	93.331	"Constitutive"	"chromosome"	"intragenic"
"ST4-74.fa"	1640024	1640025	"ST4-74.fa_1640024_-"	"CDS"	"-"	1640023	1640029	"SL1344_1525"	"srfB"	"+"	"SL1344_1525"	"srfB"	1637947	1640929	"Ter"	0	58.33	61.29	66.67	3	12	31	6	46.664	62.1624324324324	"Constitutive"	"chromosome"	"intragenic"
"ST4-74.fa"	1641306	1641307	"ST4-74.fa_1641306_+"	"CDS"	"+"	1641302	1641308	"SL1344_1526"	"srfC"	"+"	"SL1344_1526"	"srfC"	1640925	1643070	"Ter"	66.67	100	80.77	75	6	6	26	4	83.335	80.0006666666667	"Constitutive"	"chromosome"	"intragenic"
"ST4-74.fa"	1643229	1643230	"ST4-74.fa_1643229_+"	"CDS"	"+"	1643225	1643231	"SL1344_1527"	"ydcX"	"-"	"SL1344_1527"	"ydcX"	1643114	1643378	"Ter"	100	87.5	78.05	87.5	6	8	41	8	92.8571428571429	79.5928571428571	"Constitutive"	"chromosome"	"intragenic"
"ST4-74.fa"	1643550	1643551	"ST4-74.fa_1643550_-"	"ncRNA"	"-"	1643549	1643555	"SL1344_ncRNA_39"	"no"	"+"	"SL1344_ncRNA_39"	"no"	1643464	1643658	"Ter"	100	100	87.5	83.33	4	6	56	6	100	87.0964516129032	"Constitutive"	"chromosome"	"intragenic"
"ST4-74.fa"	1643930	1643931	"ST4-74.fa_1643930_-"	"CDS"	"-"	1643929	1643935	"SL1344_1528"	"ydcW"	"-"	"SL1344_1528"	"ydcW"	1643686	1645132	"Ter"	66.67	100	87.5	85.71	3	7	48	7	90.001	87.2721818181818	"Constitutive"	"chromosome"	"intragenic"
"ST4-74.fa"	1651836	1651837	"ST4-74.fa_1651836_-"	"CDS"	"-"	1651835	1651841	"SL1344_1534"	"ydcP"	"-"	"SL1344_1534"	"ydcP"	1650488	1652453	"Ter"	NA	80	79.59	60	NA	5	49	5	80	77.7761111111111	"Constitutive"	"chromosome"	"intragenic"
"ST4-74.fa"	1652553	1652554	"ST4-74.fa_1652553_+"	"CDS"	"+"	1652549	1652555	"SL1344_1535"	"ydcN"	"-"	"SL1344_1535"	"ydcN"	1652531	1653068	"Ter"	100	87.5	90.32	100	4	8	31	3	91.6666666666667	91.1741176470588	"Constitutive"	"chromosome"	"intragenic"
"ST4-74.fa"	1660742	1660743	"ST4-74.fa_1660742_-"	"CDS"	"-"	1660741	1660747	"SL1344_1544"	"STM1614"	"+"	"SL1344_1544"	"STM1614"	1660057	1661371	"Ter"	NA	75	70.97	85.71	NA	8	31	7	75	73.6852631578947	"Constitutive"	"chromosome"	"intragenic"
"ST4-74.fa"	1661150	1661151	"ST4-74.fa_1661150_-"	"CDS"	"-"	1661149	1661155	"SL1344_1544"	"STM1614"	"+"	"SL1344_1544"	"STM1614"	1660057	1661371	"Ter"	100	72.73	72.22	85.71	1	11	36	7	75.0025	74.4160465116279	"Constitutive"	"chromosome"	"intragenic"
"ST4-74.fa"	166241	166242	"ST4-74.fa_166241_+"	"CDS"	"+"	166237	166243	"SL1344_0142"	"pilC"	"-"	"SL1344_0142"	"pilC"	165130	166333	"NSR"	66.67	90.91	84.62	88.89	9	11	39	9	80.002	85.420625	"Constitutive"	"chromosome"	"intragenic"
"ST4-74.fa"	1674196	1674197	"ST4-74.fa_1674196_-"	"CDS"	"-"	1674195	1674201	"SL1344_1556"	"trg"	"-"	"SL1344_1556"	"trg"	1672731	1674357	"Ter"	100	85.71	87.8	100	2	7	41	6	88.8855555555555	89.3574468085106	"Constitutive"	"chromosome"	"intragenic"
"ST4-74.fa"	167505	167506	"ST4-74.fa_167505_-"	"CDS"	"-"	167504	167510	"SL1344_0143"	"pilB"	"-"	"SL1344_0143"	"pilB"	166322	167708	"NSR"	100	75	84.21	50	6	12	38	4	83.3333333333333	80.9519047619048	"Constitutive"	"chromosome"	"intragenic"
"ST4-74.fa"	1675730	1675731	"ST4-74.fa_1675730_-"	"CDS"	"-"	1675729	1675735	"SL1344_1558"	"STM1628"	"-"	"SL1344_1558"	"STM1628"	1675675	1675951	"Ter"	100	83.33	84.85	100	1	6	33	3	85.7114285714286	86.1125	"Constitutive"	"chromosome"	"intragenic"
"ST4-74.fa"	167658	167659	"ST4-74.fa_167658_+"	"CDS"	"+"	167654	167660	"SL1344_0143"	"pilB"	"-"	"SL1344_0143"	"pilB"	166322	167708	"NSR"	77.78	91.67	96.3	100	9	12	54	10	85.7171428571429	96.878125	"Constitutive"	"chromosome"	"intragenic"
"ST4-74.fa"	1679805	1679806	"ST4-74.fa_1679805_+"	"CDS"	"+"	1679801	1679807	"SL1344_1562"	"STM1632"	"-"	"SL1344_1562"	"STM1632"	1679492	1679837	"Ter"	100	75	76.92	63.64	2	8	52	11	80	74.6012698412698	"Constitutive"	"chromosome"	"intragenic"
"ST4-74.fa"	1681276	1681277	"ST4-74.fa_1681276_-"	"CDS"	"-"	1681275	1681281	"SL1344_1563"	"STM1633"	"+"	"SL1344_1563"	"STM1633"	1680743	1681505	"Ter"	0	50	60	77.78	1	2	35	9	33.3333333333333	63.6368181818182	"LSP-specific"	"chromosome"	"intragenic"
"ST4-74.fa"	1681392	1681393	"ST4-74.fa_1681392_+"	"CDS"	"+"	1681388	1681394	"SL1344_1563"	"STM1633"	"+"	"SL1344_1563"	"STM1633"	1680743	1681505	"Ter"	NA	100	96.15	75	NA	7	52	12	100	92.184375	"Constitutive"	"chromosome"	"intragenic"
"ST4-74.fa"	168378	168379	"ST4-74.fa_168378_+"	"CDS"	"+"	168374	168380	"SL1344_0145"	"nadC"	"-"	"SL1344_0145"	"nadC"	168376	169123	"NSR"	37.5	63.64	61.9	50	8	11	42	6	52.6336842105263	60.4125	"Constitutive"	"chromosome"	"intragenic"
"ST4-74.fa"	168378	168379	"ST4-74.fa_168378_+"	"intergenic"	"+"	168374	168380	"SL1344_0144"	"pilA"	"--"	"SL1344_0145"	"nadC"	168155	168376	"NSR"	37.5	63.64	61.9	50	8	11	42	6	52.6336842105263	60.4125	"Constitutive"	"chromosome"	"intergenic"
"ST4-74.fa"	1685091	1685092	"ST4-74.fa_1685091_+"	"CDS"	"+"	1685087	1685093	"SL1344_1567"	"STM1637"	"+"	"SL1344_1567"	"STM1637"	1683728	1685279	"Ter"	75	25	76.92	83.33	4	8	52	12	41.6666666666667	78.121875	"Constitutive"	"chromosome"	"intragenic"
"ST4-74.fa"	1687716	1687717	"ST4-74.fa_1687716_+"	"CDS"	"+"	1687712	1687718	"SL1344_1570"	"ydcF"	"-"	"SL1344_1570"	"ydcF"	1687322	1688123	"Ter"	100	80	95	90.91	4	5	60	11	88.8888888888889	94.366338028169	"Constitutive"	"chromosome"	"intragenic"
"ST4-74.fa"	1688199	1688200	"ST4-74.fa_1688199_-"	"CDS"	"-"	1688198	1688204	"SL1344_1571"	"hrpA"	"-"	"SL1344_1571"	"hrpA"	1688186	1692089	"Ter"	33.33	60	72.22	87.5	3	5	36	8	49.99875	74.9981818181818	"Constitutive"	"chromosome"	"intragenic"
"ST4-74.fa"	1689198	1689199	"ST4-74.fa_1689198_-"	"CDS"	"-"	1689197	1689203	"SL1344_1571"	"hrpA"	"-"	"SL1344_1571"	"hrpA"	1688186	1692089	"Ter"	100	100	93.75	100	3	7	48	9	100	94.7368421052632	"Constitutive"	"chromosome"	"intragenic"
"ST4-74.fa"	1691268	1691269	"ST4-74.fa_1691268_-"	"CDS"	"-"	1691267	1691273	"SL1344_1571"	"hrpA"	"-"	"SL1344_1571"	"hrpA"	1688186	1692089	"Ter"	100	77.78	95.92	100	2	9	49	7	81.82	96.43	"Constitutive"	"chromosome"	"intragenic"
"ST4-74.fa"	1695221	1695222	"ST4-74.fa_1695221_-"	"CDS"	"-"	1695220	1695226	"SL1344_1576"	"ydbH"	"-"	"SL1344_1576"	"ydbH"	1694005	1696642	"Ter"	100	100	92	92.31	5	9	50	13	100	92.0639682539683	"Constitutive"	"chromosome"	"intragenic"
"ST4-74.fa"	1697791	1697792	"ST4-74.fa_1697791_-"	"CDS"	"-"	1697790	1697796	"SL1344_1577"	"ldhA"	"+"	"SL1344_1577"	"ldhA"	1696881	1697871	"Ter"	100	62.5	87.76	90	2	8	49	10	70	88.1396610169492	"Constitutive"	"chromosome"	"intragenic"
"ST4-74.fa"	1697796	1697797	"ST4-74.fa_1697796_+"	"CDS"	"+"	1697792	1697798	"SL1344_1577"	"ldhA"	"+"	"SL1344_1577"	"ldhA"	1696881	1697871	"Ter"	100	100	94.83	100	3	6	58	6	100	95.3146875	"Constitutive"	"chromosome"	"intragenic"
"ST4-74.fa"	1699425	1699426	"ST4-74.fa_1699425_-"	"CDS"	"-"	1699424	1699430	"SL1344_1581"	"nifJ"	"+"	"SL1344_1581"	"nifJ"	1698977	1702502	"Ter"	100	88.89	87.76	100	6	9	49	9	93.334	89.6593103448276	"Constitutive"	"chromosome"	"intragenic"
"ST4-74.fa"	1701651	1701652	"ST4-74.fa_1701651_+"	"CDS"	"+"	1701647	1701653	"SL1344_1581"	"nifJ"	"+"	"SL1344_1581"	"nifJ"	1698977	1702502	"Ter"	100	72.73	97.92	87.5	6	11	48	8	82.354705882353	96.4314285714286	"Constitutive"	"chromosome"	"intragenic"
"ST4-74.fa"	1702167	1702168	"ST4-74.fa_1702167_-"	"CDS"	"-"	1702166	1702172	"SL1344_1581"	"nifJ"	"+"	"SL1344_1581"	"nifJ"	1698977	1702502	"Ter"	100	76.92	72.97	71.43	5	13	37	7	83.3311111111111	72.725	"Constitutive"	"chromosome"	"intragenic"
"ST4-74.fa"	1705487	1705488	"ST4-74.fa_1705487_-"	"CDS"	"-"	1705486	1705492	"SL1344_1586"	"dbpA"	"-"	"SL1344_1586"	"dbpA"	1705140	1706514	"Ter"	100	80	90.57	77.78	4	5	53	9	88.8888888888889	88.7133870967742	"Constitutive"	"chromosome"	"intragenic"
"ST4-74.fa"	1706257	1706258	"ST4-74.fa_1706257_-"	"CDS"	"-"	1706256	1706262	"SL1344_1586"	"dbpA"	"-"	"SL1344_1586"	"dbpA"	1705140	1706514	"Ter"	100	100	85.19	75	3	7	54	12	100	83.3372727272727	"Constitutive"	"chromosome"	"intragenic"
"ST4-74.fa"	1707046	1707047	"ST4-74.fa_1707046_+"	"CDS"	"+"	1707042	1707048	"SL1344_1587"	"zntB"	"-"	"SL1344_1587"	"zntB"	1707000	1707984	"Ter"	75	100	91.84	100	4	10	49	5	92.8571428571429	92.5955555555555	"Constitutive"	"chromosome"	"intragenic"
"ST4-74.fa"	1708505	1708506	"ST4-74.fa_1708505_+"	"CDS"	"+"	1708501	1708507	"SL1344_1588"	"STM1657"	"-"	"SL1344_1588"	"STM1657"	1708129	1709284	"Ter"	100	87.5	80.85	100	2	8	47	4	90	82.3519607843137	"Constitutive"	"chromosome"	"intragenic"
"ST4-74.fa"	1709153	1709154	"ST4-74.fa_1709153_+"	"CDS"	"+"	1709149	1709155	"SL1344_1588"	"STM1657"	"-"	"SL1344_1588"	"STM1657"	1708129	1709284	"Ter"	50	42.86	64.15	33.33	2	7	53	3	44.4466666666667	62.4989285714286	"Constitutive"	"chromosome"	"intragenic"
"ST4-74.fa"	1709905	1709906	"ST4-74.fa_1709905_+"	"CDS"	"+"	1709901	1709907	"SL1344_1589"	"ydaL"	"-"	"SL1344_1589"	"ydaL"	1709694	1710258	"Ter"	100	100	84.62	75	5	7	52	4	100	83.9328571428571	"Constitutive"	"chromosome"	"intragenic"
"ST4-74.fa"	1711347	1711348	"ST4-74.fa_1711347_+"	"CDS"	"+"	1711343	1711349	"SL1344_1591"	"fnr"	"+"	"SL1344_1591"	"fnr"	1711226	1711979	"Ter"	100	87.5	100	100	6	8	57	2	92.8571428571429	100	"Constitutive"	"chromosome"	"intragenic"
"ST4-74.fa"	1711689	1711690	"ST4-74.fa_1711689_+"	"CDS"	"+"	1711685	1711691	"SL1344_1591"	"fnr"	"+"	"SL1344_1591"	"fnr"	1711226	1711979	"Ter"	100	100	82.76	100	3	5	58	4	100	83.8722580645161	"Constitutive"	"chromosome"	"intragenic"
"ST4-74.fa"	1712571	1712572	"ST4-74.fa_1712571_+"	"CDS"	"+"	1712567	1712573	"SL1344_1592"	"ydaA"	"+"	"SL1344_1592"	"ydaA"	1712129	1713077	"Ter"	100	57.14	71.74	33.33	2	7	46	3	66.6644444444444	69.3883673469388	"Constitutive"	"chromosome"	"intragenic"
"ST4-74.fa"	1714432	1714433	"ST4-74.fa_1714432_+"	"CDS"	"+"	1714428	1714434	"SL1344_1594"	"ynaI"	"+"	"SL1344_1594"	"ynaI"	1713624	1714656	"Ter"	50	62.5	60.78	83.33	2	8	51	6	60	63.1536842105263	"Constitutive"	"chromosome"	"intragenic"
"ST4-74.fa"	1722300	1722301	"ST4-74.fa_1722300_+"	"intergenic"	"+"	1722296	1722302	"SL1344_1601"	"STM1671"	"++"	"SL1344_1602"	"STM1672"	1722107	1722494	"Ter"	100	57.14	86.79	100	4	7	53	1	72.7254545454546	87.0346296296296	"Constitutive"	"chromosome"	"intergenic"
"ST4-74.fa"	1722867	1722868	"ST4-74.fa_1722867_-"	"CDS"	"-"	1722866	1722872	"SL1344_1602"	"STM1672"	"+"	"SL1344_1602"	"STM1672"	1722494	1723607	"Ter"	100	71.43	80	90.91	2	7	40	11	77.7788888888889	82.353137254902	"Constitutive"	"chromosome"	"intragenic"
"ST4-74.fa"	1722876	1722877	"ST4-74.fa_1722876_+"	"CDS"	"+"	1722872	1722878	"SL1344_1602"	"STM1672"	"+"	"SL1344_1602"	"STM1672"	1722494	1723607	"Ter"	80	83.33	86.27	100	5	6	51	4	81.8163636363636	87.2685454545454	"Constitutive"	"chromosome"	"intragenic"
"ST4-74.fa"	1723167	1723168	"ST4-74.fa_1723167_+"	"CDS"	"+"	1723163	1723169	"SL1344_1602"	"STM1672"	"+"	"SL1344_1602"	"STM1672"	1722494	1723607	"Ter"	100	100	84.62	100	5	6	65	2	100	85.0791044776119	"Constitutive"	"chromosome"	"intragenic"
"ST4-74.fa"	1723474	1723475	"ST4-74.fa_1723474_-"	"CDS"	"-"	1723473	1723479	"SL1344_1602"	"STM1672"	"+"	"SL1344_1602"	"STM1672"	1722494	1723607	"Ter"	100	100	75.76	75	2	5	33	8	100	75.6117073170732	"Constitutive"	"chromosome"	"intragenic"
"ST4-74.fa"	1726	1727	"ST4-74.fa_1726_+"	"CDS"	"+"	1722	1728	"SL1344_0002"	"thrA"	"+"	"SL1344_0002"	"thrA"	336	2799	"NSR"	100	93.33	97.73	100	1	15	44	5	93.746875	97.9616326530612	"Constitutive"	"chromosome"	"intragenic"
"ST4-74.fa"	1730000	1730001	"ST4-74.fa_1730000_-"	"CDS"	"-"	1729999	1730005	"SL1344_1609"	"mppA"	"-"	"SL1344_1609"	"mppA"	1728850	1730464	"Ter"	66.67	100	87.23	81.82	3	9	47	11	91.6675	86.2039655172414	"Constitutive"	"chromosome"	"intragenic"
"ST4-74.fa"	173385	173386	"ST4-74.fa_173385_+"	"CDS"	"+"	173381	173387	"SL1344_0150"	"aroP"	"-"	"SL1344_0150"	"aroP"	173383	174757	"NSR"	66.67	100	86.96	80	6	14	46	10	90.001	85.7171428571429	"Constitutive"	"chromosome"	"intragenic"
"ST4-74.fa"	173385	173386	"ST4-74.fa_173385_+"	"intergenic"	"+"	173381	173387	"SL1344_0149"	"STM0149"	"--"	"SL1344_0150"	"aroP"	173220	173383	"NSR"	66.67	100	86.96	80	6	14	46	10	90.001	85.7171428571429	"Constitutive"	"chromosome"	"intergenic"
"ST4-74.fa"	1735455	1735456	"ST4-74.fa_1735455_+"	"CDS"	"+"	1735451	1735457	"SL1344_1614"	"ycjF"	"-"	"SL1344_1614"	"ycjF"	1734722	1735784	"Ter"	100	87.5	90.91	100	3	8	44	4	90.9090909090909	91.6675	"Constitutive"	"chromosome"	"intragenic"
"ST4-74.fa"	1740553	1740554	"ST4-74.fa_1740553_-"	"CDS"	"-"	1740552	1740558	"SL1344_1622"	"sapA"	"+"	"SL1344_1622"	"sapA"	1740531	1742181	"Ter"	50	57.14	80.85	75	4	7	47	8	54.5436363636364	79.9990909090909	"Constitutive"	"chromosome"	"intragenic"
"ST4-74.fa"	1742370	1742371	"ST4-74.fa_1742370_-"	"CDS"	"-"	1742369	1742375	"SL1344_1623"	"sapB"	"+"	"SL1344_1623"	"sapB"	1742348	1743143	"Ter"	100	83.33	81.25	80	2	6	48	5	87.4975	81.1320754716981	"Constitutive"	"chromosome"	"intragenic"
"ST4-74.fa"	1742811	1742812	"ST4-74.fa_1742811_+"	"CDS"	"+"	1742807	1742813	"SL1344_1623"	"sapB"	"+"	"SL1344_1623"	"sapB"	1742348	1743143	"Ter"	50	83.33	71.11	70	4	6	45	10	69.998	70.9081818181818	"Constitutive"	"chromosome"	"intragenic"
"ST4-74.fa"	1743295	1743296	"ST4-74.fa_1743295_+"	"CDS"	"+"	1743291	1743297	"SL1344_1624"	"sapC"	"+"	"SL1344_1624"	"sapC"	1743129	1744020	"Ter"	66.67	100	93.48	88.89	3	8	46	9	90.91	92.7289090909091	"Constitutive"	"chromosome"	"intragenic"
"ST4-74.fa"	1744557	1744558	"ST4-74.fa_1744557_-"	"CDS"	"-"	1744556	1744562	"SL1344_1625"	"sapD"	"+"	"SL1344_1625"	"sapD"	1744019	1745012	"Ter"	66.67	87.5	73.47	66.67	3	8	49	6	81.8190909090909	72.7281818181818	"Constitutive"	"chromosome"	"intragenic"
"ST4-74.fa"	1745671	1745672	"ST4-74.fa_1745671_+"	"CDS"	"+"	1745667	1745673	"SL1344_1626"	"sapF"	"+"	"SL1344_1626"	"sapF"	1745013	1745820	"Ter"	100	100	96.67	80	4	6	60	5	100	95.3876923076923	"Constitutive"	"chromosome"	"intragenic"
"ST4-74.fa"	1747549	1747550	"ST4-74.fa_1747549_+"	"CDS"	"+"	1747545	1747551	"SL1344_1628"	"steC"	"-"	"SL1344_1628"	"steC"	1747009	1748383	"Ter"	100	100	89.29	75	4	7	56	8	100	87.50375	"Constitutive"	"chromosome"	"intragenic"
"ST4-74.fa"	1747766	1747767	"ST4-74.fa_1747766_-"	"CDS"	"-"	1747765	1747771	"SL1344_1628"	"steC"	"-"	"SL1344_1628"	"steC"	1747009	1748383	"Ter"	100	85.71	82.22	55.56	4	14	45	9	88.8855555555555	77.7766666666667	"Constitutive"	"chromosome"	"intragenic"
"ST4-74.fa"	174907	174908	"ST4-74.fa_174907_+"	"intergenic"	"+"	174903	174909	"SL1344_0150"	"aroP"	"-+"	"SL1344_0151"	"pdhR"	174757	175319	"NSR"	50	76.92	89.09	80	4	13	55	10	70.5858823529412	87.6915384615385	"Constitutive"	"chromosome"	"intergenic"
"ST4-74.fa"	1749283	1749284	"ST4-74.fa_1749283_+"	"CDS"	"+"	1749279	1749285	"SL1344_1631"	"fabI"	"+"	"SL1344_1631"	"fabI"	1748988	1749777	"Ter"	100	85.71	93.75	87.5	5	7	48	8	91.6641666666666	92.8571428571429	"Constitutive"	"chromosome"	"intragenic"
"ST4-74.fa"	1751430	1751431	"ST4-74.fa_1751430_-"	"CDS"	"-"	1751429	1751435	"SL1344_1633"	"rnb"	"+"	"SL1344_1633"	"rnb"	1751198	1753133	"Ter"	100	75	94.55	63.64	2	8	55	11	80	89.3983333333333	"Constitutive"	"chromosome"	"intragenic"
"ST4-74.fa"	1754031	1754032	"ST4-74.fa_1754031_-"	"CDS"	"-"	1754030	1754036	"SL1344_1634"	"yciR"	"+"	"SL1344_1634"	"yciR"	1753394	1755377	"Ter"	66.67	42.86	51.06	72.73	3	7	47	11	50.003	55.1698275862069	"Constitutive"	"chromosome"	"intragenic"
"ST4-74.fa"	1754256	1754257	"ST4-74.fa_1754256_+"	"CDS"	"+"	1754252	1754258	"SL1344_1634"	"yciR"	"+"	"SL1344_1634"	"yciR"	1753394	1755377	"Ter"	100	100	85	92.31	4	4	40	13	100	86.7930188679245	"Constitutive"	"chromosome"	"intragenic"
"ST4-74.fa"	1754991	1754992	"ST4-74.fa_1754991_-"	"CDS"	"-"	1754990	1754996	"SL1344_1634"	"yciR"	"+"	"SL1344_1634"	"yciR"	1753394	1755377	"Ter"	33.33	50	72.5	72.73	3	6	40	11	44.4433333333333	72.5496078431373	"Constitutive"	"chromosome"	"intragenic"
"ST4-74.fa"	1755135	1755136	"ST4-74.fa_1755135_+"	"CDS"	"+"	1755131	1755137	"SL1344_1634"	"yciR"	"+"	"SL1344_1634"	"yciR"	1753394	1755377	"Ter"	100	77.78	85.37	100	5	9	41	12	85.7157142857143	88.6824528301887	"Constitutive"	"chromosome"	"intragenic"
"ST4-74.fa"	1755622	1755623	"ST4-74.fa_1755622_+"	"CDS"	"+"	1755618	1755624	"SL1344_1635"	"SL1344_1635"	"+"	"SL1344_1635"	"SL1344_1635"	1755465	1755678	"Ter"	100	85.71	72.73	66.67	2	7	33	12	88.8855555555555	71.114	"Constitutive"	"chromosome"	"intragenic"
"ST4-74.fa"	1765175	1765176	"ST4-74.fa_1765175_-"	"intergenic"	"-"	1765174	1765180	"SL1344_1644A"	"ymiA"	"--"	"SL1344_1645"	"cysB"	1764967	1765259	"Ter"	100	85.71	90.2	100	1	7	51	9	87.49625	91.67	"Constitutive"	"chromosome"	"intergenic"
"ST4-74.fa"	1766134	1766135	"ST4-74.fa_1766134_-"	"CDS"	"-"	1766133	1766139	"SL1344_1645"	"cysB"	"-"	"SL1344_1645"	"cysB"	1765259	1766234	"Ter"	100	50	84.38	100	1	6	32	4	57.1428571428571	86.1155555555555	"Constitutive"	"chromosome"	"intragenic"
"ST4-74.fa"	1767224	1767225	"ST4-74.fa_1767224_+"	"CDS"	"+"	1767220	1767226	"SL1344_1646"	"topA"	"-"	"SL1344_1646"	"topA"	1766644	1769242	"Ter"	85.71	60	76	100	7	5	50	8	74.9975	79.3103448275862	"Constitutive"	"chromosome"	"intragenic"
"ST4-74.fa"	1767587	1767588	"ST4-74.fa_1767587_-"	"CDS"	"-"	1767586	1767592	"SL1344_1646"	"topA"	"-"	"SL1344_1646"	"topA"	1766644	1769242	"Ter"	100	88.89	96.08	77.78	3	9	51	9	91.6675	93.335	"Constitutive"	"chromosome"	"intragenic"
"ST4-74.fa"	1770025	1770026	"ST4-74.fa_1770025_+"	"CDS"	"+"	1770021	1770027	"SL1344_1648"	"sohB"	"-"	"SL1344_1648"	"sohB"	1769937	1770984	"Ter"	83.33	83.33	89.36	100	6	6	47	3	83.33	89.9984	"Constitutive"	"chromosome"	"intragenic"
"ST4-74.fa"	1770904	1770905	"ST4-74.fa_1770904_+"	"CDS"	"+"	1770900	1770906	"SL1344_1648"	"sohB"	"-"	"SL1344_1648"	"sohB"	1769937	1770984	"Ter"	83.33	60	79.41	75	6	5	34	4	72.7254545454546	78.9457894736842	"Constitutive"	"chromosome"	"intragenic"
"ST4-74.fa"	1772903	1772904	"ST4-74.fa_1772903_+"	"CDS"	"+"	1772899	1772905	"SL1344_1651"	"yciL"	"-"	"SL1344_1651"	"yciL"	1772656	1773532	"Ter"	100	100	88.89	100	2	5	45	2	100	89.3627659574468	"Constitutive"	"chromosome"	"intragenic"
"ST4-74.fa"	1773744	1773745	"ST4-74.fa_1773744_+"	"CDS"	"+"	1773740	1773746	"SL1344_1652"	"yciO"	"-"	"SL1344_1652"	"yciO"	1773632	1774253	"Ter"	66.67	60	76.74	0	3	5	43	1	62.50125	74.9959090909091	"Constitutive"	"chromosome"	"intragenic"
"ST4-74.fa"	177538	177539	"ST4-74.fa_177538_-"	"CDS"	"-"	177537	177543	"SL1344_0152"	"aceE"	"+"	"SL1344_0152"	"aceE"	176243	178907	"NSR"	100	80	84.21	100	8	15	38	9	86.9565217391304	87.2336170212766	"Constitutive"	"chromosome"	"intragenic"
"ST4-74.fa"	1777022	1777023	"ST4-74.fa_1777022_+"	"CDS"	"+"	1777018	1777024	"SL1344_1655"	"trpD"	"+"	"SL1344_1655"	"trpD"	1776964	1778560	"Ter"	50	88.89	79.31	75	2	9	29	4	81.8190909090909	78.7875757575758	"Constitutive"	"chromosome"	"intragenic"
"ST4-74.fa"	1778099	1778100	"ST4-74.fa_1778099_-"	"CDS"	"-"	1778098	1778104	"SL1344_1655"	"trpD"	"+"	"SL1344_1655"	"trpD"	1776964	1778560	"Ter"	100	90	92.11	66.67	2	10	38	3	91.6666666666667	90.2485365853658	"Constitutive"	"chromosome"	"intragenic"
"ST4-74.fa"	1778339	1778340	"ST4-74.fa_1778339_+"	"CDS"	"+"	1778335	1778341	"SL1344_1655"	"trpD"	"+"	"SL1344_1655"	"trpD"	1776964	1778560	"Ter"	66.67	100	95.56	100	6	2	45	6	75.0025	96.0823529411765	"Constitutive"	"chromosome"	"intragenic"
"ST4-74.fa"	178113	178114	"ST4-74.fa_178113_-"	"CDS"	"-"	178112	178118	"SL1344_0152"	"aceE"	"+"	"SL1344_0152"	"aceE"	176243	178907	"NSR"	90	80	90.57	83.33	10	20	53	12	83.3333333333333	89.2333846153846	"Constitutive"	"chromosome"	"intragenic"
"ST4-74.fa"	1782860	1782861	"ST4-74.fa_1782860_+"	"CDS"	"+"	1782856	1782862	"SL1344_1660"	"yciF"	"+"	"SL1344_1660"	"yciF"	1782682	1783186	"Ter"	50	75	83.33	71.43	4	4	42	7	62.5	81.63	"Constitutive"	"chromosome"	"intragenic"
"ST4-74.fa"	1790198	1790199	"ST4-74.fa_1790198_+"	"CDS"	"+"	1790194	1790200	"SL1344_1670"	"cls"	"+"	"SL1344_1670"	"cls"	1789720	1791181	"Ter"	77.78	83.33	85.71	100	9	6	63	6	80	86.9526086956522	"Constitutive"	"chromosome"	"intragenic"
"ST4-74.fa"	179021	179022	"ST4-74.fa_179021_-"	"CDS"	"-"	179020	179026	"SL1344_0153"	"aceF"	"+"	"SL1344_0153"	"aceF"	178921	180811	"NSR"	100	73.33	95.65	88.89	9	15	46	9	83.33125	94.5438181818182	"Constitutive"	"chromosome"	"intragenic"
"ST4-74.fa"	179330	179331	"ST4-74.fa_179330_-"	"CDS"	"-"	179329	179335	"SL1344_0153"	"aceF"	"+"	"SL1344_0153"	"aceF"	178921	180811	"NSR"	91.67	84.62	97.83	100	12	13	46	9	88.004	98.1850909090909	"Constitutive"	"chromosome"	"intragenic"
"ST4-74.fa"	179633	179634	"ST4-74.fa_179633_-"	"CDS"	"-"	179632	179638	"SL1344_0153"	"aceF"	"+"	"SL1344_0153"	"aceF"	178921	180811	"NSR"	91.67	86.67	89.8	92.86	12	15	49	14	88.8922222222222	90.48	"Constitutive"	"chromosome"	"intragenic"
"ST4-74.fa"	179710	179711	"ST4-74.fa_179710_+"	"CDS"	"+"	179706	179712	"SL1344_0153"	"aceF"	"+"	"SL1344_0153"	"aceF"	178921	180811	"NSR"	100	88.89	93.18	83.33	6	9	44	6	93.334	91.998	"Constitutive"	"chromosome"	"intragenic"
"ST4-74.fa"	1797951	1797952	"ST4-74.fa_1797951_-"	"CDS"	"-"	1797950	1797956	"SL1344_1677"	"oppA"	"-"	"SL1344_1677"	"oppA"	1796460	1798092	"Ter"	100	58.33	79.17	75	1	12	48	4	61.5353846153846	78.8492307692308	"Constitutive"	"chromosome"	"intragenic"
"ST4-74.fa"	1799101	1799102	"ST4-74.fa_1799101_-"	"CDS"	"-"	1799100	1799106	"SL1344_1679"	"ychE"	"-"	"SL1344_1679"	"ychE"	1798856	1799504	"Ter"	66.67	100	87.8	66.67	3	13	41	3	93.750625	86.3593181818182	"Constitutive"	"chromosome"	"intragenic"
"ST4-74.fa"	1799218	1799219	"ST4-74.fa_1799218_-"	"CDS"	"-"	1799217	1799223	"SL1344_1679"	"ychE"	"-"	"SL1344_1679"	"ychE"	1798856	1799504	"Ter"	100	100	95.65	75	3	11	46	4	100	93.998	"Constitutive"	"chromosome"	"intragenic"
"ST4-74.fa"	1800545	1800546	"ST4-74.fa_1800545_-"	"CDS"	"-"	1800544	1800550	"SL1344_1680"	"adh"	"+"	"SL1344_1680"	"adh"	1799980	1802659	"Ter"	100	85.71	77.36	66.67	1	7	53	3	87.49625	76.7873214285714	"Constitutive"	"chromosome"	"intragenic"
"ST4-74.fa"	1800935	1800936	"ST4-74.fa_1800935_-"	"CDS"	"-"	1800934	1800940	"SL1344_1680"	"adh"	"+"	"SL1344_1680"	"adh"	1799980	1802659	"Ter"	100	71.43	94.74	75	3	7	57	4	80.001	93.4455737704918	"Constitutive"	"chromosome"	"intragenic"
"ST4-74.fa"	1801163	1801164	"ST4-74.fa_1801163_-"	"CDS"	"-"	1801162	1801168	"SL1344_1680"	"adh"	"+"	"SL1344_1680"	"adh"	1799980	1802659	"Ter"	100	88.89	96.61	100	3	9	59	5	91.6675	96.87484375	"Constitutive"	"chromosome"	"intragenic"
"ST4-74.fa"	1801292	1801293	"ST4-74.fa_1801292_-"	"CDS"	"-"	1801291	1801297	"SL1344_1680"	"adh"	"+"	"SL1344_1680"	"adh"	1799980	1802659	"Ter"	100	100	93.1	100	2	8	58	7	100	93.8430769230769	"Constitutive"	"chromosome"	"intragenic"
"ST4-74.fa"	1802528	1802529	"ST4-74.fa_1802528_-"	"CDS"	"-"	1802527	1802533	"SL1344_1680"	"adh"	"+"	"SL1344_1680"	"adh"	1799980	1802659	"Ter"	50	57.14	74.42	66.67	2	7	43	3	55.5533333333333	73.9145652173913	"Constitutive"	"chromosome"	"intragenic"
"ST4-74.fa"	1802749	1802750	"ST4-74.fa_1802749_-"	"intergenic"	"-"	1802748	1802754	"SL1344_1680"	"adh"	"+-"	"SL1344_1681"	"tdk"	1802659	1802855	"Ter"	66.67	100	90.24	80	3	6	41	5	88.89	89.1269565217391	"Constitutive"	"chromosome"	"intergenic"
"ST4-74.fa"	1802997	1802998	"ST4-74.fa_1802997_-"	"CDS"	"-"	1802996	1803002	"SL1344_1681"	"tdk"	"-"	"SL1344_1681"	"tdk"	1802855	1803473	"Ter"	100	100	92.73	100	2	6	55	5	100	93.3358333333333	"Constitutive"	"chromosome"	"intragenic"
"ST4-74.fa"	1804535	1804536	"ST4-74.fa_1804535_-"	"CDS"	"-"	1804534	1804540	"SL1344_1682"	"hns"	"+"	"SL1344_1682"	"hns"	1804135	1804549	"Ter"	100	80	80.77	100	2	10	52	8	83.3333333333333	83.334	"Constitutive"	"chromosome"	"intragenic"
"ST4-74.fa"	1804846	1804847	"ST4-74.fa_1804846_+"	"CDS"	"+"	1804842	1804848	"SL1344_1683"	"galU"	"-"	"SL1344_1683"	"galU"	1804680	1805589	"Ter"	100	100	96.43	66.67	5	12	56	3	100	94.9167796610169	"Constitutive"	"chromosome"	"intragenic"
"ST4-74.fa"	1806116	1806117	"ST4-74.fa_1806116_-"	"CDS"	"-"	1806115	1806121	"SL1344_1684"	"hnr"	"-"	"SL1344_1684"	"hnr"	1805791	1806805	"Ter"	100	83.33	88.24	100	2	6	34	5	87.4975	89.7476923076923	"Constitutive"	"chromosome"	"intragenic"
"ST4-74.fa"	1806257	1806258	"ST4-74.fa_1806257_-"	"CDS"	"-"	1806256	1806262	"SL1344_1684"	"hnr"	"-"	"SL1344_1684"	"hnr"	1805791	1806805	"Ter"	100	100	88.89	100	2	7	45	5	100	90.001	"Constitutive"	"chromosome"	"intragenic"
"ST4-74.fa"	1806649	1806650	"ST4-74.fa_1806649_+"	"CDS"	"+"	1806645	1806651	"SL1344_1684"	"hnr"	"-"	"SL1344_1684"	"hnr"	1805791	1806805	"Ter"	50	66.67	52.94	66.67	2	12	51	3	64.2885714285714	53.7027777777778	"Constitutive"	"chromosome"	"intragenic"
"ST4-74.fa"	1810618	1810619	"ST4-74.fa_1810618_-"	"CDS"	"-"	1810617	1810623	"SL1344_1688"	"STM1760"	"-"	"SL1344_1688"	"STM1760"	1810578	1812054	"Ter"	100	62.5	87.76	80	2	8	49	5	70	87.0414814814815	"Constitutive"	"chromosome"	"intragenic"
"ST4-74.fa"	1812965	1812966	"ST4-74.fa_1812965_+"	"CDS"	"+"	1812961	1812967	"SL1344_1689"	"narI"	"-"	"SL1344_1689"	"narI"	1812349	1813027	"Ter"	50	55.56	53.19	100	2	9	47	5	54.5490909090909	57.6909615384615	"Constitutive"	"chromosome"	"intragenic"
"ST4-74.fa"	1814640	1814641	"ST4-74.fa_1814640_+"	"CDS"	"+"	1814636	1814642	"SL1344_1691"	"narH"	"-"	"SL1344_1691"	"narH"	1813733	1815269	"Ter"	100	100	86.27	80	3	8	51	5	100	85.7101785714286	"Constitutive"	"chromosome"	"intragenic"
"ST4-74.fa"	1815911	1815912	"ST4-74.fa_1815911_+"	"CDS"	"+"	1815907	1815913	"SL1344_1692"	"narG"	"-"	"SL1344_1692"	"narG"	1815265	1819009	"Ter"	100	100	94.55	100	3	10	55	9	100	95.31640625	"Constitutive"	"chromosome"	"intragenic"
"ST4-74.fa"	1817336	1817337	"ST4-74.fa_1817336_+"	"CDS"	"+"	1817332	1817338	"SL1344_1692"	"narG"	"-"	"SL1344_1692"	"narG"	1815265	1819009	"Ter"	100	100	91.07	100	2	10	56	6	100	91.9341935483871	"Constitutive"	"chromosome"	"intragenic"
"ST4-74.fa"	1818503	1818504	"ST4-74.fa_1818503_+"	"CDS"	"+"	1818499	1818505	"SL1344_1692"	"narG"	"-"	"SL1344_1692"	"narG"	1815265	1819009	"Ter"	100	80	87.93	83.33	4	10	58	6	85.7142857142857	87.49875	"Constitutive"	"chromosome"	"intragenic"
"ST4-74.fa"	1820576	1820577	"ST4-74.fa_1820576_-"	"CDS"	"-"	1820575	1820581	"SL1344_1693"	"narK"	"-"	"SL1344_1693"	"narK"	1819396	1820794	"Ter"	83.33	85.71	93.62	83.33	6	7	47	6	84.6115384615384	92.4550943396227	"Constitutive"	"chromosome"	"intragenic"
"ST4-74.fa"	1823086	1823087	"ST4-74.fa_1823086_-"	"CDS"	"-"	1823085	1823091	"SL1344_1695"	"narL"	"+"	"SL1344_1695"	"narL"	1822923	1823574	"Ter"	75	50	80	83.33	4	8	45	6	58.3333333333333	80.3917647058823	"Constitutive"	"chromosome"	"intragenic"
"ST4-74.fa"	1828210	1828211	"ST4-74.fa_1828210_-"	"CDS"	"-"	1828209	1828215	"SL1344_1701"	"ychA"	"-"	"SL1344_1701"	"ychA"	1828151	1828961	"Ter"	100	88.89	87.5	100	2	9	56	5	90.91	88.5245901639344	"Constitutive"	"chromosome"	"intragenic"
"ST4-74.fa"	1832357	1832358	"ST4-74.fa_1832357_+"	"CDS"	"+"	1832353	1832359	"SL1344_1705"	"hemA"	"-"	"SL1344_1705"	"hemA"	1831306	1832563	"Ter"	100	83.33	92.45	85.71	4	18	53	7	86.3609090909091	91.6636666666667	"Constitutive"	"chromosome"	"intragenic"
"ST4-74.fa"	1832474	1832475	"ST4-74.fa_1832474_-"	"CDS"	"-"	1832473	1832479	"SL1344_1705"	"hemA"	"-"	"SL1344_1705"	"hemA"	1831306	1832563	"Ter"	100	87.5	97.01	100	1	8	67	8	88.8888888888889	97.3289333333333	"Constitutive"	"chromosome"	"intragenic"
"ST4-74.fa"	1833069	1833070	"ST4-74.fa_1833069_+"	"CDS"	"+"	1833065	1833071	"SL1344_1706"	"hemM"	"+"	"SL1344_1706"	"hemM"	1832876	1833500	"Ter"	100	53.85	54.05	66.67	3	13	37	6	62.503125	55.8109302325581	"Constitutive"	"chromosome"	"intragenic"
"ST4-74.fa"	1833692	1833693	"ST4-74.fa_1833692_-"	"CDS"	"-"	1833691	1833697	"SL1344_1707"	"ipk"	"+"	"SL1344_1707"	"ipk"	1833496	1834348	"Ter"	0	80	96.61	88.89	1	5	59	9	66.6666666666667	95.5882352941177	"Constitutive"	"chromosome"	"intragenic"
"ST4-74.fa"	1836031	1836032	"ST4-74.fa_1836031_-"	"CDS"	"-"	1836030	1836036	"SL1344_1709"	"ychM"	"+"	"SL1344_1709"	"ychM"	1835709	1837371	"Ter"	100	71.43	70.83	60	1	7	48	5	75.00125	69.8083018867924	"Constitutive"	"chromosome"	"intragenic"
"ST4-74.fa"	1839960	1839961	"ST4-74.fa_1839960_-"	"CDS"	"-"	1839959	1839965	"SL1344_1713"	"STM1785"	"-"	"SL1344_1713"	"STM1785"	1839920	1841186	"Ter"	100	87.5	83.72	85.71	2	8	43	7	90	83.9986	"Constitutive"	"chromosome"	"intragenic"
"ST4-74.fa"	1840797	1840798	"ST4-74.fa_1840797_-"	"CDS"	"-"	1840796	1840802	"SL1344_1713"	"STM1785"	"-"	"SL1344_1713"	"STM1785"	1839920	1841186	"Ter"	50	75	88.68	75	2	8	53	4	70	87.72	"Constitutive"	"chromosome"	"intragenic"
"ST4-74.fa"	1842850	1842851	"ST4-74.fa_1842850_-"	"CDS"	"-"	1842849	1842855	"SL1344_1715"	"STM1787"	"+"	"SL1344_1715"	"STM1787"	1842795	1844589	"Ter"	66.67	88.89	87.5	80	3	9	48	5	83.335	86.7924528301887	"Constitutive"	"chromosome"	"intragenic"
"ST4-74.fa"	1844356	1844357	"ST4-74.fa_1844356_+"	"CDS"	"+"	1844352	1844358	"SL1344_1715"	"STM1787"	"+"	"SL1344_1715"	"STM1787"	1842795	1844589	"Ter"	33.33	84.62	63.89	77.78	6	13	36	9	68.4231578947368	66.668	"Constitutive"	"chromosome"	"intragenic"
"ST4-74.fa"	1844812	1844813	"ST4-74.fa_1844812_-"	"CDS"	"-"	1844811	1844817	"SL1344_1716"	"hyaC"	"+"	"SL1344_1716"	"hyaC"	1844607	1845339	"Ter"	75	75	87.23	100	4	4	47	3	75	87.9962	"Constitutive"	"chromosome"	"intragenic"
"ST4-74.fa"	1845199	1845200	"ST4-74.fa_1845199_-"	"CDS"	"-"	1845198	1845204	"SL1344_1716"	"hyaC"	"+"	"SL1344_1716"	"hyaC"	1844607	1845339	"Ter"	100	80	57.89	66.67	2	5	38	3	85.7142857142857	58.5324390243902	"Constitutive"	"chromosome"	"intragenic"
"ST4-74.fa"	1848841	1848842	"ST4-74.fa_1848841_-"	"CDS"	"-"	1848840	1848846	"SL1344_1721"	"appB"	"+"	"SL1344_1721"	"appB"	1848801	1849938	"Ter"	66.67	60	87.5	66.67	3	5	40	6	62.50125	84.7830434782609	"Constitutive"	"chromosome"	"intragenic"
"ST4-74.fa"	1849429	1849430	"ST4-74.fa_1849429_-"	"CDS"	"-"	1849428	1849434	"SL1344_1721"	"appB"	"+"	"SL1344_1721"	"appB"	1848801	1849938	"Ter"	75	66.67	81.13	100	8	9	53	3	70.59	82.1408928571428	"Constitutive"	"chromosome"	"intragenic"
"ST4-74.fa"	1850570	1850571	"ST4-74.fa_1850570_-"	"CDS"	"-"	1850569	1850575	"SL1344_1723"	"STM1795"	"+"	"SL1344_1723"	"STM1795"	1850383	1851709	"Ter"	100	87.5	91.67	100	5	8	48	3	92.3076923076923	92.16	"Constitutive"	"chromosome"	"intragenic"
"ST4-74.fa"	1851323	1851324	"ST4-74.fa_1851323_-"	"CDS"	"-"	1851322	1851328	"SL1344_1723"	"STM1795"	"+"	"SL1344_1723"	"STM1795"	1850383	1851709	"Ter"	25	100	88	77.78	4	6	50	9	70	86.4410169491526	"Constitutive"	"chromosome"	"intragenic"
"ST4-74.fa"	1852121	1852122	"ST4-74.fa_1852121_+"	"CDS"	"+"	1852117	1852123	"SL1344_1724"	"treA"	"+"	"SL1344_1724"	"treA"	1851922	1853635	"Ter"	NA	87.5	73.68	100	NA	8	38	11	87.5	79.5885714285714	"Constitutive"	"chromosome"	"intragenic"
"ST4-74.fa"	1856962	1856963	"ST4-74.fa_1856962_-"	"CDS"	"-"	1856961	1856967	"SL1344_1729"	"cvrA"	"+"	"SL1344_1729"	"cvrA"	1856661	1858395	"Ter"	100	88.89	96.83	100	2	9	63	4	90.91	97.0192537313433	"Constitutive"	"chromosome"	"intragenic"
"ST4-74.fa"	1858138	1858139	"ST4-74.fa_1858138_+"	"CDS"	"+"	1858134	1858140	"SL1344_1729"	"cvrA"	"+"	"SL1344_1729"	"cvrA"	1856661	1858395	"Ter"	80	90.91	92.68	100	5	11	41	5	87.500625	93.475652173913	"Constitutive"	"chromosome"	"intragenic"
"ST4-74.fa"	1858297	1858298	"ST4-74.fa_1858297_+"	"CDS"	"+"	1858293	1858299	"SL1344_1729"	"cvrA"	"+"	"SL1344_1729"	"cvrA"	1856661	1858395	"Ter"	80	90.91	97.22	75	5	11	36	4	87.500625	94.998	"Constitutive"	"chromosome"	"intragenic"
"ST4-74.fa"	1860142	1860143	"ST4-74.fa_1860142_-"	"CDS"	"-"	1860141	1860147	"SL1344_1731"	"dadA"	"-"	"SL1344_1731"	"dadA"	1859541	1860840	"Ter"	100	100	87.5	100	3	4	56	3	100	88.135593220339	"Constitutive"	"chromosome"	"intragenic"
"ST4-74.fa"	1863171	1863172	"ST4-74.fa_1863171_+"	"CDS"	"+"	1863167	1863173	"SL1344_1733"	"fadR"	"-"	"SL1344_1733"	"fadR"	1862741	1863461	"Ter"	100	90	94.74	83.33	1	10	38	6	90.9090909090909	93.1840909090909	"Constitutive"	"chromosome"	"intragenic"
"ST4-74.fa"	1863342	1863343	"ST4-74.fa_1863342_+"	"CDS"	"+"	1863338	1863344	"SL1344_1733"	"fadR"	"-"	"SL1344_1733"	"fadR"	1862741	1863461	"Ter"	100	91.67	84.09	100	2	12	44	6	92.86	85.9992	"Constitutive"	"chromosome"	"intragenic"
"ST4-74.fa"	1864145	1864146	"ST4-74.fa_1864145_+"	"CDS"	"+"	1864141	1864147	"SL1344_1734"	"nhaB"	"+"	"SL1344_1734"	"nhaB"	1863680	1865225	"Ter"	100	100	97.56	50	3	11	41	2	100	95.3479069767442	"Constitutive"	"chromosome"	"intragenic"
"ST4-74.fa"	1864353	1864354	"ST4-74.fa_1864353_-"	"CDS"	"-"	1864352	1864358	"SL1344_1734"	"nhaB"	"+"	"SL1344_1734"	"nhaB"	1863680	1865225	"Ter"	100	88.89	93.33	100	1	9	60	7	90.001	94.0268656716418	"Constitutive"	"chromosome"	"intragenic"
"ST4-74.fa"	186489	186490	"ST4-74.fa_186489_+"	"CDS"	"+"	186485	186491	"SL1344_0159"	"acnB"	"+"	"SL1344_0159"	"acnB"	185852	188450	"NSR"	50	37.5	45.65	60	8	8	46	5	43.75	47.056862745098	"Constitutive"	"chromosome"	"intragenic"
"ST4-74.fa"	1867028	1867029	"ST4-74.fa_1867028_-"	"intergenic"	"-"	1867027	1867033	"SL1344_1738"	"STM1810"	"--"	"SL1344_1739"	"ycgN"	1866921	1867272	"Ter"	NA	80	71.11	100	NA	5	45	4	80	73.4683673469388	"Constitutive"	"chromosome"	"intergenic"
"ST4-74.fa"	1869890	1869891	"ST4-74.fa_1869890_-"	"CDS"	"-"	1869889	1869895	"SL1344_1743"	"minD"	"+"	"SL1344_1743"	"minD"	1869670	1870483	"Ter"	100	100	94	100	4	8	50	7	100	94.7368421052632	"Constitutive"	"chromosome"	"intragenic"
"ST4-74.fa"	1871841	1871842	"ST4-74.fa_1871841_+"	"CDS"	"+"	1871837	1871843	"SL1344_1745"	"rnd"	"-"	"SL1344_1745"	"rnd"	1870874	1872002	"Ter"	NA	85.71	86.49	100	NA	14	37	4	85.71	87.8080487804878	"Constitutive"	"chromosome"	"intragenic"
"ST4-74.fa"	1874356	1874357	"ST4-74.fa_1874356_-"	"CDS"	"-"	1874355	1874361	"SL1344_1747"	"fadD"	"-"	"SL1344_1747"	"fadD"	1872786	1874472	"Ter"	100	85.71	86.96	87.5	3	7	46	8	89.997	87.04	"Constitutive"	"chromosome"	"intragenic"
"ST4-74.fa"	1880204	1880205	"ST4-74.fa_1880204_-"	"CDS"	"-"	1880203	1880209	"SL1344_1754"	"yeaB"	"+"	"SL1344_1754"	"yeaB"	1880101	1880680	"Ter"	100	87.5	84.85	100	1	8	33	3	88.8888888888889	86.1125	"Constitutive"	"chromosome"	"intragenic"
"ST4-74.fa"	188298	188299	"ST4-74.fa_188298_-"	"CDS"	"-"	188297	188303	"SL1344_0159"	"acnB"	"+"	"SL1344_0159"	"acnB"	185852	188450	"NSR"	70	83.33	90	85.71	10	12	50	7	77.2709090909091	89.4731578947368	"Constitutive"	"chromosome"	"intragenic"
"ST4-74.fa"	1886233	1886234	"ST4-74.fa_1886233_-"	"CDS"	"-"	1886232	1886238	"SL1344_1759"	"STM1830"	"+"	"SL1344_1759"	"STM1830"	1886100	1887069	"Ter"	100	71.43	97.56	100	4	7	41	4	81.8190909090909	97.7768888888889	"Constitutive"	"chromosome"	"intragenic"
"ST4-74.fa"	1887218	1887219	"ST4-74.fa_1887218_-"	"CDS"	"-"	1887217	1887223	"SL1344_1760"	"STM1831"	"+"	"SL1344_1760"	"STM1831"	1887121	1887922	"Ter"	100	40	85.37	83.33	2	5	41	6	57.1428571428571	85.1095744680851	"Constitutive"	"chromosome"	"intragenic"
"ST4-74.fa"	1888910	1888911	"ST4-74.fa_1888910_+"	"CDS"	"+"	1888906	1888912	"SL1344_1762"	"STM1833"	"+"	"SL1344_1762"	"STM1833"	1888843	1889302	"Ter"	100	85.71	96.43	87.5	6	7	56	8	92.3053846153846	95.31375	"Constitutive"	"chromosome"	"intragenic"
"ST4-74.fa"	1889940	1889941	"ST4-74.fa_1889940_-"	"CDS"	"-"	1889939	1889945	"SL1344_1763"	"yebN"	"+"	"SL1344_1763"	"yebN"	1889711	1890278	"Ter"	0	66.67	77.42	75	1	9	31	4	60.003	77.1434285714286	"Constitutive"	"chromosome"	"intragenic"
"ST4-74.fa"	1890624	1890625	"ST4-74.fa_1890624_-"	"CDS"	"-"	1890623	1890629	"SL1344_1764"	"rrmA"	"-"	"SL1344_1764"	"rrmA"	1890274	1891084	"Ter"	NA	50	63.64	50	NA	6	33	6	50	61.5415384615385	"Constitutive"	"chromosome"	"intragenic"
"ST4-74.fa"	1890833	1890834	"ST4-74.fa_1890833_-"	"CDS"	"-"	1890832	1890838	"SL1344_1764"	"rrmA"	"-"	"SL1344_1764"	"rrmA"	1890274	1891084	"Ter"	NA	50	93.75	66.67	NA	2	32	9	50	87.8056097560976	"Constitutive"	"chromosome"	"intragenic"
"ST4-74.fa"	1892896	1892897	"ST4-74.fa_1892896_-"	"intergenic"	"-"	1892895	1892901	"SL1344_1765"	"ftsI2"	"--"	"SL1344_1766"	"cspC"	1892895	1893114	"Ter"	100	60	85.71	90.91	2	5	42	11	71.4285714285714	86.7892452830189	"Constitutive"	"chromosome"	"intergenic"
"ST4-74.fa"	1893116	1893117	"ST4-74.fa_1893116_+"	"CDS"	"+"	1893112	1893118	"SL1344_1766"	"cspC"	"-"	"SL1344_1766"	"cspC"	1893114	1893324	"Ter"	25	42.86	73.17	77.78	4	7	41	9	36.3654545454545	73.9998	"Constitutive"	"chromosome"	"intragenic"
"ST4-74.fa"	1893116	1893117	"ST4-74.fa_1893116_+"	"intergenic"	"+"	1893112	1893118	"SL1344_1765"	"ftsI2"	"--"	"SL1344_1766"	"cspC"	1892895	1893114	"Ter"	25	42.86	73.17	77.78	4	7	41	9	36.3654545454545	73.9998	"Constitutive"	"chromosome"	"intergenic"
"ST4-74.fa"	1894541	1894542	"ST4-74.fa_1894541_-"	"CDS"	"-"	1894540	1894546	"SL1344_1769"	"yobG"	"-"	"SL1344_1769"	"yobG"	1894486	1894630	"Ter"	100	77.78	90.74	87.5	1	9	54	8	80.002	90.321935483871	"Constitutive"	"chromosome"	"intragenic"
"ST4-74.fa"	1898401	1898402	"ST4-74.fa_1898401_+"	"CDS"	"+"	1898397	1898403	"SL1344_1773"	"htpX"	"-"	"SL1344_1773"	"htpX"	1897626	1898508	"Ter"	100	100	98.21	100	7	4	56	11	100	98.5038805970149	"Constitutive"	"chromosome"	"intragenic"
"ST4-74.fa"	1899275	1899276	"ST4-74.fa_1899275_-"	"CDS"	"-"	1899274	1899280	"SL1344_1774"	"prc"	"-"	"SL1344_1774"	"prc"	1898701	1900750	"Ter"	100	100	91.18	71.43	1	7	34	7	100	87.8080487804878	"Constitutive"	"chromosome"	"intragenic"
"ST4-74.fa"	1899833	1899834	"ST4-74.fa_1899833_+"	"CDS"	"+"	1899829	1899835	"SL1344_1774"	"prc"	"-"	"SL1344_1774"	"prc"	1898701	1900750	"Ter"	100	100	92	85.71	7	6	50	7	100	91.2275438596491	"Constitutive"	"chromosome"	"intragenic"
"ST4-74.fa"	1902227	1902228	"ST4-74.fa_1902227_+"	"CDS"	"+"	1902223	1902229	"SL1344_1777"	"yebS"	"+"	"SL1344_1777"	"yebS"	1902179	1903463	"Ter"	66.67	66.67	94.74	80	3	9	57	10	66.67	92.54	"Constitutive"	"chromosome"	"intragenic"
"ST4-74.fa"	1903323	1903324	"ST4-74.fa_1903323_+"	"CDS"	"+"	1903319	1903325	"SL1344_1777"	"yebS"	"+"	"SL1344_1777"	"yebS"	1902179	1903463	"Ter"	100	100	90.74	85.71	6	7	54	7	100	90.1627868852459	"Constitutive"	"chromosome"	"intragenic"
"ST4-74.fa"	1907262	1907263	"ST4-74.fa_1907262_-"	"CDS"	"-"	1907261	1907267	"SL1344_1779"	"yebU"	"+"	"SL1344_1779"	"yebU"	1906142	1907582	"Ter"	100	66.67	81.25	100	7	6	32	4	84.6169230769231	83.3333333333333	"Constitutive"	"chromosome"	"intragenic"
"ST4-74.fa"	1911263	1911264	"ST4-74.fa_1911263_-"	"CDS"	"-"	1911262	1911268	"SL1344_1785"	"STM1856"	"+"	"SL1344_1785"	"STM1856"	1910985	1911381	"Ter"	50	85.71	80.43	71.43	2	7	46	7	77.7744444444444	79.241320754717	"Constitutive"	"chromosome"	"intragenic"
"ST4-74.fa"	1911925	1911926	"ST4-74.fa_1911925_+"	"CDS"	"+"	1911921	1911927	"SL1344_1786"	"SL1344_1786"	"+"	"SL1344_1786"	"SL1344_1786"	1911710	1912187	"Ter"	100	50	89.74	100	9	6	39	4	80	90.6944186046512	"Constitutive"	"chromosome"	"intragenic"
"ST4-74.fa"	1912481	1912482	"ST4-74.fa_1912481_-"	"intergenic"	"-"	1912480	1912486	"SL1344_1786"	"SL1344_1786"	"+-"	"SL1344_1787"	"STM1857"	1912187	1912574	"Ter"	75	75	85.71	71.43	4	8	49	7	75	83.925	"Constitutive"	"chromosome"	"intergenic"
"ST4-74.fa"	191314	191315	"ST4-74.fa_191314_+"	"CDS"	"+"	191310	191316	"SL1344_0163"	"STM0162"	"+"	"SL1344_0163"	"STM0162"	191145	192417	"NSR"	60	40	72.22	53.33	5	10	54	15	46.6666666666667	68.1134782608696	"Constitutive"	"chromosome"	"intragenic"
"ST4-74.fa"	1923849	1923850	"ST4-74.fa_1923849_-"	"CDS"	"-"	1923848	1923854	"SL1344_1804"	"STM1869A"	"-"	"SL1344_1804"	"STM1869A"	1923661	1923892	"Ter"	0	33.33	72.09	40	1	6	43	5	28.5685714285714	68.7472916666667	"LSP-specific"	"chromosome"	"intragenic"
"ST4-74.fa"	1924560	1924561	"ST4-74.fa_1924560_+"	"CDS"	"+"	1924556	1924562	"SL1344_1805"	"STM1870"	"+"	"SL1344_1805"	"STM1870"	1923922	1924576	"Ter"	100	100	83.61	71.43	5	7	61	7	100	82.3561764705882	"Constitutive"	"chromosome"	"intragenic"
"ST4-74.fa"	1924844	1924845	"ST4-74.fa_1924844_+"	"CDS"	"+"	1924840	1924846	"SL1344_1806"	"STM1871"	"+"	"SL1344_1806"	"STM1871"	1924593	1925490	"Ter"	75	33.33	55.93	40	4	6	59	5	49.998	54.68546875	"Constitutive"	"chromosome"	"intragenic"
"ST4-74.fa"	1925226	1925227	"ST4-74.fa_1925226_+"	"CDS"	"+"	1925222	1925228	"SL1344_1806"	"STM1871"	"+"	"SL1344_1806"	"STM1871"	1924593	1925490	"Ter"	100	90.91	91.67	88.89	3	11	60	9	92.8578571428571	91.3073913043478	"Constitutive"	"chromosome"	"intragenic"
"ST4-74.fa"	19256	19257	"ST4-74.fa_19256_+"	"CDS"	"+"	19252	19258	"SL1344_0018"	"chiA"	"+"	"SL1344_0018"	"chiA"	18082	19966	"NSR"	100	100	89.47	80	6	16	38	5	100	88.3688372093023	"Constitutive"	"chromosome"	"intragenic"
"ST4-74.fa"	1930498	1930499	"ST4-74.fa_1930498_+"	"CDS"	"+"	1930494	1930500	"SL1344_1813"	"opdB"	"-"	"SL1344_1813"	"opdB"	1929372	1931424	"Ter"	100	100	71.88	100	2	4	32	2	100	73.5341176470588	"Constitutive"	"chromosome"	"intragenic"
"ST4-74.fa"	1931982	1931983	"ST4-74.fa_1931982_+"	"CDS"	"+"	1931978	1931984	"SL1344_1814"	"yebE"	"-"	"SL1344_1814"	"yebE"	1931636	1932296	"Ter"	100	100	68.75	100	8	6	48	7	100	72.7272727272727	"Constitutive"	"chromosome"	"intragenic"
"ST4-74.fa"	193296	193297	"ST4-74.fa_193296_-"	"CDS"	"-"	193295	193301	"SL1344_0164"	"pdxAb"	"+"	"SL1344_0164"	"pdxAb"	192406	193390	"NSR"	33.33	61.54	52.63	60	3	13	19	5	56.250625	54.1654166666667	"Constitutive"	"chromosome"	"intragenic"
"ST4-74.fa"	1934458	1934459	"ST4-74.fa_1934458_-"	"intergenic"	"-"	1934457	1934463	"SL1344_1817"	"purT"	"+-"	"SL1344_1818"	"eda"	1934410	1934509	"Ter"	100	66.67	90.48	100	3	9	42	4	75.0025	91.3078260869565	"Constitutive"	"chromosome"	"intergenic"
"ST4-74.fa"	193546	193547	"ST4-74.fa_193546_+"	"CDS"	"+"	193542	193548	"SL1344_0165"	"STM0164"	"+"	"SL1344_0165"	"STM0164"	193399	194167	"NSR"	66.67	62.5	70	87.5	3	8	40	8	63.6372727272727	72.9166666666667	"Constitutive"	"chromosome"	"intragenic"
"ST4-74.fa"	1936050	1936051	"ST4-74.fa_1936050_+"	"CDS"	"+"	1936046	1936052	"SL1344_1819"	"edd"	"-"	"SL1344_1819"	"edd"	1935188	1937000	"Ter"	100	70	80	75	4	10	50	4	78.5714285714286	79.6296296296296	"Constitutive"	"chromosome"	"intragenic"
"ST4-74.fa"	1943752	1943753	"ST4-74.fa_1943752_-"	"CDS"	"-"	1943751	1943757	"SL1344_1824"	"yebA"	"-"	"SL1344_1824"	"yebA"	1942647	1943967	"Ter"	100	80	91.84	87.5	4	5	49	8	88.8888888888889	91.2308771929824	"Constitutive"	"chromosome"	"intragenic"
"ST4-74.fa"	194536	194537	"ST4-74.fa_194536_+"	"CDS"	"+"	194532	194538	"SL1344_0166"	"speD"	"-"	"SL1344_0166"	"speD"	194196	194991	"NSR"	87.5	85.71	94.64	88.89	8	14	56	9	86.3609090909091	93.8438461538462	"Constitutive"	"chromosome"	"intragenic"
"ST4-74.fa"	1945498	1945499	"ST4-74.fa_1945498_+"	"CDS"	"+"	1945494	1945500	"SL1344_1826"	"znuC"	"+"	"SL1344_1826"	"znuC"	1945005	1945761	"Ter"	100	100	96.08	100	8	7	51	12	100	96.8266666666667	"Constitutive"	"chromosome"	"intragenic"
"ST4-74.fa"	1946325	1946326	"ST4-74.fa_1946325_-"	"CDS"	"-"	1946324	1946330	"SL1344_1827"	"znuB"	"+"	"SL1344_1827"	"znuB"	1945757	1946543	"Ter"	100	100	93.18	80	4	5	44	5	100	91.8351020408163	"Constitutive"	"chromosome"	"intragenic"
"ST4-74.fa"	1951437	1951438	"ST4-74.fa_1951437_+"	"CDS"	"+"	1951433	1951439	"SL1344_1834"	"yebC"	"-"	"SL1344_1834"	"yebC"	1951352	1952093	"Ter"	50	75	93.88	84.62	4	8	49	13	66.6666666666667	91.9383870967742	"Constitutive"	"chromosome"	"intragenic"
"ST4-74.fa"	1954352	1954353	"ST4-74.fa_1954352_+"	"CDS"	"+"	1954348	1954354	"SL1344_1836"	"aspS"	"-"	"SL1344_1836"	"aspS"	1952677	1954450	"Ter"	75	100	83.93	66.67	4	3	56	6	85.7142857142857	82.2596774193548	"Constitutive"	"chromosome"	"intragenic"
"ST4-74.fa"	1957229	1957230	"ST4-74.fa_1957229_+"	"CDS"	"+"	1957225	1957231	"SL1344_1840"	"yecO"	"+"	"SL1344_1840"	"yecO"	1956644	1957388	"Ter"	100	100	90.48	66.67	2	5	42	3	100	88.8926666666667	"Constitutive"	"chromosome"	"intragenic"
"ST4-74.fa"	1957898	1957899	"ST4-74.fa_1957898_+"	"CDS"	"+"	1957894	1957900	"SL1344_1841"	"yecP"	"+"	"SL1344_1841"	"yecP"	1957384	1958356	"Ter"	100	100	95.83	100	1	9	48	6	100	96.2933333333333	"Constitutive"	"chromosome"	"intragenic"
"ST4-74.fa"	1958027	1958028	"ST4-74.fa_1958027_+"	"CDS"	"+"	1958023	1958029	"SL1344_1841"	"yecP"	"+"	"SL1344_1841"	"yecP"	1957384	1958356	"Ter"	100	100	94.44	100	1	10	54	4	100	94.8234482758621	"Constitutive"	"chromosome"	"intragenic"
"ST4-74.fa"	1962176	1962177	"ST4-74.fa_1962176_-"	"CDS"	"-"	1962175	1962181	"SL1344_1845"	"STM1910"	"+"	"SL1344_1845"	"STM1910"	1962085	1963957	"Ter"	20	66.67	75	50	5	9	36	6	50.0021428571429	71.4285714285714	"Constitutive"	"chromosome"	"intragenic"
"ST4-74.fa"	1963022	1963023	"ST4-74.fa_1963022_-"	"CDS"	"-"	1963021	1963027	"SL1344_1845"	"STM1910"	"+"	"SL1344_1845"	"STM1910"	1962085	1963957	"Ter"	100	63.64	67.65	50	2	11	34	2	69.2338461538461	66.6694444444445	"Constitutive"	"chromosome"	"intragenic"
"ST4-74.fa"	1963946	1963947	"ST4-74.fa_1963946_+"	"CDS"	"+"	1963942	1963948	"SL1344_1845"	"STM1910"	"+"	"SL1344_1845"	"STM1910"	1962085	1963957	"Ter"	100	77.78	75.56	80	1	9	45	10	80.002	76.3672727272727	"Constitutive"	"chromosome"	"intragenic"
"ST4-74.fa"	1966745	1966746	"ST4-74.fa_1966745_+"	"CDS"	"+"	1966741	1966747	"SL1344_1848"	"flhAa"	"-"	"SL1344_1848"	"flhAa"	1965778	1967857	"Ter"	100	88.89	96.36	100	2	9	55	9	90.91	96.871875	"Constitutive"	"chromosome"	"intragenic"
"ST4-74.fa"	1967033	1967034	"ST4-74.fa_1967033_-"	"CDS"	"-"	1967032	1967038	"SL1344_1848"	"flhAa"	"-"	"SL1344_1848"	"flhAa"	1965778	1967857	"Ter"	100	77.78	91.49	90	2	9	47	10	81.82	91.2285964912281	"Constitutive"	"chromosome"	"intragenic"
"ST4-74.fa"	1968771	1968772	"ST4-74.fa_1968771_+"	"CDS"	"+"	1968767	1968773	"SL1344_1849"	"flhB"	"-"	"SL1344_1849"	"flhB"	1967849	1969001	"Ter"	100	100	83.72	88.89	2	7	43	9	100	84.6148076923077	"Constitutive"	"chromosome"	"intragenic"
"ST4-74.fa"	1969228	1969229	"ST4-74.fa_1969228_-"	"CDS"	"-"	1969227	1969233	"SL1344_1850"	"cheZ"	"-"	"SL1344_1850"	"cheZ"	1969194	1969839	"Ter"	100	81.82	96.43	100	1	11	56	11	83.335	97.0161194029851	"Constitutive"	"chromosome"	"intragenic"
"ST4-74.fa"	1972324	1972325	"ST4-74.fa_1972324_+"	"CDS"	"+"	1972320	1972326	"SL1344_1854"	"cheM"	"-"	"SL1344_1854"	"cheM"	1972322	1973984	"Ter"	33.33	83.33	67.39	50	6	6	46	12	58.33	63.7920689655172	"Constitutive"	"chromosome"	"intragenic"
"ST4-74.fa"	1972324	1972325	"ST4-74.fa_1972324_+"	"intergenic"	"+"	1972320	1972326	"SL1344_1853"	"cheR"	"--"	"SL1344_1854"	"cheM"	1972169	1972322	"Ter"	33.33	83.33	67.39	50	6	6	46	12	58.33	63.7920689655172	"Constitutive"	"chromosome"	"intergenic"
"ST4-74.fa"	1972575	1972576	"ST4-74.fa_1972575_-"	"CDS"	"-"	1972574	1972580	"SL1344_1854"	"cheM"	"-"	"SL1344_1854"	"cheM"	1972322	1973984	"Ter"	NA	100	85.11	73.68	NA	7	47	19	100	81.8195454545455	"Constitutive"	"chromosome"	"intragenic"
"ST4-74.fa"	1974916	1974917	"ST4-74.fa_1974916_-"	"CDS"	"-"	1974915	1974921	"SL1344_1856"	"cheA"	"-"	"SL1344_1856"	"cheA"	1974744	1976760	"Ter"	NA	100	91.07	100	NA	8	56	14	100	92.856	"Constitutive"	"chromosome"	"intragenic"
"ST4-74.fa"	1975612	1975613	"ST4-74.fa_1975612_+"	"CDS"	"+"	1975608	1975614	"SL1344_1856"	"cheA"	"-"	"SL1344_1856"	"cheA"	1974744	1976760	"Ter"	75	62.5	83.67	40	4	8	49	10	66.6666666666667	76.2683050847458	"Constitutive"	"chromosome"	"intragenic"
"ST4-74.fa"	1975891	1975892	"ST4-74.fa_1975891_-"	"CDS"	"-"	1975890	1975896	"SL1344_1856"	"cheA"	"-"	"SL1344_1856"	"cheA"	1974744	1976760	"Ter"	100	80	88.89	81.82	1	5	45	11	83.3333333333333	87.50125	"Constitutive"	"chromosome"	"intragenic"
"ST4-74.fa"	1976086	1976087	"ST4-74.fa_1976086_-"	"CDS"	"-"	1976085	1976091	"SL1344_1856"	"cheA"	"-"	"SL1344_1856"	"cheA"	1974744	1976760	"Ter"	100	75	77.5	81.82	1	4	40	11	80	78.4317647058824	"Constitutive"	"chromosome"	"intragenic"
"ST4-74.fa"	1977317	1977318	"ST4-74.fa_1977317_+"	"CDS"	"+"	1977313	1977319	"SL1344_1857"	"motB"	"-"	"SL1344_1857"	"motB"	1976764	1977694	"Ter"	80	66.67	71.79	71.43	5	3	39	7	75.00125	71.7352173913044	"Constitutive"	"chromosome"	"intragenic"
"ST4-74.fa"	1978183	1978184	"ST4-74.fa_1978183_+"	"CDS"	"+"	1978179	1978185	"SL1344_1858"	"motA"	"-"	"SL1344_1858"	"motA"	1977690	1978521	"Ter"	100	87.5	87.76	100	4	8	49	8	91.6666666666667	89.4778947368421	"Constitutive"	"chromosome"	"intragenic"
"ST4-74.fa"	1982965	1982966	"ST4-74.fa_1982965_-"	"CDS"	"-"	1982964	1982970	"SL1344_1863"	"otsB"	"-"	"SL1344_1863"	"otsB"	1982262	1983066	"Ter"	100	55.56	88.89	77.78	2	9	54	9	63.64	87.3028571428571	"Constitutive"	"chromosome"	"intragenic"
"ST4-74.fa"	1985273	1985274	"ST4-74.fa_1985273_+"	"CDS"	"+"	1985269	1985275	"SL1344_1865"	"ftnB"	"+"	"SL1344_1865"	"ftnB"	1984807	1985311	"Ter"	50	100	94.34	87.5	2	10	53	8	91.6666666666667	93.4429508196721	"Constitutive"	"chromosome"	"intragenic"
"ST4-74.fa"	1985392	1985393	"ST4-74.fa_1985392_-"	"intergenic"	"-"	1985391	1985397	"SL1344_1865"	"ftnB"	"+-"	"SL1344_1866"	"STM1933"	1985311	1985489	"Ter"	80	66.67	66.67	60	5	3	42	10	75.00125	65.3873076923077	"Constitutive"	"chromosome"	"intergenic"
"ST4-74.fa"	198756	198757	"ST4-74.fa_198756_+"	"CDS"	"+"	198752	198758	"SL1344_0170"	"gcd"	"-"	"SL1344_0170"	"gcd"	198215	200606	"NSR"	100	90.91	89.8	100	3	11	49	6	92.8578571428571	90.9127272727273	"Constitutive"	"chromosome"	"intragenic"
"ST4-74.fa"	1989845	1989846	"ST4-74.fa_1989845_-"	"CDS"	"-"	1989844	1989850	"SL1344_1871"	"yecA"	"-"	"SL1344_1871"	"yecA"	1989253	1989919	"Ter"	83.33	72.73	90.91	100	6	11	55	4	76.4711764705882	91.5262711864407	"Constitutive"	"chromosome"	"intragenic"
"ST4-74.fa"	1990073	1990074	"ST4-74.fa_1990073_+"	"intergenic"	"+"	1990069	1990075	"SL1344_1871"	"yecA"	"--"	"SL1344_1872"	"STM1939"	1989919	1990156	"Ter"	100	66.67	82.5	66.67	1	9	40	6	70.003	80.4352173913043	"Constitutive"	"chromosome"	"intergenic"
"ST4-74.fa"	1991416	1991417	"ST4-74.fa_1991416_-"	"CDS"	"-"	1991415	1991421	"SL1344_1873"	"STM1940"	"-"	"SL1344_1873"	"STM1940"	1990695	1992135	"Ter"	50	83.33	81.58	100	4	6	38	5	69.998	83.7218604651163	"Constitutive"	"chromosome"	"intragenic"
"ST4-74.fa"	1993384	1993385	"ST4-74.fa_1993384_-"	"CDS"	"-"	1993383	1993389	"SL1344_1875"	"pgsA"	"-"	"SL1344_1875"	"pgsA"	1993380	1993929	"Ter"	100	100	80	63.64	5	7	45	11	100	76.7864285714286	"Constitutive"	"chromosome"	"intragenic"
"ST4-74.fa"	1994427	1994428	"ST4-74.fa_1994427_+"	"CDS"	"+"	1994423	1994429	"SL1344_1876"	"uvrC"	"-"	"SL1344_1876"	"uvrC"	1993985	1995818	"Ter"	100	84.62	70.45	83.33	1	13	44	6	85.7185714285714	71.9956	"Constitutive"	"chromosome"	"intragenic"
"ST4-74.fa"	1995123	1995124	"ST4-74.fa_1995123_-"	"CDS"	"-"	1995122	1995128	"SL1344_1876"	"uvrC"	"-"	"SL1344_1876"	"uvrC"	1993985	1995818	"Ter"	100	60	71.05	41.67	4	10	38	12	71.4285714285714	63.9988	"Constitutive"	"chromosome"	"intragenic"
"ST4-74.fa"	1998276	1998277	"ST4-74.fa_1998276_-"	"CDS"	"-"	1998275	1998281	"SL1344_1880"	"yecC"	"-"	"SL1344_1880"	"yecC"	1998179	1998932	"Ter"	100	100	79.41	100	4	2	34	6	100	82.4985	"Constitutive"	"chromosome"	"intragenic"
"ST4-74.fa"	1998299	1998300	"ST4-74.fa_1998299_+"	"CDS"	"+"	1998295	1998301	"SL1344_1880"	"yecC"	"-"	"SL1344_1880"	"yecC"	1998179	1998932	"Ter"	66.67	75	82.14	80	3	4	28	10	71.43	81.5768421052632	"Constitutive"	"chromosome"	"intragenic"
"ST4-74.fa"	2004632	2004633	"ST4-74.fa_2004632_+"	"CDS"	"+"	2004628	2004634	"SL1344_1887"	"fliB"	"-"	"SL1344_1887"	"fliB"	2003941	2005147	"Ter"	33.33	100	69.77	73.33	3	9	43	15	83.3325	70.6906896551724	"Constitutive"	"chromosome"	"intragenic"
"ST4-74.fa"	2005528	2005529	"ST4-74.fa_2005528_+"	"CDS"	"+"	2005524	2005530	"SL1344_1888"	"fliC"	"-"	"SL1344_1888"	"fliC"	2005225	2006713	"Ter"	75	84.62	94.12	100	4	13	34	12	82.3564705882353	95.6539130434783	"Constitutive"	"chromosome"	"intragenic"
"ST4-74.fa"	2008610	2008611	"ST4-74.fa_2008610_+"	"CDS"	"+"	2008606	2008612	"SL1344_1890"	"fliS"	"+"	"SL1344_1890"	"fliS"	2008387	2008795	"Ter"	100	88.89	89.19	75	2	9	37	12	90.91	85.7148979591837	"Constitutive"	"chromosome"	"intragenic"
"ST4-74.fa"	2009799	2009800	"ST4-74.fa_2009799_+"	"CDS"	"+"	2009795	2009801	"SL1344_1892"	"amyA"	"+"	"SL1344_1892"	"amyA"	2009234	2010719	"Ter"	80	90	91.18	91.67	5	10	34	12	86.6666666666667	91.3078260869565	"Constitutive"	"chromosome"	"intragenic"
"ST4-74.fa"	2010072	2010073	"ST4-74.fa_2010072_+"	"CDS"	"+"	2010068	2010074	"SL1344_1892"	"amyA"	"+"	"SL1344_1892"	"amyA"	2009234	2010719	"Ter"	100	87.5	92.5	91.67	5	8	40	12	92.3076923076923	92.3084615384615	"Constitutive"	"chromosome"	"intragenic"
"ST4-74.fa"	2010294	2010295	"ST4-74.fa_2010294_-"	"CDS"	"-"	2010293	2010299	"SL1344_1892"	"amyA"	"+"	"SL1344_1892"	"amyA"	2009234	2010719	"Ter"	100	100	100	88.89	3	5	33	9	100	97.6192857142857	"Constitutive"	"chromosome"	"intragenic"
"ST4-74.fa"	2010426	2010427	"ST4-74.fa_2010426_-"	"CDS"	"-"	2010425	2010431	"SL1344_1892"	"amyA"	"+"	"SL1344_1892"	"amyA"	2009234	2010719	"Ter"	100	50	72	75	1	4	25	8	60	72.7272727272727	"Constitutive"	"chromosome"	"intragenic"
"ST4-74.fa"	2011943	2011944	"ST4-74.fa_2011943_+"	"CDS"	"+"	2011939	2011945	"SL1344_1894"	"yedE"	"+"	"SL1344_1894"	"yedE"	2011309	2012575	"Ter"	100	100	91.49	92.31	5	10	47	13	100	91.6676666666667	"Constitutive"	"chromosome"	"intragenic"
"ST4-74.fa"	2012069	2012070	"ST4-74.fa_2012069_-"	"CDS"	"-"	2012068	2012074	"SL1344_1894"	"yedE"	"+"	"SL1344_1894"	"yedE"	2011309	2012575	"Ter"	66.67	100	85.19	80	3	4	27	5	85.7157142857143	84.3790625	"Constitutive"	"chromosome"	"intragenic"
"ST4-74.fa"	2014090	2014091	"ST4-74.fa_2014090_+"	"intergenic"	"+"	2014086	2014092	"SL1344_1897"	"fliE"	"-+"	"SL1344_1898"	"fliF"	2013890	2014106	"Ter"	60	100	86.49	81.82	5	9	37	11	85.7142857142857	85.4197916666667	"Constitutive"	"chromosome"	"intergenic"
"ST4-74.fa"	2014287	2014288	"ST4-74.fa_2014287_+"	"CDS"	"+"	2014283	2014289	"SL1344_1898"	"fliF"	"+"	"SL1344_1898"	"fliF"	2014106	2015789	"Ter"	83.33	87.5	92.11	92.86	6	8	38	14	85.7128571428571	92.3119230769231	"Constitutive"	"chromosome"	"intragenic"
"ST4-74.fa"	2014458	2014459	"ST4-74.fa_2014458_+"	"CDS"	"+"	2014454	2014460	"SL1344_1898"	"fliF"	"+"	"SL1344_1898"	"fliF"	2014106	2015789	"Ter"	100	100	90.24	92.31	5	6	41	13	100	90.7383333333333	"Constitutive"	"chromosome"	"intragenic"
"ST4-74.fa"	2015328	2015329	"ST4-74.fa_2015328_+"	"CDS"	"+"	2015324	2015330	"SL1344_1898"	"fliF"	"+"	"SL1344_1898"	"fliF"	2014106	2015789	"Ter"	100	90	95.65	100	3	10	46	10	92.3076923076923	96.4267857142857	"Constitutive"	"chromosome"	"intragenic"
"ST4-74.fa"	2015478	2015479	"ST4-74.fa_2015478_+"	"CDS"	"+"	2015474	2015480	"SL1344_1898"	"fliF"	"+"	"SL1344_1898"	"fliF"	2014106	2015789	"Ter"	66.67	100	93.75	92.86	3	7	48	14	90.001	93.5490322580645	"Constitutive"	"chromosome"	"intragenic"
"ST4-74.fa"	2016559	2016560	"ST4-74.fa_2016559_-"	"CDS"	"-"	2016558	2016564	"SL1344_1899"	"fliG"	"+"	"SL1344_1899"	"fliG"	2015781	2016777	"Ter"	100	100	87.5	100	4	3	40	5	100	88.8888888888889	"Constitutive"	"chromosome"	"intragenic"
"ST4-74.fa"	2018992	2018993	"ST4-74.fa_2018992_-"	"CDS"	"-"	2018991	2018997	"SL1344_1902"	"fliJ"	"+"	"SL1344_1902"	"fliJ"	2018868	2019312	"Ter"	100	100	95.92	100	2	3	49	10	100	96.6115254237288	"Constitutive"	"chromosome"	"intragenic"
"ST4-74.fa"	2019259	2019260	"ST4-74.fa_2019259_+"	"CDS"	"+"	2019255	2019261	"SL1344_1902"	"fliJ"	"+"	"SL1344_1902"	"fliJ"	2018868	2019312	"Ter"	33.33	66.67	72.73	63.64	3	6	33	11	55.5566666666667	70.4575	"Constitutive"	"chromosome"	"intragenic"
"ST4-74.fa"	2019327	2019328	"ST4-74.fa_2019327_-"	"CDS"	"-"	2019326	2019332	"SL1344_1903"	"fliK"	"+"	"SL1344_1903"	"fliK"	2019308	2020526	"Ter"	75	100	95.56	100	4	4	45	7	87.5	96.1576923076923	"Constitutive"	"chromosome"	"intragenic"
"ST4-74.fa"	2021412	2021413	"ST4-74.fa_2021412_-"	"CDS"	"-"	2021411	2021417	"SL1344_1905"	"fliM"	"+"	"SL1344_1905"	"fliM"	2021102	2022107	"Ter"	100	100	92.86	100	2	4	42	8	100	94.0024	"Constitutive"	"chromosome"	"intragenic"
"ST4-74.fa"	2021832	2021833	"ST4-74.fa_2021832_+"	"CDS"	"+"	2021828	2021834	"SL1344_1905"	"fliM"	"+"	"SL1344_1905"	"fliM"	2021102	2022107	"Ter"	100	80	75	90	6	5	44	10	90.9090909090909	77.7777777777778	"Constitutive"	"chromosome"	"intragenic"
"ST4-74.fa"	2024153	2024154	"ST4-74.fa_2024153_-"	"CDS"	"-"	2024152	2024158	"SL1344_1910"	"fliR"	"+"	"SL1344_1910"	"fliR"	2023918	2024713	"Ter"	100	85.71	84.31	85.71	3	7	51	7	89.997	84.4789655172414	"Constitutive"	"chromosome"	"intragenic"
"ST4-74.fa"	2026886	2026887	"ST4-74.fa_2026886_+"	"CDS"	"+"	2026882	2026888	"SL1344_1914"	"mngB"	"+"	"SL1344_1914"	"mngB"	2026516	2027332	"Ter"	100	100	95	100	3	11	60	14	100	95.945945945946	"Constitutive"	"chromosome"	"intragenic"
"ST4-74.fa"	2026961	2026962	"ST4-74.fa_2026961_-"	"CDS"	"-"	2026960	2026966	"SL1344_1914"	"mngB"	"+"	"SL1344_1914"	"mngB"	2026516	2027332	"Ter"	100	42.86	82.86	100	4	7	35	4	63.6381818181818	84.6179487179487	"Constitutive"	"chromosome"	"intragenic"
"ST4-74.fa"	2027084	2027085	"ST4-74.fa_2027084_+"	"CDS"	"+"	2027080	2027086	"SL1344_1914"	"mngB"	"+"	"SL1344_1914"	"mngB"	2026516	2027332	"Ter"	100	77.78	94.55	75	3	9	55	12	83.335	91.0485074626866	"Constitutive"	"chromosome"	"intragenic"
"ST4-74.fa"	2027447	2027448	"ST4-74.fa_2027447_-"	"CDS"	"-"	2027446	2027452	"SL1344_1915"	"gcpA"	"-"	"SL1344_1915"	"gcpA"	2027310	2029023	"Ter"	100	57.14	53.49	80	2	7	43	5	66.6644444444444	56.2514583333333	"Constitutive"	"chromosome"	"intragenic"
"ST4-74.fa"	2028931	2028932	"ST4-74.fa_2028931_+"	"CDS"	"+"	2028927	2028933	"SL1344_1915"	"gcpA"	"-"	"SL1344_1915"	"gcpA"	2027310	2029023	"Ter"	75	83.33	68.09	66.67	4	6	47	9	79.998	67.8617857142857	"Constitutive"	"chromosome"	"intragenic"
"ST4-74.fa"	2031581	2031582	"ST4-74.fa_2031581_+"	"CDS"	"+"	2031577	2031583	"SL1344_1919"	"vsr"	"-"	"SL1344_1919"	"vsr"	2031445	2031916	"Ter"	100	87.5	92.5	100	5	8	40	8	92.3076923076923	93.75	"Constitutive"	"chromosome"	"intragenic"
"ST4-74.fa"	2032191	2032192	"ST4-74.fa_2032191_+"	"CDS"	"+"	2032187	2032193	"SL1344_1920"	"dcm"	"-"	"SL1344_1920"	"dcm"	2031896	2033327	"Ter"	66.67	75	75.61	87.5	3	8	41	8	72.7281818181818	77.5512244897959	"Constitutive"	"chromosome"	"intragenic"
"ST4-74.fa"	203613	203614	"ST4-74.fa_203613_-"	"CDS"	"-"	203612	203618	"SL1344_0174"	"yadH"	"+"	"SL1344_0174"	"yadH"	203099	203870	"NSR"	90	100	96.23	92.31	10	13	53	13	95.6521739130435	95.4578787878788	"Constitutive"	"chromosome"	"intragenic"
"ST4-74.fa"	203732	203733	"ST4-74.fa_203732_+"	"CDS"	"+"	203728	203734	"SL1344_0174"	"yadH"	"+"	"SL1344_0174"	"yadH"	203099	203870	"NSR"	100	100	94.12	90.91	7	17	51	11	100	93.5504838709677	"Constitutive"	"chromosome"	"intragenic"
"ST4-74.fa"	2037480	2037481	"ST4-74.fa_2037480_+"	"CDS"	"+"	2037476	2037482	"SL1344_1925"	"umuC"	"-"	"SL1344_1925"	"umuC"	2037459	2038728	"Ter"	66.67	70	94.12	66.67	3	10	34	9	69.2315384615385	88.3746511627907	"Constitutive"	"chromosome"	"intragenic"
"ST4-74.fa"	203838	203839	"ST4-74.fa_203838_-"	"CDS"	"-"	203837	203843	"SL1344_0174"	"yadH"	"+"	"SL1344_0174"	"yadH"	203099	203870	"NSR"	85.71	85.71	71.43	80	7	14	35	5	85.71	72.50125	"Constitutive"	"chromosome"	"intragenic"
"ST4-74.fa"	2039703	2039704	"ST4-74.fa_2039703_-"	"intergenic"	"-"	2039702	2039708	"SL1344_1927A"	"SL1344_1927A"	"-+"	"STnc1280"	"no"	2039658	2039983	"Ter"	100	100	92.68	66.67	2	10	41	6	100	89.3595744680851	"Constitutive"	"chromosome"	"intergenic"
"ST4-74.fa"	2040632	2040633	"ST4-74.fa_2040632_+"	"CDS"	"+"	2040628	2040634	"SL1344_1928"	"SL1344_1928"	"+"	"SL1344_1928"	"SL1344_1928"	2040502	2041510	"Ter"	83.33	100	97.44	91.67	6	10	39	12	93.74875	96.0823529411765	"Constitutive"	"chromosome"	"intragenic"
"ST4-74.fa"	2042736	2042737	"ST4-74.fa_2042736_-"	"CDS"	"-"	2042735	2042741	"SL1344_1930"	"SL1344_1930"	"-"	"SL1344_1930"	"SL1344_1930"	2042363	2043959	"Ter"	66.67	75	92.16	80	3	8	51	10	72.7281818181818	90.1665573770492	"Constitutive"	"chromosome"	"intragenic"
"ST4-74.fa"	2043708	2043709	"ST4-74.fa_2043708_+"	"CDS"	"+"	2043704	2043710	"SL1344_1930"	"SL1344_1930"	"-"	"SL1344_1930"	"SL1344_1930"	2042363	2043959	"Ter"	100	88.89	93.62	100	8	9	47	11	94.1182352941177	94.83	"Constitutive"	"chromosome"	"intragenic"
"ST4-74.fa"	2044019	2044020	"ST4-74.fa_2044019_-"	"CDS"	"-"	2044018	2044024	"SL1344_1931"	"SL1344_1931"	"-"	"SL1344_1931"	"SL1344_1931"	2043912	2044500	"Ter"	100	60	86	83.33	3	10	50	6	69.2307692307692	85.7139285714286	"Constitutive"	"chromosome"	"intragenic"
"ST4-74.fa"	20448	20449	"ST4-74.fa_20448_+"	"CDS"	"+"	20444	20450	"SL1344_0019"	"STM0019"	"+"	"SL1344_0019"	"STM0019"	20057	23054	"NSR"	88.89	94.12	71.43	100	9	17	42	5	92.3096153846154	74.4693617021277	"Constitutive"	"chromosome"	"intragenic"
"ST4-74.fa"	2044988	2044989	"ST4-74.fa_2044988_+"	"CDS"	"+"	2044984	2044990	"SL1344_1932"	"SL1344_1932"	"-"	"SL1344_1932"	"SL1344_1932"	2044502	2045024	"Ter"	100	75	82.5	100	8	8	40	5	87.5	84.4444444444444	"Constitutive"	"chromosome"	"intragenic"
"ST4-74.fa"	2045239	2045240	"ST4-74.fa_2045239_-"	"CDS"	"-"	2045238	2045244	"SL1344_1933"	"SL1344_1933"	"-"	"SL1344_1933"	"SL1344_1933"	2045058	2045604	"Ter"	60	90	85.71	57.14	5	10	56	7	80	82.5355555555555	"Constitutive"	"chromosome"	"intragenic"
"ST4-74.fa"	2046240	2046241	"ST4-74.fa_2046240_-"	"CDS"	"-"	2046239	2046245	"SL1344_1935"	"SL1344_1935"	"-"	"SL1344_1935"	"SL1344_1935"	2045993	2046527	"Ter"	100	90.91	90.91	100	4	11	55	6	93.334	91.8040983606557	"Constitutive"	"chromosome"	"intragenic"
"ST4-74.fa"	204639	204640	"ST4-74.fa_204639_-"	"CDS"	"-"	204638	204644	"SL1344_0175"	"stiH"	"-"	"SL1344_0175"	"stiH"	203986	205066	"NSR"	75	60	80.56	75	8	5	36	4	69.2307692307692	80.004	"Constitutive"	"chromosome"	"intragenic"
"ST4-74.fa"	2047250	2047251	"ST4-74.fa_2047250_+"	"CDS"	"+"	2047246	2047252	"SL1344_1936"	"SL1344_1936"	"-"	"SL1344_1936"	"SL1344_1936"	2046526	2047585	"Ter"	62.5	62.5	48.57	33.33	8	8	35	6	62.5	46.339756097561	"Constitutive"	"chromosome"	"intragenic"
"ST4-74.fa"	2049580	2049581	"ST4-74.fa_2049580_+"	"CDS"	"+"	2049576	2049582	"SL1344_1938"	"SL1344_1938"	"-"	"SL1344_1938"	"SL1344_1938"	2048955	2050884	"Ter"	87.5	85.71	80.43	71.43	8	7	46	7	86.6646666666666	79.241320754717	"Constitutive"	"chromosome"	"intragenic"
"ST4-74.fa"	2052694	2052695	"ST4-74.fa_2052694_+"	"CDS"	"+"	2052690	2052696	"SL1344_1941"	"SL1344_1941"	"-"	"SL1344_1941"	"SL1344_1941"	2051647	2053144	"Ter"	72.73	25	58.14	50	11	4	43	6	60.002	57.1432653061225	"Constitutive"	"chromosome"	"intragenic"
"ST4-74.fa"	2056731	2056732	"ST4-74.fa_2056731_-"	"CDS"	"-"	2056730	2056736	"SL1344_1948"	"SL1344_1948"	"-"	"SL1344_1948"	"SL1344_1948"	2056540	2057227	"Ter"	100	100	92.31	77.78	5	4	39	9	100	89.585625	"Constitutive"	"chromosome"	"intragenic"
"ST4-74.fa"	2057748	2057749	"ST4-74.fa_2057748_-"	"CDS"	"-"	2057747	2057753	"SL1344_1949"	"SL1344_1949"	"-"	"SL1344_1949"	"SL1344_1949"	2057168	2058410	"Ter"	83.33	100	88.64	100	6	2	44	8	87.4975	90.3876923076923	"Constitutive"	"chromosome"	"intragenic"
"ST4-74.fa"	2058156	2058157	"ST4-74.fa_2058156_+"	"CDS"	"+"	2058152	2058158	"SL1344_1949"	"SL1344_1949"	"-"	"SL1344_1949"	"SL1344_1949"	2057168	2058410	"Ter"	100	100	96.67	100	12	7	60	6	100	96.9727272727273	"Constitutive"	"chromosome"	"intragenic"
"ST4-74.fa"	2058298	2058299	"ST4-74.fa_2058298_-"	"CDS"	"-"	2058297	2058303	"SL1344_1949"	"SL1344_1949"	"-"	"SL1344_1949"	"SL1344_1949"	2057168	2058410	"Ter"	0	50	40	50	2	2	25	2	25	40.7407407407407	"LSP-specific"	"chromosome"	"intragenic"
"ST4-74.fa"	2063499	2063500	"ST4-74.fa_2063499_-"	"CDS"	"-"	2063498	2063504	"SL1344_1956"	"STM0907"	"-"	"SL1344_1956"	"STM0907"	2063000	2063615	"Ter"	100	80	96.23	100	1	10	53	3	81.8181818181818	96.4319642857143	"Constitutive"	"chromosome"	"intragenic"
"ST4-74.fa"	2064162	2064163	"ST4-74.fa_2064162_+"	"intergenic"	"+"	2064158	2064164	"SL1344_1957"	"STM0906"	"--"	"SL1344_1958"	"SL1344_1958"	2063962	2064487	"Ter"	62.5	83.33	57.89	100	8	6	57	7	71.4271428571429	62.49578125	"Constitutive"	"chromosome"	"intergenic"
"ST4-74.fa"	2067038	2067039	"ST4-74.fa_2067038_-"	"CDS"	"-"	2067037	2067043	"SL1344_1961"	"SL1344_1961"	"-"	"SL1344_1961"	"SL1344_1961"	2066508	2067414	"Ter"	100	80	80	100	2	5	40	4	85.7142857142857	81.8181818181818	"Constitutive"	"chromosome"	"intragenic"
"ST4-74.fa"	2067558	2067559	"ST4-74.fa_2067558_-"	"intergenic"	"-"	2067557	2067563	"SL1344_1961"	"SL1344_1961"	"--"	"SL1344_1962"	"SL1344_1962"	2067414	2067771	"Ter"	66.67	80	69.44	80	3	5	36	5	75.00125	70.7278048780488	"Constitutive"	"chromosome"	"intergenic"
"ST4-74.fa"	2068588	2068589	"ST4-74.fa_2068588_-"	"CDS"	"-"	2068587	2068593	"SL1344_1962"	"SL1344_1962"	"-"	"SL1344_1962"	"SL1344_1962"	2067771	2068665	"Ter"	100	33.33	54.17	33.33	1	3	24	3	49.9975	51.8544444444444	"Constitutive"	"chromosome"	"intragenic"
"ST4-74.fa"	2068941	2068942	"ST4-74.fa_2068941_-"	"CDS"	"-"	2068940	2068946	"SL1344_1963"	"SL1344_1963"	"-"	"SL1344_1963"	"SL1344_1963"	2068664	2069282	"Ter"	100	60	79.49	75	2	5	39	4	71.4285714285714	79.0723255813953	"Constitutive"	"chromosome"	"intragenic"
"ST4-74.fa"	2069869	2069870	"ST4-74.fa_2069869_-"	"CDS"	"-"	2069868	2069874	"SL1344_1964"	"SL1344_1964"	"-"	"SL1344_1964"	"SL1344_1964"	2069148	2069967	"Ter"	100	100	66.67	66.67	1	6	39	6	100	66.67	"Constitutive"	"chromosome"	"intragenic"
"ST4-74.fa"	2069899	2069900	"ST4-74.fa_2069899_+"	"CDS"	"+"	2069895	2069901	"SL1344_1964"	"SL1344_1964"	"-"	"SL1344_1964"	"SL1344_1964"	2069148	2069967	"Ter"	100	77.78	84	71.43	8	9	50	7	88.2364705882353	82.4563157894737	"Constitutive"	"chromosome"	"intragenic"
"ST4-74.fa"	2071729	2071730	"ST4-74.fa_2071729_-"	"CDS"	"-"	2071728	2071734	"SL1344_1966"	"SL1344_1966"	"-"	"SL1344_1966"	"SL1344_1966"	2071338	2072049	"Ter"	100	100	92.5	100	3	3	40	4	100	93.1818181818182	"Constitutive"	"chromosome"	"intragenic"
"ST4-74.fa"	2074066	2074067	"ST4-74.fa_2074066_+"	"CDS"	"+"	2074062	2074068	"SL1344_1968"	"SL1344_1968"	"+"	"SL1344_1968"	"SL1344_1968"	2073534	2074125	"Left"	80	72.73	86.05	25	5	11	43	4	75.001875	80.8542553191489	"Constitutive"	"chromosome"	"intragenic"
"ST4-74.fa"	2075444	2075445	"ST4-74.fa_2075444_-"	"CDS"	"-"	2075443	2075449	"SL1344_1970"	"SL1344_1970"	"+"	"SL1344_1970"	"SL1344_1970"	2075146	2075686	"Left"	100	72.73	84.44	80	3	11	45	5	78.5735714285714	83.996	"Constitutive"	"chromosome"	"intragenic"
"ST4-74.fa"	2078487	2078488	"ST4-74.fa_2078487_-"	"CDS"	"-"	2078486	2078492	"SL1344_1974"	"SL1344_1974"	"+"	"SL1344_1974"	"SL1344_1974"	2077946	2078516	"Left"	100	80	95.65	83.33	3	10	46	6	84.6153846153846	94.2284615384616	"Constitutive"	"chromosome"	"intragenic"
"ST4-74.fa"	2079008	2079009	"ST4-74.fa_2079008_-"	"CDS"	"-"	2079007	2079013	"SL1344_1976"	"SL1344_1976"	"+"	"SL1344_1976"	"SL1344_1976"	2078784	2079774	"Left"	100	88.89	85.37	60	4	9	41	5	92.3084615384615	82.6123913043478	"Constitutive"	"chromosome"	"intragenic"
"ST4-74.fa"	2081418	2081419	"ST4-74.fa_2081418_+"	"CDS"	"+"	2081414	2081420	"SL1344_1978"	"SL1344_1978"	"+"	"SL1344_1978"	"SL1344_1978"	2081234	2081525	"Left"	100	75	87.76	80	1	8	49	5	77.7777777777778	87.0414814814815	"Constitutive"	"chromosome"	"intragenic"
"ST4-74.fa"	208147	208148	"ST4-74.fa_208147_-"	"CDS"	"-"	208146	208152	"SL1344_0177"	"stiB"	"-"	"SL1344_0177"	"stiB"	207647	208331	"NSR"	90	100	85.96	85.71	10	15	57	7	96	85.93265625	"Constitutive"	"chromosome"	"intragenic"
"ST4-74.fa"	208380	208381	"ST4-74.fa_208380_+"	"CDS"	"+"	208376	208382	"SL1344_0178"	"stiA"	"-"	"SL1344_0178"	"stiA"	208378	208918	"NSR"	60	37.5	45	60	5	16	40	5	42.8571428571429	46.6666666666667	"Constitutive"	"chromosome"	"intragenic"
"ST4-74.fa"	208380	208381	"ST4-74.fa_208380_+"	"intergenic"	"+"	208376	208382	"SL1344_0177"	"stiB"	"--"	"SL1344_0178"	"stiA"	208331	208378	"NSR"	60	37.5	45	60	5	16	40	5	42.8571428571429	46.6666666666667	"Constitutive"	"chromosome"	"intergenic"
"ST4-74.fa"	2084483	2084484	"ST4-74.fa_2084483_+"	"CDS"	"+"	2084479	2084485	"SL1344_1982"	"STM2007"	"+"	"SL1344_1982"	"STM2007"	2084161	2086330	"Left"	NA	88.89	94.12	60	NA	9	51	5	88.89	91.0735714285714	"Constitutive"	"chromosome"	"intragenic"
"ST4-74.fa"	2088738	2088739	"ST4-74.fa_2088738_-"	"CDS"	"-"	2088737	2088743	"SL1344_1985"	"SL1344_1985"	"-"	"SL1344_1985"	"SL1344_1985"	2088650	2088905	"Left"	100	100	96.15	90.91	2	7	26	11	100	94.5921621621622	"Constitutive"	"chromosome"	"intragenic"
"ST4-74.fa"	2090711	2090712	"ST4-74.fa_2090711_+"	"CDS"	"+"	2090707	2090713	"SL1344_1987"	"STM2011"	"-"	"SL1344_1987"	"STM2011"	2090671	2090998	"Left"	100	100	91.23	62.5	2	6	57	8	100	87.694	"Constitutive"	"chromosome"	"intragenic"
"ST4-74.fa"	2090887	2090888	"ST4-74.fa_2090887_+"	"CDS"	"+"	2090883	2090889	"SL1344_1987"	"STM2011"	"-"	"SL1344_1987"	"STM2011"	2090671	2090998	"Left"	100	62.5	97.62	66.67	1	8	42	9	66.6666666666667	92.1582352941176	"Constitutive"	"chromosome"	"intragenic"
"ST4-74.fa"	2095234	2095235	"ST4-74.fa_2095234_+"	"CDS"	"+"	2095230	2095236	"SL1344_1992"	"cobT"	"-"	"SL1344_1992"	"cobT"	2095017	2096088	"Left"	0	83.33	72	83.33	1	6	50	6	71.4257142857143	73.2139285714286	"Constitutive"	"chromosome"	"intragenic"
"ST4-74.fa"	2100281	2100282	"ST4-74.fa_2100281_+"	"CDS"	"+"	2100277	2100283	"SL1344_1997"	"cbiQ"	"-"	"SL1344_1997"	"cbiQ"	2099737	2100415	"Left"	100	100	78.43	66.67	1	6	51	9	100	76.666	"Constitutive"	"chromosome"	"intragenic"
"ST4-74.fa"	2102375	2102376	"ST4-74.fa_2102375_+"	"CDS"	"+"	2102371	2102377	"SL1344_2001"	"cbiK"	"-"	"SL1344_2001"	"cbiK"	2102128	2102923	"Left"	NA	85.71	87.04	80	NA	7	54	10	85.71	85.94	"Constitutive"	"chromosome"	"intragenic"
"ST4-74.fa"	2106120	2106121	"ST4-74.fa_2106120_+"	"CDS"	"+"	2106116	2106122	"SL1344_2005"	"cbiF"	"-"	"SL1344_2005"	"cbiF"	2105474	2106248	"Left"	100	100	97.87	77.78	2	6	47	9	100	94.64125	"Constitutive"	"chromosome"	"intragenic"
"ST4-74.fa"	2106183	2106184	"ST4-74.fa_2106183_+"	"CDS"	"+"	2106179	2106185	"SL1344_2005"	"cbiF"	"-"	"SL1344_2005"	"cbiF"	2105474	2106248	"Left"	100	87.5	93.48	100	2	8	46	7	90	94.3411320754717	"Constitutive"	"chromosome"	"intragenic"
"ST4-74.fa"	210994	210995	"ST4-74.fa_210994_-"	"CDS"	"-"	210993	210999	"SL1344_0180"	"yadE"	"+"	"SL1344_0180"	"yadE"	209790	211020	"NSR"	80	69.23	86.27	100	5	13	51	7	72.2216666666667	87.9270689655172	"Constitutive"	"chromosome"	"intragenic"
"ST4-74.fa"	210994	210995	"ST4-74.fa_210994_-"	"intergenic"	"-"	210993	210999	"STnc4190"	"no"	"--"	"SL1344_0181"	"panD"	209971	211026	"NSR"	80	69.23	86.27	100	5	13	51	7	72.2216666666667	87.9270689655172	"Constitutive"	"chromosome"	"intergenic"
"ST4-74.fa"	210999	211000	"ST4-74.fa_210999_+"	"CDS"	"+"	210995	211001	"SL1344_0180"	"yadE"	"+"	"SL1344_0180"	"yadE"	209790	211020	"NSR"	50	66.67	86.21	87.5	2	6	29	8	62.5025	86.4889189189189	"Constitutive"	"chromosome"	"intragenic"
"ST4-74.fa"	210999	211000	"ST4-74.fa_210999_+"	"intergenic"	"+"	210995	211001	"STnc4190"	"no"	"--"	"SL1344_0181"	"panD"	209971	211026	"NSR"	50	66.67	86.21	87.5	2	6	29	8	62.5025	86.4889189189189	"Constitutive"	"chromosome"	"intergenic"
"ST4-74.fa"	2111521	2111522	"ST4-74.fa_2111521_-"	"intergenic"	"-"	2111520	2111526	"SL1344_2011"	"cbiA"	"--"	"SL1344_2012"	"pocR"	2111516	2112113	"Left"	100	75	81.82	80	2	8	44	10	80	81.482962962963	"Constitutive"	"chromosome"	"intergenic"
"ST4-74.fa"	2111684	2111685	"ST4-74.fa_2111684_+"	"intergenic"	"+"	2111680	2111686	"SL1344_2011"	"cbiA"	"--"	"SL1344_2012"	"pocR"	2111516	2112113	"Left"	100	69.23	89.58	80	1	13	48	5	71.4278571428571	88.6762264150943	"Constitutive"	"chromosome"	"intergenic"
"ST4-74.fa"	2113163	2113164	"ST4-74.fa_2113163_+"	"intergenic"	"+"	2113159	2113165	"SL1344_2012"	"pocR"	"--"	"SL1344_2013"	"pduF"	2112878	2113241	"Left"	100	77.78	83.33	100	1	9	48	6	80.002	85.1822222222222	"Constitutive"	"chromosome"	"intergenic"
"ST4-74.fa"	211535	211536	"ST4-74.fa_211535_+"	"CDS"	"+"	211531	211537	"SL1344_0182"	"panC"	"-"	"SL1344_0182"	"panC"	211501	212356	"NSR"	100	95.45	81.13	90.91	9	22	53	11	96.7709677419355	82.8109375	"Constitutive"	"chromosome"	"intragenic"
"ST4-74.fa"	2115853	2115854	"ST4-74.fa_2115853_-"	"CDS"	"-"	2115852	2115858	"SL1344_2016"	"dhaB"	"+"	"SL1344_2016"	"dhaB"	2115672	2117337	"Left"	100	100	84.91	100	3	10	53	7	100	86.6705	"Constitutive"	"chromosome"	"intragenic"
"ST4-74.fa"	2116633	2116634	"ST4-74.fa_2116633_-"	"CDS"	"-"	2116632	2116638	"SL1344_2016"	"dhaB"	"+"	"SL1344_2016"	"dhaB"	2115672	2117337	"Left"	100	100	83.33	80	3	7	42	5	100	82.9757446808511	"Constitutive"	"chromosome"	"intragenic"
"ST4-74.fa"	211883	211884	"ST4-74.fa_211883_+"	"CDS"	"+"	211879	211885	"SL1344_0182"	"panC"	"-"	"SL1344_0182"	"panC"	211501	212356	"NSR"	100	87.5	93.02	70	9	16	43	10	92	88.6766037735849	"Constitutive"	"chromosome"	"intragenic"
"ST4-74.fa"	211937	211938	"ST4-74.fa_211937_+"	"CDS"	"+"	211933	211939	"SL1344_0182"	"panC"	"-"	"SL1344_0182"	"panC"	211501	212356	"NSR"	100	94.44	100	100	9	18	51	7	96.2933333333333	100	"Constitutive"	"chromosome"	"intragenic"
"ST4-74.fa"	2121958	2121959	"ST4-74.fa_2121958_-"	"CDS"	"-"	2121957	2121963	"SL1344_2023"	"pduL"	"+"	"SL1344_2023"	"pduL"	2121519	2122152	"Left"	85.71	100	97.96	84.62	7	7	49	13	92.855	95.1629032258065	"Constitutive"	"chromosome"	"intragenic"
"ST4-74.fa"	2124764	2124765	"ST4-74.fa_2124764_-"	"CDS"	"-"	2124763	2124769	"SL1344_2027"	"pduP"	"+"	"SL1344_2027"	"pduP"	2123935	2125330	"Left"	100	100	98.11	92.86	8	9	53	14	100	97.0129850746269	"Constitutive"	"chromosome"	"intragenic"
"ST4-74.fa"	2127282	2127283	"ST4-74.fa_2127282_-"	"CDS"	"-"	2127281	2127287	"SL1344_2029"	"pduS"	"+"	"SL1344_2029"	"pduS"	2126450	2127806	"Left"	88.89	80	87.27	85.71	9	10	55	7	84.211052631579	87.0938709677419	"Constitutive"	"chromosome"	"intragenic"
"ST4-74.fa"	2127543	2127544	"ST4-74.fa_2127543_-"	"CDS"	"-"	2127542	2127548	"SL1344_2029"	"pduS"	"+"	"SL1344_2029"	"pduS"	2126450	2127806	"Left"	100	90.91	90.91	100	9	11	55	9	95.0005	92.18828125	"Constitutive"	"chromosome"	"intragenic"
"ST4-74.fa"	21276	21277	"ST4-74.fa_21276_-"	"CDS"	"-"	21275	21281	"SL1344_0019"	"STM0019"	"+"	"SL1344_0019"	"STM0019"	20057	23054	"NSR"	100	100	98.08	90.91	3	14	52	11	100	96.8280952380952	"Constitutive"	"chromosome"	"intragenic"
"ST4-74.fa"	2133830	2133831	"ST4-74.fa_2133830_+"	"CDS"	"+"	2133826	2133832	"SL1344_2038"	"dacD"	"-"	"SL1344_2038"	"dacD"	2133739	2134912	"Left"	66.67	84.62	90.32	100	6	13	62	4	78.9515789473684	90.9066666666667	"Constitutive"	"chromosome"	"intragenic"
"ST4-74.fa"	213466	213467	"ST4-74.fa_213466_+"	"CDS"	"+"	213462	213468	"SL1344_0184"	"folK"	"-"	"SL1344_0184"	"folK"	213393	213873	"NSR"	33.33	30.77	28	0	6	13	25	6	31.5784210526316	22.5806451612903	"UM"	"chromosome"	"intragenic"
"ST4-74.fa"	213471	213472	"ST4-74.fa_213471_+"	"CDS"	"+"	213467	213473	"SL1344_0184"	"folK"	"-"	"SL1344_0184"	"folK"	213393	213873	"NSR"	60	28.57	50	57.14	5	14	32	7	36.8410526315789	51.2815384615385	"Constitutive"	"chromosome"	"intragenic"
"ST4-74.fa"	2135459	2135460	"ST4-74.fa_2135459_+"	"CDS"	"+"	2135455	2135461	"SL1344_2039"	"phsC"	"-"	"SL1344_2039"	"phsC"	2135035	2135800	"Left"	100	72.73	90.74	66.67	5	11	54	3	81.251875	89.4731578947368	"Constitutive"	"chromosome"	"intragenic"
"ST4-74.fa"	213721	213722	"ST4-74.fa_213721_-"	"CDS"	"-"	213720	213726	"SL1344_0184"	"folK"	"-"	"SL1344_0184"	"folK"	213393	213873	"NSR"	83.33	84.62	92.31	90.91	6	13	39	11	84.2126315789474	92.002	"Constitutive"	"chromosome"	"intragenic"
"ST4-74.fa"	2143629	2143630	"ST4-74.fa_2143629_+"	"CDS"	"+"	2143625	2143631	"SL1344_2045"	"yeeF"	"-"	"SL1344_2045"	"yeeF"	2143541	2144906	"Left"	100	54.55	92.73	85.71	1	11	55	7	58.3375	91.9374193548387	"Constitutive"	"chromosome"	"intragenic"
"ST4-74.fa"	2144031	2144032	"ST4-74.fa_2144031_+"	"CDS"	"+"	2144027	2144033	"SL1344_2045"	"yeeF"	"-"	"SL1344_2045"	"yeeF"	2143541	2144906	"Left"	100	71.43	69.77	100	2	7	43	5	77.7788888888889	72.9189583333333	"Constitutive"	"chromosome"	"intragenic"
"ST4-74.fa"	2144160	2144161	"ST4-74.fa_2144160_+"	"CDS"	"+"	2144156	2144162	"SL1344_2045"	"yeeF"	"-"	"SL1344_2045"	"yeeF"	2143541	2144906	"Left"	66.67	100	83.61	85.71	3	7	61	7	90.001	83.8261764705882	"Constitutive"	"chromosome"	"intragenic"
"ST4-74.fa"	214686	214687	"ST4-74.fa_214686_+"	"CDS"	"+"	214682	214688	"SL1344_0185"	"pcnB"	"-"	"SL1344_0185"	"pcnB"	213869	215288	"NSR"	100	92.86	81.82	80	11	14	44	10	96.0016	81.482962962963	"Constitutive"	"chromosome"	"intragenic"
"ST4-74.fa"	2147954	2147955	"ST4-74.fa_2147954_-"	"CDS"	"-"	2147953	2147959	"SL1344_2048"	"hisG"	"+"	"SL1344_2048"	"hisG"	2147329	2148229	"Left"	100	100	93.75	83.33	9	10	48	12	100	91.666	"Constitutive"	"chromosome"	"intragenic"
"ST4-74.fa"	214995	214996	"ST4-74.fa_214995_-"	"CDS"	"-"	214994	215000	"SL1344_0185"	"pcnB"	"-"	"SL1344_0185"	"pcnB"	213869	215288	"NSR"	83.33	84.62	91.49	100	6	13	47	10	84.2126315789474	92.9829824561403	"Constitutive"	"chromosome"	"intragenic"
"ST4-74.fa"	2150590	2150591	"ST4-74.fa_2150590_+"	"CDS"	"+"	2150586	2150592	"SL1344_2050"	"hisC"	"+"	"SL1344_2050"	"hisC"	2149632	2150712	"Left"	100	100	92.98	83.33	7	10	57	6	100	92.0609523809524	"Constitutive"	"chromosome"	"intragenic"
"ST4-74.fa"	2150611	2150612	"ST4-74.fa_2150611_+"	"CDS"	"+"	2150607	2150613	"SL1344_2050"	"hisC"	"+"	"SL1344_2050"	"hisC"	2149632	2150712	"Left"	100	100	92.59	88.89	7	13	54	9	100	92.0614285714286	"Constitutive"	"chromosome"	"intragenic"
"ST4-74.fa"	2150979	2150980	"ST4-74.fa_2150979_-"	"CDS"	"-"	2150978	2150984	"SL1344_2051"	"hisB"	"+"	"SL1344_2051"	"hisB"	2150708	2151776	"Left"	50	63.64	80	33.33	6	11	35	3	58.8258823529412	76.3155263157895	"Constitutive"	"chromosome"	"intragenic"
"ST4-74.fa"	2151959	2151960	"ST4-74.fa_2151959_-"	"CDS"	"-"	2151958	2151964	"SL1344_2052"	"hisH"	"+"	"SL1344_2052"	"hisH"	2151772	2152366	"Left"	100	92.86	86.96	100	8	14	46	11	95.4563636363636	89.4764912280702	"Constitutive"	"chromosome"	"intragenic"
"ST4-74.fa"	2153694	2153695	"ST4-74.fa_2153694_-"	"CDS"	"-"	2153693	2153699	"SL1344_2054"	"hisF"	"+"	"SL1344_2054"	"hisF"	2153084	2153861	"Left"	80	87.5	87.5	66.67	5	8	48	12	84.6153846153846	83.334	"Constitutive"	"chromosome"	"intragenic"
"ST4-74.fa"	2153849	2153850	"ST4-74.fa_2153849_+"	"CDS"	"+"	2153845	2153851	"SL1344_2054"	"hisF"	"+"	"SL1344_2054"	"hisF"	2153084	2153861	"Left"	25	50	61.76	50	4	4	34	10	37.5	59.0872727272727	"Constitutive"	"chromosome"	"intragenic"
"ST4-74.fa"	2154413	2154414	"ST4-74.fa_2154413_+"	"CDS"	"+"	2154409	2154415	"SL1344_2055"	"hisI"	"+"	"SL1344_2055"	"hisI"	2153854	2154466	"Left"	100	87.5	95.92	76.92	6	8	49	13	92.8571428571429	91.9361290322581	"Constitutive"	"chromosome"	"intragenic"
"ST4-74.fa"	2156523	2156524	"ST4-74.fa_2156523_-"	"CDS"	"-"	2156522	2156528	"SL1344_2057"	"udg"	"-"	"SL1344_2057"	"udg"	2155672	2156839	"Left"	100	76.92	85.71	90	6	13	35	10	84.2084210526316	86.6633333333333	"Constitutive"	"chromosome"	"intragenic"
"ST4-74.fa"	2157790	2157791	"ST4-74.fa_2157790_+"	"CDS"	"+"	2157786	2157792	"SL1344_2058"	"gnd"	"-"	"SL1344_2058"	"gnd"	2157075	2158482	"Left"	60	71.43	77.55	87.5	5	7	49	8	66.6675	78.9464912280702	"Constitutive"	"chromosome"	"intragenic"
"ST4-74.fa"	2162689	2162690	"ST4-74.fa_2162689_+"	"CDS"	"+"	2162685	2162691	"SL1344_2061"	"cpsB2"	"-"	"SL1344_2061"	"cpsB2"	2161567	2163007	"Left"	80	25	77.08	85.71	5	4	48	7	55.5555555555556	78.1783636363636	"Constitutive"	"chromosome"	"intragenic"
"ST4-74.fa"	216565	216566	"ST4-74.fa_216565_+"	"CDS"	"+"	216561	216567	"SL1344_0187"	"dksA"	"-"	"SL1344_0187"	"dksA"	216393	216849	"NSR"	91.67	100	85.37	90	12	9	41	10	95.24	86.2778431372549	"Constitutive"	"chromosome"	"intragenic"
"ST4-74.fa"	2174105	2174106	"ST4-74.fa_2174105_+"	"CDS"	"+"	2174101	2174107	"SL1344_2072"	"rfbA"	"-"	"SL1344_2072"	"rfbA"	2173384	2174263	"Left"	100	90.91	91.84	88.89	2	11	49	9	92.3084615384615	91.3822413793103	"Constitutive"	"chromosome"	"intragenic"
"ST4-74.fa"	2174665	2174666	"ST4-74.fa_2174665_-"	"CDS"	"-"	2174664	2174670	"SL1344_2073"	"rfbD"	"-"	"SL1344_2073"	"rfbD"	2174310	2175210	"Left"	100	81.82	89.29	100	6	11	56	8	88.2364705882353	90.62875	"Constitutive"	"chromosome"	"intragenic"
"ST4-74.fa"	2174665	2174666	"ST4-74.fa_2174665_-"	"intergenic"	"-"	2174664	2174670	"STnc1320"	"no"	"+-"	"SL1344_2074"	"rfbB"	2174470	2175209	"Left"	100	81.82	89.29	100	6	11	56	8	88.2364705882353	90.62875	"Constitutive"	"chromosome"	"intergenic"
"ST4-74.fa"	2175609	2175610	"ST4-74.fa_2175609_-"	"CDS"	"-"	2175608	2175614	"SL1344_2074"	"rfbB"	"-"	"SL1344_2074"	"rfbB"	2175209	2176295	"Left"	60	90	80.85	50	5	10	47	4	80	78.4303921568627	"Constitutive"	"chromosome"	"intragenic"
"ST4-74.fa"	2176253	2176254	"ST4-74.fa_2176253_-"	"CDS"	"-"	2176252	2176258	"SL1344_2074"	"rfbB"	"-"	"SL1344_2074"	"rfbB"	2175209	2176295	"Left"	80	100	98.08	57.14	5	7	52	7	91.6666666666667	93.2227118644068	"Constitutive"	"chromosome"	"intragenic"
"ST4-74.fa"	2176963	2176964	"ST4-74.fa_2176963_-"	"CDS"	"-"	2176962	2176968	"SL1344_2075"	"galF"	"-"	"SL1344_2075"	"galF"	2176671	2177694	"Left"	80	71.43	87.76	100	5	7	49	6	75.0008333333333	89.0952727272727	"Constitutive"	"chromosome"	"intragenic"
"ST4-74.fa"	2181115	2181116	"ST4-74.fa_2181115_+"	"CDS"	"+"	2181111	2181117	"SL1344_2078"	"wcaK"	"-"	"SL1344_2078"	"wcaK"	2180373	2181654	"Left"	100	100	88.46	100	7	7	52	6	100	89.6537931034483	"Constitutive"	"chromosome"	"intragenic"
"ST4-74.fa"	2183129	2183130	"ST4-74.fa_2183129_-"	"CDS"	"-"	2183128	2183134	"SL1344_2079"	"wzx"	"-"	"SL1344_2079"	"wzx"	2181675	2183154	"Left"	83.33	100	95.35	100	6	8	43	4	92.8557142857143	95.7457446808511	"Constitutive"	"chromosome"	"intragenic"
"ST4-74.fa"	2184406	2184407	"ST4-74.fa_2184406_+"	"CDS"	"+"	2184402	2184408	"SL1344_2080"	"wcaJ"	"-"	"SL1344_2080"	"wcaJ"	2183286	2184681	"Left"	100	100	76.09	71.43	7	11	46	7	100	75.4745283018868	"Constitutive"	"chromosome"	"intragenic"
"ST4-74.fa"	2193963	2193964	"ST4-74.fa_2193963_+"	"CDS"	"+"	2193959	2193965	"SL1344_2089"	"wcaD"	"-"	"SL1344_2089"	"wcaD"	2192792	2194007	"Left"	100	60	71.43	40	1	5	42	5	66.6666666666667	68.0863829787234	"Constitutive"	"chromosome"	"intragenic"
"ST4-74.fa"	2194237	2194238	"ST4-74.fa_2194237_+"	"CDS"	"+"	2194233	2194239	"SL1344_2090"	"wcaC"	"-"	"SL1344_2090"	"wcaC"	2193981	2195199	"Left"	66.67	85.71	93.62	85.71	3	7	47	7	79.998	92.5946296296296	"Constitutive"	"chromosome"	"intragenic"
"ST4-74.fa"	2196509	2196510	"ST4-74.fa_2196509_+"	"CDS"	"+"	2196505	2196511	"SL1344_2092"	"wcaA"	"-"	"SL1344_2092"	"wcaA"	2195686	2196529	"Left"	NA	100	84.62	100	NA	4	39	8	100	87.2378723404255	"Constitutive"	"chromosome"	"intragenic"
"ST4-74.fa"	2196895	2196896	"ST4-74.fa_2196895_+"	"CDS"	"+"	2196891	2196897	"SL1344_2093"	"wzc"	"-"	"SL1344_2093"	"wzc"	2196615	2198775	"Left"	NA	83.33	81.82	71.43	NA	6	33	7	83.33	80.00175	"Constitutive"	"chromosome"	"intragenic"
"ST4-74.fa"	2197099	2197100	"ST4-74.fa_2197099_+"	"CDS"	"+"	2197095	2197101	"SL1344_2093"	"wzc"	"-"	"SL1344_2093"	"wzc"	2196615	2198775	"Left"	NA	100	79.25	75	NA	8	53	4	100	78.9517543859649	"Constitutive"	"chromosome"	"intragenic"
"ST4-74.fa"	2197385	2197386	"ST4-74.fa_2197385_-"	"CDS"	"-"	2197384	2197390	"SL1344_2093"	"wzc"	"-"	"SL1344_2093"	"wzc"	2196615	2198775	"Left"	NA	100	94.12	100	NA	9	51	5	100	94.645	"Constitutive"	"chromosome"	"intragenic"
"ST4-74.fa"	2199302	2199303	"ST4-74.fa_2199302_+"	"CDS"	"+"	2199298	2199304	"SL1344_2095"	"wza"	"-"	"SL1344_2095"	"wza"	2199226	2200282	"Left"	66.67	100	93.33	90.91	3	4	45	11	85.7157142857143	92.8546428571429	"Constitutive"	"chromosome"	"intragenic"
"ST4-74.fa"	219943	219944	"ST4-74.fa_219943_-"	"CDS"	"-"	219942	219948	"SL1344_0190"	"hrpB"	"+"	"SL1344_0190"	"hrpB"	218304	220779	"NSR"	100	85.71	96	100	8	14	50	11	90.9063636363636	96.7213114754098	"Constitutive"	"chromosome"	"intragenic"
"ST4-74.fa"	2202821	2202822	"ST4-74.fa_2202821_-"	"CDS"	"-"	2202820	2202826	"SL1344_2097"	"asmA"	"-"	"SL1344_2097"	"asmA"	2202706	2204563	"Left"	66.67	100	91.84	87.5	3	3	49	8	83.335	91.2308771929824	"Constitutive"	"chromosome"	"intragenic"
"ST4-74.fa"	2202905	2202906	"ST4-74.fa_2202905_+"	"CDS"	"+"	2202901	2202907	"SL1344_2097"	"asmA"	"-"	"SL1344_2097"	"asmA"	2202706	2204563	"Left"	100	75	90.38	77.78	1	8	52	9	77.7777777777778	88.5209836065574	"Constitutive"	"chromosome"	"intragenic"
"ST4-74.fa"	2203976	2203977	"ST4-74.fa_2203976_-"	"CDS"	"-"	2203975	2203981	"SL1344_2097"	"asmA"	"-"	"SL1344_2097"	"asmA"	2202706	2204563	"Left"	0	80	86.36	33.33	2	5	44	3	57.1428571428571	82.9751063829787	"Constitutive"	"chromosome"	"intragenic"
"ST4-74.fa"	2204066	2204067	"ST4-74.fa_2204066_-"	"CDS"	"-"	2204065	2204071	"SL1344_2097"	"asmA"	"-"	"SL1344_2097"	"asmA"	2202706	2204563	"Left"	100	60	96.43	87.5	5	5	56	8	80	95.31375	"Constitutive"	"chromosome"	"intragenic"
"ST4-74.fa"	2204638	2204639	"ST4-74.fa_2204638_-"	"CDS"	"-"	2204637	2204643	"SL1344_2098"	"dcd"	"-"	"SL1344_2098"	"dcd"	2204601	2205183	"Left"	100	60	92.5	90	2	5	40	10	71.4285714285714	92	"Constitutive"	"chromosome"	"intragenic"
"ST4-74.fa"	2205904	2205905	"ST4-74.fa_2205904_-"	"CDS"	"-"	2205903	2205909	"SL1344_2099"	"udk"	"-"	"SL1344_2099"	"udk"	2205273	2205915	"Left"	100	85.71	97.73	83.33	3	7	44	12	89.997	94.6442857142857	"Constitutive"	"chromosome"	"intragenic"
"ST4-74.fa"	2205909	2205910	"ST4-74.fa_2205909_+"	"CDS"	"+"	2205905	2205911	"SL1344_2099"	"udk"	"-"	"SL1344_2099"	"udk"	2205273	2205915	"Left"	0	85.71	77.27	83.33	2	7	44	12	66.6633333333333	78.5685714285714	"Constitutive"	"chromosome"	"intragenic"
"ST4-74.fa"	2213088	2213089	"ST4-74.fa_2213088_+"	"CDS"	"+"	2213084	2213090	"SL1344_2103"	"STM2126"	"+"	"SL1344_2103"	"STM2126"	2211999	2213241	"Left"	80	100	92.98	100	5	8	57	5	92.3076923076923	93.5461290322581	"Constitutive"	"chromosome"	"intragenic"
"ST4-74.fa"	2213967	2213968	"ST4-74.fa_2213967_+"	"CDS"	"+"	2213963	2213969	"SL1344_2104"	"yegN"	"+"	"SL1344_2104"	"yegN"	2213240	2216363	"Left"	83.33	100	89.09	100	6	10	55	5	93.74875	89.9991666666667	"Constitutive"	"chromosome"	"intragenic"
"ST4-74.fa"	2214603	2214604	"ST4-74.fa_2214603_-"	"CDS"	"-"	2214602	2214608	"SL1344_2104"	"yegN"	"+"	"SL1344_2104"	"yegN"	2213240	2216363	"Left"	100	90.91	89.29	77.78	3	11	56	9	92.8578571428571	87.6963076923077	"Constitutive"	"chromosome"	"intragenic"
"ST4-74.fa"	2215674	2215675	"ST4-74.fa_2215674_+"	"CDS"	"+"	2215670	2215676	"SL1344_2104"	"yegN"	"+"	"SL1344_2104"	"yegN"	2213240	2216363	"Left"	80	87.5	75	75	5	8	36	8	84.6153846153846	75	"Constitutive"	"chromosome"	"intragenic"
"ST4-74.fa"	2215965	2215966	"ST4-74.fa_2215965_-"	"CDS"	"-"	2215964	2215970	"SL1344_2104"	"yegN"	"+"	"SL1344_2104"	"yegN"	2213240	2216363	"Left"	100	100	95.35	100	2	6	43	8	100	96.0794117647059	"Constitutive"	"chromosome"	"intragenic"
"ST4-74.fa"	2216019	2216020	"ST4-74.fa_2216019_-"	"CDS"	"-"	2216018	2216024	"SL1344_2104"	"yegN"	"+"	"SL1344_2104"	"yegN"	2213240	2216363	"Left"	100	100	94.12	90.91	2	9	51	11	100	93.5504838709677	"Constitutive"	"chromosome"	"intragenic"
"ST4-74.fa"	221787	221788	"ST4-74.fa_221787_-"	"CDS"	"-"	221786	221792	"SL1344_0191"	"mrcB"	"+"	"SL1344_0191"	"mrcB"	220919	223442	"NSR"	83.33	86.67	90.48	75	6	15	42	12	85.7157142857143	87.04	"Constitutive"	"chromosome"	"intragenic"
"ST4-74.fa"	221940	221941	"ST4-74.fa_221940_+"	"CDS"	"+"	221936	221942	"SL1344_0191"	"mrcB"	"+"	"SL1344_0191"	"mrcB"	220919	223442	"NSR"	85.71	100	97.87	70	7	11	47	10	94.4427777777778	92.9805263157895	"Constitutive"	"chromosome"	"intragenic"
"ST4-74.fa"	2219942	2219943	"ST4-74.fa_2219942_-"	"CDS"	"-"	2219941	2219947	"SL1344_2106"	"yegB"	"+"	"SL1344_2106"	"yegB"	2219440	2220853	"Left"	100	100	78	100	6	8	50	6	100	80.3571428571429	"Constitutive"	"chromosome"	"intragenic"
"ST4-74.fa"	222066	222067	"ST4-74.fa_222066_+"	"CDS"	"+"	222062	222068	"SL1344_0191"	"mrcB"	"+"	"SL1344_0191"	"mrcB"	220919	223442	"NSR"	85.71	63.64	74	75	7	11	50	12	72.2227777777778	74.1935483870968	"Constitutive"	"chromosome"	"intragenic"
"ST4-74.fa"	2220922	2220923	"ST4-74.fa_2220922_-"	"CDS"	"-"	2220921	2220927	"SL1344_2107"	"baeS"	"+"	"SL1344_2107"	"baeS"	2220852	2222256	"Left"	100	37.5	76.74	100	4	8	43	5	58.3333333333333	79.1629166666667	"Constitutive"	"chromosome"	"intragenic"
"ST4-74.fa"	2220927	2220928	"ST4-74.fa_2220927_+"	"CDS"	"+"	2220923	2220929	"SL1344_2107"	"baeS"	"+"	"SL1344_2107"	"baeS"	2220852	2222256	"Left"	66.67	100	87.23	83.33	3	7	47	6	90.001	86.7884905660378	"Constitutive"	"chromosome"	"intragenic"
"ST4-74.fa"	2222421	2222422	"ST4-74.fa_2222421_-"	"CDS"	"-"	2222420	2222426	"SL1344_2108"	"baeR"	"+"	"SL1344_2108"	"baeR"	2222252	2222975	"Left"	100	100	93.33	77.78	5	9	45	9	100	90.7383333333333	"Constitutive"	"chromosome"	"intragenic"
"ST4-74.fa"	2223985	2223986	"ST4-74.fa_2223985_+"	"CDS"	"+"	2223981	2223987	"SL1344_2109"	"STM2133"	"+"	"SL1344_2109"	"STM2133"	2223561	2224446	"Left"	75	100	93.94	100	4	8	66	5	91.6666666666667	94.3667605633803	"Constitutive"	"chromosome"	"intragenic"
"ST4-74.fa"	2225449	2225450	"ST4-74.fa_2225449_-"	"CDS"	"-"	2225448	2225454	"SL1344_2111"	"STM2135"	"+"	"SL1344_2111"	"STM2135"	2225172	2227284	"Left"	100	85.71	81.25	100	6	7	48	9	92.3053846153846	84.2105263157895	"Constitutive"	"chromosome"	"intragenic"
"ST4-74.fa"	222708	222709	"ST4-74.fa_222708_+"	"CDS"	"+"	222704	222710	"SL1344_0191"	"mrcB"	"+"	"SL1344_0191"	"mrcB"	220919	223442	"NSR"	90	90	92.59	90	10	10	54	10	90	92.1853125	"Constitutive"	"chromosome"	"intragenic"
"ST4-74.fa"	2227676	2227677	"ST4-74.fa_2227676_-"	"CDS"	"-"	2227675	2227681	"SL1344_2112"	"yegQ"	"+"	"SL1344_2112"	"yegQ"	2227399	2228761	"Left"	100	100	94.87	100	8	11	39	6	100	95.554	"Constitutive"	"chromosome"	"intragenic"
"ST4-74.fa"	2231753	2231754	"ST4-74.fa_2231753_-"	"CDS"	"-"	2231752	2231758	"SL1344_2117"	"yegS"	"+"	"SL1344_2117"	"yegS"	2231728	2232628	"Left"	100	78.57	78.95	100	4	14	38	3	83.3322222222222	80.490243902439	"Constitutive"	"chromosome"	"intragenic"
"ST4-74.fa"	2232258	2232259	"ST4-74.fa_2232258_-"	"CDS"	"-"	2232257	2232263	"SL1344_2117"	"yegS"	"+"	"SL1344_2117"	"yegS"	2231728	2232628	"Left"	75	80	86.67	83.33	4	5	30	6	77.7777777777778	86.1133333333333	"Constitutive"	"chromosome"	"intragenic"
"ST4-74.fa"	2233293	2233294	"ST4-74.fa_2233293_-"	"CDS"	"-"	2233292	2233298	"SL1344_2118"	"fbaB"	"-"	"SL1344_2118"	"fbaB"	2232680	2233733	"Left"	50	100	86.79	88.89	4	8	53	9	83.3333333333333	87.0948387096774	"Constitutive"	"chromosome"	"intragenic"
"ST4-74.fa"	223341	223342	"ST4-74.fa_223341_+"	"CDS"	"+"	223337	223343	"SL1344_0191"	"mrcB"	"+"	"SL1344_0191"	"mrcB"	220919	223442	"NSR"	71.43	85.71	81.63	71.43	7	7	49	7	78.57	80.355	"Constitutive"	"chromosome"	"intragenic"
"ST4-74.fa"	2233509	2233510	"ST4-74.fa_2233509_-"	"CDS"	"-"	2233508	2233514	"SL1344_2118"	"fbaB"	"-"	"SL1344_2118"	"fbaB"	2232680	2233733	"Left"	75	85.71	85.71	100	4	7	35	6	81.8154545454545	87.8012195121951	"Constitutive"	"chromosome"	"intragenic"
"ST4-74.fa"	2233653	2233654	"ST4-74.fa_2233653_-"	"CDS"	"-"	2233652	2233658	"SL1344_2118"	"fbaB"	"-"	"SL1344_2118"	"fbaB"	2232680	2233733	"Left"	80	100	88.64	83.33	5	5	44	6	90	88.0028	"Constitutive"	"chromosome"	"intragenic"
"ST4-74.fa"	2236736	2236737	"ST4-74.fa_2236736_-"	"CDS"	"-"	2236735	2236741	"SL1344_2121"	"yegV"	"+"	"SL1344_2121"	"yegV"	2236360	2237221	"Left"	83.33	77.78	76.47	66.67	6	9	34	12	80	73.9134782608696	"Constitutive"	"chromosome"	"intragenic"
"ST4-74.fa"	2237267	2237268	"ST4-74.fa_2237267_-"	"CDS"	"-"	2237266	2237272	"SL1344_2122"	"yegW"	"-"	"SL1344_2122"	"yegW"	2237194	2237941	"Left"	83.33	90.91	79.31	62.5	6	11	29	8	88.2347058823529	75.6754054054054	"Constitutive"	"chromosome"	"intragenic"
"ST4-74.fa"	2239634	2239635	"ST4-74.fa_2239634_+"	"intergenic"	"+"	2239630	2239636	"SL1344_2124"	"thiM"	"-+"	"SL1344_2125"	"STM2148"	2239561	2239970	"Left"	100	88.89	90.91	100	2	9	55	8	90.91	92.0642857142857	"Constitutive"	"chromosome"	"intergenic"
"ST4-74.fa"	2240569	2240570	"ST4-74.fa_2240569_+"	"CDS"	"+"	2240565	2240571	"SL1344_2126"	"stcD"	"-"	"SL1344_2126"	"stcD"	2240547	2241555	"Left"	66.67	66.67	94.92	90	3	6	59	10	66.67	94.2069565217391	"Constitutive"	"chromosome"	"intragenic"
"ST4-74.fa"	2243362	2243363	"ST4-74.fa_2243362_-"	"CDS"	"-"	2243361	2243367	"SL1344_2127"	"stcC"	"-"	"SL1344_2127"	"stcC"	2241570	2244060	"Left"	100	57.14	75	85.71	2	7	36	7	66.6644444444444	76.743488372093	"Constitutive"	"chromosome"	"intragenic"
"ST4-74.fa"	22447	22448	"ST4-74.fa_22447_-"	"CDS"	"-"	22446	22452	"SL1344_0019"	"STM0019"	"+"	"SL1344_0019"	"STM0019"	20057	23054	"NSR"	100	100	90.7	80	5	5	43	10	100	88.6811320754717	"Constitutive"	"chromosome"	"intragenic"
"ST4-74.fa"	2246811	2246812	"ST4-74.fa_2246811_-"	"CDS"	"-"	2246810	2246816	"SL1344_2131"	"mrp"	"-"	"SL1344_2131"	"mrp"	2246180	2247290	"Left"	60	88.89	67.74	85.71	5	9	31	7	78.5721428571429	71.0502631578947	"Constitutive"	"chromosome"	"intragenic"
"ST4-74.fa"	2250431	2250432	"ST4-74.fa_2250431_+"	"CDS"	"+"	2250427	2250433	"SL1344_2134"	"STM2156A"	"+"	"SL1344_2134"	"STM2156A"	2250358	2250889	"Left"	50	80	54.35	50	4	5	46	4	66.6666666666667	54.002	"Constitutive"	"chromosome"	"intragenic"
"ST4-74.fa"	225073	225074	"ST4-74.fa_225073_+"	"CDS"	"+"	225069	225075	"SL1344_0192"	"fhuA"	"+"	"SL1344_0192"	"fhuA"	223734	225924	"NSR"	90	90	89.13	83.33	10	10	46	12	90	87.93	"Constitutive"	"chromosome"	"intragenic"
"ST4-74.fa"	2251000	2251001	"ST4-74.fa_2251000_-"	"CDS"	"-"	2250999	2251005	"SL1344_2135"	"yehS"	"-"	"SL1344_2135"	"yehS"	2250945	2251413	"Left"	100	92.31	100	90.91	3	13	46	11	93.751875	98.2457894736842	"Constitutive"	"chromosome"	"intragenic"
"ST4-74.fa"	2253394	2253395	"ST4-74.fa_2253394_+"	"CDS"	"+"	2253390	2253396	"SL1344_2137"	"yehU"	"-"	"SL1344_2137"	"yehU"	2252175	2253861	"Left"	100	100	96.08	100	8	8	51	7	100	96.5531034482759	"Constitutive"	"chromosome"	"intragenic"
"ST4-74.fa"	2254519	2254520	"ST4-74.fa_2254519_-"	"CDS"	"-"	2254518	2254524	"SL1344_2138"	"yehV"	"+"	"SL1344_2138"	"yehV"	2254083	2254815	"Left"	50	63.64	85	83.33	2	11	40	6	61.5415384615385	84.7821739130435	"Constitutive"	"chromosome"	"intragenic"
"ST4-74.fa"	2257083	2257084	"ST4-74.fa_2257083_+"	"CDS"	"+"	2257079	2257085	"SL1344_2142"	"yehY"	"-"	"SL1344_2142"	"yehY"	2256617	2257787	"Left"	100	100	97.06	100	5	1	34	6	100	97.501	"Constitutive"	"chromosome"	"intragenic"
"ST4-74.fa"	2260902	2260903	"ST4-74.fa_2260902_-"	"CDS"	"-"	2260901	2260907	"SL1344_2144"	"bglX"	"-"	"SL1344_2144"	"bglX"	2258888	2261186	"Left"	100	91.67	98.31	100	7	12	59	10	94.7389473684211	98.5549275362319	"Constitutive"	"chromosome"	"intragenic"
"ST4-74.fa"	2265268	2265269	"ST4-74.fa_2265268_+"	"CDS"	"+"	2265264	2265270	"SL1344_2148"	"yohD"	"+"	"SL1344_2148"	"yohD"	2265072	2265669	"Left"	NA	75	97.37	100	NA	4	38	4	75	97.6204761904762	"Constitutive"	"chromosome"	"intragenic"
"ST4-74.fa"	2265493	2265494	"ST4-74.fa_2265493_-"	"CDS"	"-"	2265492	2265498	"SL1344_2148"	"yohD"	"+"	"SL1344_2148"	"yohD"	2265072	2265669	"Left"	100	91.67	89.8	100	5	12	49	11	94.12	91.67	"Constitutive"	"chromosome"	"intragenic"
"ST4-74.fa"	2265571	2265572	"ST4-74.fa_2265571_+"	"CDS"	"+"	2265567	2265573	"SL1344_2148"	"yohD"	"+"	"SL1344_2148"	"yohD"	2265072	2265669	"Left"	100	100	100	100	2	7	52	6	100	100	"Constitutive"	"chromosome"	"intragenic"
"ST4-74.fa"	2267772	2267773	"ST4-74.fa_2267772_+"	"CDS"	"+"	2267768	2267774	"SL1344_2150"	"yohG"	"-"	"SL1344_2150"	"yohG"	2266544	2267981	"Left"	100	90	97.56	100	2	10	41	8	91.6666666666667	97.9583673469388	"Constitutive"	"chromosome"	"intragenic"
"ST4-74.fa"	2269262	2269263	"ST4-74.fa_2269262_-"	"CDS"	"-"	2269261	2269267	"SL1344_2151"	"yohI"	"-"	"SL1344_2151"	"yohI"	2268439	2269378	"Left"	100	54.55	95.24	100	3	11	42	5	64.2892857142857	95.7463829787234	"Constitutive"	"chromosome"	"intragenic"
"ST4-74.fa"	2272551	2272552	"ST4-74.fa_2272551_-"	"CDS"	"-"	2272550	2272556	"SL1344_2155"	"STM2178"	"-"	"SL1344_2155"	"STM2178"	2272064	2273102	"Left"	66.67	50	66.67	66.67	3	4	30	6	57.1442857142857	66.67	"Constitutive"	"chromosome"	"intragenic"
"ST4-74.fa"	2272637	2272638	"ST4-74.fa_2272637_-"	"CDS"	"-"	2272636	2272642	"SL1344_2155"	"STM2178"	"-"	"SL1344_2155"	"STM2178"	2272064	2273102	"Left"	75	100	92.86	88.89	4	5	42	9	88.8888888888889	92.1594117647059	"Constitutive"	"chromosome"	"intragenic"
"ST4-74.fa"	2272812	2272813	"ST4-74.fa_2272812_+"	"CDS"	"+"	2272808	2272814	"SL1344_2155"	"STM2178"	"-"	"SL1344_2155"	"STM2178"	2272064	2273102	"Left"	100	100	71.79	75	1	8	39	4	100	72.0886046511628	"Constitutive"	"chromosome"	"intragenic"
"ST4-74.fa"	2276470	2276471	"ST4-74.fa_2276470_+"	"CDS"	"+"	2276466	2276472	"SL1344_2159"	"yohK"	"+"	"SL1344_2159"	"yohK"	2276032	2276728	"Left"	100	100	95.92	100	3	8	49	9	100	96.5531034482759	"Constitutive"	"chromosome"	"intragenic"
"ST4-74.fa"	2277907	2277908	"ST4-74.fa_2277907_-"	"intergenic"	"-"	2277906	2277912	"SL1344_2160"	"cdd"	"++"	"SL1344_2161"	"sanA"	2277766	2277942	"Left"	100	87.5	82.81	90	6	8	64	10	92.8571428571429	83.7816216216216	"Constitutive"	"chromosome"	"intergenic"
"ST4-74.fa"	2279643	2279644	"ST4-74.fa_2279643_+"	"CDS"	"+"	2279639	2279645	"SL1344_2163"	"STM2186"	"+"	"SL1344_2163"	"STM2186"	2279108	2280350	"Left"	100	85.71	70.59	100	1	7	51	7	87.49625	74.1394827586207	"Constitutive"	"chromosome"	"intragenic"
"ST4-74.fa"	2281262	2281263	"ST4-74.fa_2281262_+"	"CDS"	"+"	2281258	2281264	"SL1344_2164"	"yeiA"	"+"	"SL1344_2164"	"yeiA"	2280343	2281579	"Left"	0	100	93.48	100	1	9	46	7	90	94.3411320754717	"Constitutive"	"chromosome"	"intragenic"
"ST4-74.fa"	228167	228168	"ST4-74.fa_228167_-"	"CDS"	"-"	228166	228172	"SL1344_0195"	"fhuB"	"+"	"SL1344_0195"	"fhuB"	227656	229714	"NSR"	100	78.57	97.92	100	7	14	48	10	85.7133333333333	98.2786206896552	"Constitutive"	"chromosome"	"intragenic"
"ST4-74.fa"	228242	228243	"ST4-74.fa_228242_+"	"CDS"	"+"	228238	228244	"SL1344_0195"	"fhuB"	"+"	"SL1344_0195"	"fhuB"	227656	229714	"NSR"	87.5	90.91	80.85	100	8	11	47	6	89.4742105263158	83.0179245283019	"Constitutive"	"chromosome"	"intragenic"
"ST4-74.fa"	2282674	2282675	"ST4-74.fa_2282674_-"	"intergenic"	"-"	2282673	2282679	"SL1344_2165"	"mglC"	"--"	"SL1344_2166"	"mglA"	2282664	2282679	"Left"	40	50	57.14	50	5	4	42	4	44.4444444444444	56.5191304347826	"Constitutive"	"chromosome"	"intergenic"
"ST4-74.fa"	2285129	2285130	"ST4-74.fa_2285129_-"	"CDS"	"-"	2285128	2285134	"SL1344_2167"	"mglB"	"-"	"SL1344_2167"	"mglB"	2284333	2285332	"Left"	100	91.67	95.31	100	7	12	64	11	94.7389473684211	95.9978666666667	"Constitutive"	"chromosome"	"intragenic"
"ST4-74.fa"	2285843	2285844	"ST4-74.fa_2285843_+"	"CDS"	"+"	2285839	2285845	"SL1344_2168"	"galS"	"-"	"SL1344_2168"	"galS"	2285830	2286853	"Left"	50	77.78	97.56	72.73	2	9	41	11	72.7290909090909	92.3075	"Constitutive"	"chromosome"	"intragenic"
"ST4-74.fa"	228608	228609	"ST4-74.fa_228608_+"	"CDS"	"+"	228604	228610	"SL1344_0195"	"fhuB"	"+"	"SL1344_0195"	"fhuB"	227656	229714	"NSR"	88.89	76.92	81.25	87.5	9	13	48	8	81.8168181818182	82.1428571428571	"Constitutive"	"chromosome"	"intragenic"
"ST4-74.fa"	2286443	2286444	"ST4-74.fa_2286443_-"	"CDS"	"-"	2286442	2286448	"SL1344_2168"	"galS"	"-"	"SL1344_2168"	"galS"	2285830	2286853	"Left"	100	77.78	87.04	100	7	9	54	8	87.50125	88.7122580645161	"Constitutive"	"chromosome"	"intragenic"
"ST4-74.fa"	2289812	2289813	"ST4-74.fa_2289812_+"	"CDS"	"+"	2289808	2289814	"SL1344_2171"	"yeiG"	"+"	"SL1344_2171"	"yeiG"	2289157	2290015	"Left"	100	81.82	85.71	71.43	1	11	35	7	83.335	83.33	"Constitutive"	"chromosome"	"intragenic"
"ST4-74.fa"	2289842	2289843	"ST4-74.fa_2289842_+"	"CDS"	"+"	2289838	2289844	"SL1344_2171"	"yeiG"	"+"	"SL1344_2171"	"yeiG"	2289157	2290015	"Left"	100	100	95.24	90	1	12	42	10	100	94.2323076923077	"Constitutive"	"chromosome"	"intragenic"
"ST4-74.fa"	229012	229013	"ST4-74.fa_229012_+"	"CDS"	"+"	229008	229014	"SL1344_0195"	"fhuB"	"+"	"SL1344_0195"	"fhuB"	227656	229714	"NSR"	83.33	60	67.86	100	6	5	28	7	72.7254545454546	74.288	"Constitutive"	"chromosome"	"intragenic"
"ST4-74.fa"	2295678	2295679	"ST4-74.fa_2295678_+"	"CDS"	"+"	2295674	2295680	"SL1344_2176"	"cirA"	"-"	"SL1344_2176"	"cirA"	2294267	2296259	"Left"	100	100	97.37	100	8	11	38	9	100	97.8736170212766	"Constitutive"	"chromosome"	"intragenic"
"ST4-74.fa"	2295954	2295955	"ST4-74.fa_2295954_+"	"CDS"	"+"	2295950	2295956	"SL1344_2176"	"cirA"	"-"	"SL1344_2176"	"cirA"	2294267	2296259	"Left"	100	100	86.49	62.5	5	6	37	8	100	82.2251111111111	"Constitutive"	"chromosome"	"intragenic"
"ST4-74.fa"	2295960	2295961	"ST4-74.fa_2295960_+"	"CDS"	"+"	2295956	2295962	"SL1344_2176"	"cirA"	"-"	"SL1344_2176"	"cirA"	2294267	2296259	"Left"	100	87.5	91.89	100	7	8	37	9	93.3333333333333	93.4767391304348	"Constitutive"	"chromosome"	"intragenic"
"ST4-74.fa"	2297288	2297289	"ST4-74.fa_2297288_+"	"CDS"	"+"	2297284	2297290	"SL1344_2177"	"lysP"	"-"	"SL1344_2177"	"lysP"	2296603	2298073	"Left"	100	100	93.33	87.5	3	10	45	8	100	92.45	"Constitutive"	"chromosome"	"intragenic"
"ST4-74.fa"	2299967	2299968	"ST4-74.fa_2299967_-"	"CDS"	"-"	2299966	2299972	"SL1344_2179"	"yeiH"	"+"	"SL1344_2179"	"yeiH"	2299246	2300296	"Left"	85.71	100	85.37	100	7	6	41	8	92.3053846153846	87.7585714285714	"Constitutive"	"chromosome"	"intragenic"
"ST4-74.fa"	2301888	2301889	"ST4-74.fa_2301888_+"	"CDS"	"+"	2301884	2301890	"SL1344_2181"	"fruA"	"-"	"SL1344_2181"	"fruA"	2301296	2302985	"Left"	66.67	100	97.44	91.67	6	9	39	12	86.668	96.0823529411765	"Constitutive"	"chromosome"	"intragenic"
"ST4-74.fa"	2301939	2301940	"ST4-74.fa_2301939_+"	"CDS"	"+"	2301935	2301941	"SL1344_2181"	"fruA"	"-"	"SL1344_2181"	"fruA"	2301296	2302985	"Left"	100	66.67	73.33	81.82	3	9	30	11	75.0025	75.6078048780488	"Constitutive"	"chromosome"	"intragenic"
"ST4-74.fa"	230318	230319	"ST4-74.fa_230318_-"	"intergenic"	"-"	230317	230323	"SL1344_0195"	"fhuB"	"++"	"SL1344_0196"	"stfA"	229714	230652	"NSR"	33.33	30.77	51.02	63.64	6	13	49	11	31.5784210526316	53.3336666666667	"LSP-specific"	"chromosome"	"intergenic"
"ST4-74.fa"	2304861	2304862	"ST4-74.fa_2304861_-"	"CDS"	"-"	2304860	2304866	"SL1344_2183"	"fruB"	"-"	"SL1344_2183"	"fruB"	2303939	2305070	"Left"	100	77.78	91.67	85.71	4	9	48	7	84.6169230769231	90.9114545454545	"Constitutive"	"chromosome"	"intragenic"
"ST4-74.fa"	2305688	2305689	"ST4-74.fa_2305688_-"	"CDS"	"-"	2305687	2305693	"SL1344_2184"	"setB"	"+"	"SL1344_2184"	"setB"	2305438	2306620	"Left"	100	90	95.83	100	4	10	48	6	92.8571428571429	96.2933333333333	"Constitutive"	"chromosome"	"intragenic"
"ST4-74.fa"	2308204	2308205	"ST4-74.fa_2308204_+"	"intergenic"	"+"	2308200	2308206	"SL1344_2187"	"SL1344_2187"	"-+"	"SL1344_2188"	"yeiP"	2308116	2308439	"Left"	100	75	77.08	100	4	8	48	10	83.3333333333333	81.031724137931	"Constitutive"	"chromosome"	"intergenic"
"ST4-74.fa"	2308734	2308735	"ST4-74.fa_2308734_+"	"CDS"	"+"	2308730	2308736	"SL1344_2188"	"yeiP"	"+"	"SL1344_2188"	"yeiP"	2308439	2309012	"Left"	85.71	87.5	92	100	7	8	50	10	86.6646666666666	93.3333333333333	"Constitutive"	"chromosome"	"intragenic"
"ST4-74.fa"	2309648	2309649	"ST4-74.fa_2309648_+"	"CDS"	"+"	2309644	2309650	"SL1344_2189"	"yeiR"	"+"	"SL1344_2189"	"yeiR"	2309224	2310211	"Left"	50	75	81.58	90	6	8	38	10	64.2857142857143	83.3341666666667	"Constitutive"	"chromosome"	"intragenic"
"ST4-74.fa"	2310580	2310581	"ST4-74.fa_2310580_-"	"CDS"	"-"	2310579	2310585	"SL1344_2190"	"yeiU"	"+"	"SL1344_2190"	"yeiU"	2310240	2310960	"Left"	100	66.67	88.37	100	3	6	43	8	77.78	90.1943137254902	"Constitutive"	"chromosome"	"intragenic"
"ST4-74.fa"	2311596	2311597	"ST4-74.fa_2311596_+"	"CDS"	"+"	2311592	2311598	"SL1344_2191"	"spr"	"+"	"SL1344_2191"	"spr"	2311373	2311946	"Left"	83.33	85.71	88.64	100	6	7	44	16	84.6115384615384	91.6693333333333	"Constitutive"	"chromosome"	"intragenic"
"ST4-74.fa"	231201	231202	"ST4-74.fa_231201_+"	"CDS"	"+"	231197	231203	"SL1344_0196"	"stfA"	"+"	"SL1344_0196"	"stfA"	230652	231213	"NSR"	90.91	88.89	93.75	83.33	11	9	48	6	90.001	92.5922222222222	"Constitutive"	"chromosome"	"intragenic"
"ST4-74.fa"	2313271	2313272	"ST4-74.fa_2313271_-"	"CDS"	"-"	2313270	2313276	"SL1344_2192"	"rtn"	"+"	"SL1344_2192"	"rtn"	2312271	2313828	"Left"	50	71.43	88.1	72.73	2	7	42	11	66.6677777777778	84.91	"Constitutive"	"chromosome"	"intragenic"
"ST4-74.fa"	2315498	2315499	"ST4-74.fa_2315498_-"	"CDS"	"-"	2315497	2315503	"SL1344_2193"	"yejA"	"+"	"SL1344_2193"	"yejA"	2313934	2315740	"Left"	100	88.89	96.72	90.91	4	9	61	11	92.3084615384615	95.8323611111111	"Constitutive"	"chromosome"	"intragenic"
"ST4-74.fa"	2315858	2315859	"ST4-74.fa_2315858_+"	"CDS"	"+"	2315854	2315860	"SL1344_2194"	"yejB"	"+"	"SL1344_2194"	"yejB"	2315749	2316844	"Left"	40	83.33	65.85	66.67	5	6	41	9	63.6345454545455	65.9976	"Constitutive"	"chromosome"	"intragenic"
"ST4-74.fa"	2316131	2316132	"ST4-74.fa_2316131_-"	"CDS"	"-"	2316130	2316136	"SL1344_2194"	"yejB"	"+"	"SL1344_2194"	"yejB"	2315749	2316844	"Left"	100	80	94	83.33	4	10	50	12	85.7142857142857	91.9348387096774	"Constitutive"	"chromosome"	"intragenic"
"ST4-74.fa"	2318402	2318403	"ST4-74.fa_2318402_-"	"CDS"	"-"	2318401	2318407	"SL1344_2196"	"yejF"	"+"	"SL1344_2196"	"yejF"	2317870	2319460	"Left"	100	75	85.29	100	5	8	34	8	84.6153846153846	88.0919047619048	"Constitutive"	"chromosome"	"intragenic"
"ST4-74.fa"	2321087	2321088	"ST4-74.fa_2321087_+"	"CDS"	"+"	2321083	2321089	"SL1344_2198"	"bcr"	"-"	"SL1344_2198"	"bcr"	2320198	2321389	"Left"	50	85.71	81.08	100	6	7	37	4	69.2284615384615	82.9258536585366	"Constitutive"	"chromosome"	"intragenic"
"ST4-74.fa"	2321087	2321088	"ST4-74.fa_2321087_+"	"sRNA"	"+"	2321083	2321089	"STnc1540"	"no"	"-"	"STnc1540"	"no"	2321041	2321137	"Left"	50	85.71	81.08	100	6	7	37	4	69.2284615384615	82.9258536585366	"Constitutive"	"chromosome"	"intragenic"
"ST4-74.fa"	232145	232146	"ST4-74.fa_232145_+"	"CDS"	"+"	232141	232147	"SL1344_0197"	"stfC"	"+"	"SL1344_0197"	"stfC"	231298	233956	"NSR"	100	100	100	88.89	10	14	42	9	100	98.0394117647059	"Constitutive"	"chromosome"	"intragenic"
"ST4-74.fa"	2325220	2325221	"ST4-74.fa_2325220_-"	"CDS"	"-"	2325219	2325225	"SL1344_2203"	"yejK"	"-"	"SL1344_2203"	"yejK"	2325189	2326197	"Left"	100	88.89	96.88	100	4	9	64	12	92.3084615384615	97.3726315789474	"Constitutive"	"chromosome"	"intragenic"
"ST4-74.fa"	2328331	2328332	"ST4-74.fa_2328331_+"	"CDS"	"+"	2328327	2328333	"SL1344_2205"	"yejM"	"+"	"SL1344_2205"	"yejM"	2326635	2328396	"Left"	80	80	62.22	100	5	5	45	4	80	65.3040816326531	"Constitutive"	"chromosome"	"intragenic"
"ST4-74.fa"	2329010	2329011	"ST4-74.fa_2329010_-"	"CDS"	"-"	2329009	2329015	"SL1344_2206"	"STM2230"	"-"	"SL1344_2206"	"STM2230"	2328676	2329147	"Left"	100	88.89	95.12	90	3	9	41	10	91.6675	94.1160784313726	"Constitutive"	"chromosome"	"intragenic"
"ST4-74.fa"	232978	232979	"ST4-74.fa_232978_+"	"CDS"	"+"	232974	232980	"SL1344_0197"	"stfC"	"+"	"SL1344_0197"	"stfC"	231298	233956	"NSR"	91.67	70	86.96	100	12	10	46	6	81.82	88.4646153846154	"Constitutive"	"chromosome"	"intragenic"
"ST4-74.fa"	2331909	2331910	"ST4-74.fa_2331909_-"	"CDS"	"-"	2331908	2331914	"SL1344_2209"	"STM2233"	"-"	"SL1344_2209"	"STM2233"	2331728	2332172	"Left"	100	60	74.42	80	2	5	43	15	71.4285714285714	75.8631034482759	"Constitutive"	"chromosome"	"intragenic"
"ST4-74.fa"	2334414	2334415	"ST4-74.fa_2334414_-"	"CDS"	"-"	2334413	2334419	"SL1344_2212"	"STM2236"	"-"	"SL1344_2212"	"STM2236"	2334381	2334900	"Left"	75	85.71	84.62	100	4	7	39	12	81.8154545454545	88.2388235294118	"Constitutive"	"chromosome"	"intragenic"
"ST4-74.fa"	233711	233712	"ST4-74.fa_233711_-"	"CDS"	"-"	233710	233716	"SL1344_0197"	"stfC"	"+"	"SL1344_0197"	"stfC"	231298	233956	"NSR"	80	75	74.14	92.31	5	12	58	13	76.4705882352941	77.4669014084507	"Constitutive"	"chromosome"	"intragenic"
"ST4-74.fa"	2344580	2344581	"ST4-74.fa_2344580_-"	"CDS"	"-"	2344579	2344585	"SL1344_2222"	"narP"	"+"	"SL1344_2222"	"narP"	2344417	2345065	"Left"	100	75	89.19	90.91	6	8	37	11	85.7142857142857	89.5841666666667	"Constitutive"	"chromosome"	"intragenic"
"ST4-74.fa"	2344709	2344710	"ST4-74.fa_2344709_-"	"CDS"	"-"	2344708	2344714	"SL1344_2222"	"narP"	"+"	"SL1344_2222"	"narP"	2344417	2345065	"Left"	100	87.5	91.43	100	4	8	35	13	91.6666666666667	93.7510416666667	"Constitutive"	"chromosome"	"intragenic"
"ST4-74.fa"	2351489	2351490	"ST4-74.fa_2351489_-"	"CDS"	"-"	2351488	2351494	"SL1344_2225"	"napC"	"-"	"SL1344_2225"	"napC"	2351398	2352001	"Left"	100	50	90.7	100	4	4	43	18	75	93.444262295082	"Constitutive"	"chromosome"	"intragenic"
"ST4-74.fa"	235371	235372	"ST4-74.fa_235371_+"	"CDS"	"+"	235367	235373	"SL1344_0200"	"stfF"	"+"	"SL1344_0200"	"stfF"	235253	235730	"NSR"	75	50	60.47	66.67	8	12	43	6	60	61.2291836734694	"Constitutive"	"chromosome"	"intragenic"
"ST4-74.fa"	2353720	2353721	"ST4-74.fa_2353720_-"	"CDS"	"-"	2353719	2353725	"SL1344_2228"	"napG"	"-"	"SL1344_2228"	"napG"	2353431	2354127	"Left"	100	33.33	85.29	80	4	9	34	10	53.8438461538462	84.0877272727273	"Constitutive"	"chromosome"	"intragenic"
"ST4-74.fa"	2354782	2354783	"ST4-74.fa_2354782_-"	"CDS"	"-"	2354781	2354787	"SL1344_2229"	"napA"	"-"	"SL1344_2229"	"napA"	2354133	2356620	"Left"	85.71	100	91.49	81.82	7	7	47	11	92.855	89.6560344827586	"Constitutive"	"chromosome"	"intragenic"
"ST4-74.fa"	2355058	2355059	"ST4-74.fa_2355058_+"	"CDS"	"+"	2355054	2355060	"SL1344_2229"	"napA"	"-"	"SL1344_2229"	"napA"	2354133	2356620	"Left"	100	100	90.7	77.78	5	8	43	9	100	88.4638461538461	"Constitutive"	"chromosome"	"intragenic"
"ST4-74.fa"	2356725	2356726	"ST4-74.fa_2356725_-"	"CDS"	"-"	2356724	2356730	"SL1344_2230"	"napD"	"-"	"SL1344_2230"	"napD"	2356616	2356880	"Left"	80	57.14	59.09	75	5	7	22	8	66.665	63.3326666666667	"Constitutive"	"chromosome"	"intragenic"
"ST4-74.fa"	2356749	2356750	"ST4-74.fa_2356749_+"	"CDS"	"+"	2356745	2356751	"SL1344_2230"	"napD"	"-"	"SL1344_2230"	"napD"	2356616	2356880	"Left"	83.33	100	86.21	80	6	4	58	15	89.998	84.9339726027397	"Constitutive"	"chromosome"	"intragenic"
"ST4-74.fa"	2358682	2358683	"ST4-74.fa_2358682_-"	"CDS"	"-"	2358681	2358687	"SL1344_2233"	"yojI"	"-"	"SL1344_2233"	"yojI"	2358477	2360121	"Left"	100	87.5	89.36	100	6	8	47	9	92.8571428571429	91.07	"Constitutive"	"chromosome"	"intragenic"
"ST4-74.fa"	2360026	2360027	"ST4-74.fa_2360026_+"	"CDS"	"+"	2360022	2360028	"SL1344_2233"	"yojI"	"-"	"SL1344_2233"	"yojI"	2358477	2360121	"Left"	83.33	91.67	96.61	84.62	6	12	59	13	88.89	94.4451388888889	"Constitutive"	"chromosome"	"intragenic"
"ST4-74.fa"	2360494	2360495	"ST4-74.fa_2360494_+"	"CDS"	"+"	2360490	2360496	"SL1344_2234"	"alkB"	"-"	"SL1344_2234"	"alkB"	2360196	2360847	"Left"	85.71	83.33	86.05	57.14	7	12	43	7	84.2068421052631	82.0026	"Constitutive"	"chromosome"	"intragenic"
"ST4-74.fa"	2363630	2363631	"ST4-74.fa_2363630_-"	"CDS"	"-"	2363629	2363635	"SL1344_2237"	"ompC"	"-"	"SL1344_2237"	"ompC"	2363158	2364127	"Left"	81.82	100	90.2	100	11	13	51	11	91.6675	91.9387096774194	"Constitutive"	"chromosome"	"intragenic"
"ST4-74.fa"	2364086	2364087	"ST4-74.fa_2364086_-"	"CDS"	"-"	2364085	2364091	"SL1344_2237"	"ompC"	"-"	"SL1344_2237"	"ompC"	2363158	2364127	"Left"	100	92.86	97.92	100	6	14	48	9	95.002	98.2484210526316	"Constitutive"	"chromosome"	"intragenic"
"ST4-74.fa"	2365099	2365100	"ST4-74.fa_2365099_-"	"CDS"	"-"	2365098	2365104	"SL1344_2238"	"yojN"	"+"	"SL1344_2238"	"yojN"	2365023	2367693	"Left"	75	85.71	76.19	66.67	8	7	21	6	79.998	74.0744444444444	"Constitutive"	"chromosome"	"intragenic"
"ST4-74.fa"	2365897	2365898	"ST4-74.fa_2365897_-"	"CDS"	"-"	2365896	2365902	"SL1344_2238"	"yojN"	"+"	"SL1344_2238"	"yojN"	2365023	2367693	"Left"	88.89	69.23	66.67	60	9	13	36	10	77.2727272727273	65.22	"Constitutive"	"chromosome"	"intragenic"
"ST4-74.fa"	2366140	2366141	"ST4-74.fa_2366140_+"	"CDS"	"+"	2366136	2366142	"SL1344_2238"	"yojN"	"+"	"SL1344_2238"	"yojN"	2365023	2367693	"Left"	100	100	90.16	66.67	6	6	61	6	100	88.0564179104478	"Constitutive"	"chromosome"	"intragenic"
"ST4-74.fa"	2366163	2366164	"ST4-74.fa_2366163_+"	"CDS"	"+"	2366159	2366165	"SL1344_2238"	"yojN"	"+"	"SL1344_2238"	"yojN"	2365023	2367693	"Left"	75	100	79.59	80	4	4	49	5	87.5	79.627962962963	"Constitutive"	"chromosome"	"intragenic"
"ST4-74.fa"	2366335	2366336	"ST4-74.fa_2366335_+"	"CDS"	"+"	2366331	2366337	"SL1344_2238"	"yojN"	"+"	"SL1344_2238"	"yojN"	2365023	2367693	"Left"	88.89	100	95.08	90	9	8	61	10	94.1182352941177	94.3645070422535	"Constitutive"	"chromosome"	"intragenic"
"ST4-74.fa"	2366515	2366516	"ST4-74.fa_2366515_+"	"CDS"	"+"	2366511	2366517	"SL1344_2238"	"yojN"	"+"	"SL1344_2238"	"yojN"	2365023	2367693	"Left"	80	55.56	89.8	75	5	9	49	8	64.2885714285714	87.7228070175439	"Constitutive"	"chromosome"	"intragenic"
"ST4-74.fa"	2367064	2367065	"ST4-74.fa_2367064_+"	"CDS"	"+"	2367060	2367066	"SL1344_2238"	"yojN"	"+"	"SL1344_2238"	"yojN"	2365023	2367693	"Left"	100	80	95.12	90	5	5	41	10	90	94.1160784313726	"Constitutive"	"chromosome"	"intragenic"
"ST4-74.fa"	2369313	2369314	"ST4-74.fa_2369313_-"	"CDS"	"-"	2369312	2369318	"SL1344_2240"	"rcsC"	"-"	"SL1344_2240"	"rcsC"	2368462	2371309	"Left"	80	100	94.92	100	5	11	59	14	93.75	95.8942465753425	"Constitutive"	"chromosome"	"intragenic"
"ST4-74.fa"	2371136	2371137	"ST4-74.fa_2371136_-"	"CDS"	"-"	2371135	2371141	"SL1344_2240"	"rcsC"	"-"	"SL1344_2240"	"rcsC"	2368462	2371309	"Left"	85.71	85.71	98.21	100	7	14	56	8	85.71	98.43375	"Constitutive"	"chromosome"	"intragenic"
"ST4-74.fa"	2371626	2371627	"ST4-74.fa_2371626_-"	"CDS"	"-"	2371625	2371631	"SL1344_2241"	"gyrA"	"-"	"SL1344_2241"	"gyrA"	2371426	2374063	"Left"	33.33	100	80	66.67	3	7	50	12	79.999	77.42	"Constitutive"	"chromosome"	"intragenic"
"ST4-74.fa"	2371859	2371860	"ST4-74.fa_2371859_+"	"CDS"	"+"	2371855	2371861	"SL1344_2241"	"gyrA"	"-"	"SL1344_2241"	"gyrA"	2371426	2374063	"Left"	33.33	0	45.16	87.5	3	1	31	8	24.9975	53.8451282051282	"LSP-specific"	"chromosome"	"intragenic"
"ST4-74.fa"	2372528	2372529	"ST4-74.fa_2372528_-"	"CDS"	"-"	2372527	2372533	"SL1344_2241"	"gyrA"	"-"	"SL1344_2241"	"gyrA"	2371426	2374063	"Left"	100	90.91	94	92.31	3	11	50	13	92.8578571428571	93.6512698412698	"Constitutive"	"chromosome"	"intragenic"
"ST4-74.fa"	2373245	2373246	"ST4-74.fa_2373245_+"	"CDS"	"+"	2373241	2373247	"SL1344_2241"	"gyrA"	"-"	"SL1344_2241"	"gyrA"	2371426	2374063	"Left"	80	85.71	95.71	92.86	5	7	70	14	83.3308333333333	95.235	"Constitutive"	"chromosome"	"intragenic"
"ST4-74.fa"	2377382	2377383	"ST4-74.fa_2377382_+"	"CDS"	"+"	2377378	2377384	"SL1344_2244"	"STM2275"	"+"	"SL1344_2244"	"STM2275"	2377253	2377949	"Left"	100	87.5	90.57	100	2	8	53	10	90	92.0668253968254	"Constitutive"	"chromosome"	"intragenic"
"ST4-74.fa"	2379320	2379321	"ST4-74.fa_2379320_-"	"CDS"	"-"	2379319	2379325	"SL1344_2246"	"nrdA"	"+"	"SL1344_2246"	"nrdA"	2379115	2381401	"Left"	100	100	82.05	90.91	4	8	39	11	100	83.9992	"Constitutive"	"chromosome"	"intragenic"
"ST4-74.fa"	2379794	2379795	"ST4-74.fa_2379794_-"	"CDS"	"-"	2379793	2379799	"SL1344_2246"	"nrdA"	"+"	"SL1344_2246"	"nrdA"	2379115	2381401	"Left"	100	100	92.59	87.5	5	8	54	8	100	91.9332258064516	"Constitutive"	"chromosome"	"intragenic"
"ST4-74.fa"	2381186	2381187	"ST4-74.fa_2381186_+"	"CDS"	"+"	2381182	2381188	"SL1344_2246"	"nrdA"	"+"	"SL1344_2246"	"nrdA"	2379115	2381401	"Left"	100	90	93.33	91.67	4	10	60	12	92.8571428571429	93.0533333333333	"Constitutive"	"chromosome"	"intragenic"
"ST4-74.fa"	2381550	2381551	"ST4-74.fa_2381550_+"	"CDS"	"+"	2381546	2381552	"SL1344_2247"	"nrdB"	"+"	"SL1344_2247"	"nrdB"	2381513	2382644	"Left"	100	100	96.08	100	3	7	51	11	100	96.7754838709677	"Constitutive"	"chromosome"	"intragenic"
"ST4-74.fa"	2381631	2381632	"ST4-74.fa_2381631_-"	"CDS"	"-"	2381630	2381636	"SL1344_2247"	"nrdB"	"+"	"SL1344_2247"	"nrdB"	2381513	2382644	"Left"	75	80	94.74	100	4	10	57	5	78.5714285714286	95.1641935483871	"Constitutive"	"chromosome"	"intragenic"
"ST4-74.fa"	2382213	2382214	"ST4-74.fa_2382213_-"	"CDS"	"-"	2382212	2382218	"SL1344_2247"	"nrdB"	"+"	"SL1344_2247"	"nrdB"	2381513	2382644	"Left"	100	88.89	87.04	71.43	4	9	54	7	92.3084615384615	85.2486885245902	"Constitutive"	"chromosome"	"intragenic"
"ST4-74.fa"	238446	238447	"ST4-74.fa_238446_+"	"CDS"	"+"	238442	238448	"SL1344_0203"	"hemL"	"-"	"SL1344_0203"	"hemL"	237206	238487	"NSR"	100	100	84.09	100	4	5	44	9	100	86.7916981132075	"Constitutive"	"chromosome"	"intragenic"
"ST4-74.fa"	2386600	2386601	"ST4-74.fa_2386600_+"	"CDS"	"+"	2386596	2386602	"SL1344_2252"	"glpT"	"-"	"SL1344_2252"	"glpT"	2386320	2387679	"Left"	66.67	66.67	55.81	37.5	6	9	43	8	66.67	52.9378431372549	"Constitutive"	"chromosome"	"intragenic"
"ST4-74.fa"	238717	238718	"ST4-74.fa_238717_+"	"CDS"	"+"	238713	238719	"SL1344_0204"	"clcA"	"+"	"SL1344_0204"	"clcA"	238656	240078	"NSR"	50	100	76.19	81.82	4	5	42	11	77.7777777777778	77.3584905660377	"Constitutive"	"chromosome"	"intragenic"
"ST4-74.fa"	2388744	2388745	"ST4-74.fa_2388744_-"	"CDS"	"-"	2388743	2388749	"SL1344_2253"	"glpA"	"+"	"SL1344_2253"	"glpA"	2387951	2389580	"Left"	80	100	91.84	100	5	8	49	5	92.3076923076923	92.5955555555555	"Constitutive"	"chromosome"	"intragenic"
"ST4-74.fa"	2391309	2391310	"ST4-74.fa_2391309_+"	"CDS"	"+"	2391305	2391311	"SL1344_2255"	"glpC"	"+"	"SL1344_2255"	"glpC"	2390825	2392016	"Left"	100	85.71	86.54	100	10	7	52	11	94.1158823529412	88.8901587301587	"Constitutive"	"chromosome"	"intragenic"
"ST4-74.fa"	2391441	2391442	"ST4-74.fa_2391441_-"	"CDS"	"-"	2391440	2391446	"SL1344_2255"	"glpC"	"+"	"SL1344_2255"	"glpC"	2390825	2392016	"Left"	100	100	92.31	80	4	5	39	5	100	90.9111363636364	"Constitutive"	"chromosome"	"intragenic"
"ST4-74.fa"	2392562	2392563	"ST4-74.fa_2392562_+"	"CDS"	"+"	2392558	2392564	"SL1344_2256"	"sseL"	"+"	"SL1344_2256"	"sseL"	2392510	2393464	"Left"	80	66.67	73.81	70	5	6	42	10	72.7290909090909	73.0773076923077	"Constitutive"	"chromosome"	"intragenic"
"ST4-74.fa"	2394275	2394276	"ST4-74.fa_2394275_+"	"CDS"	"+"	2394271	2394277	"SL1344_2258"	"STM2289"	"-"	"SL1344_2258"	"STM2289"	2393755	2394559	"Left"	80	77.78	73.68	69.23	5	9	38	13	78.5728571428571	72.5456862745098	"Constitutive"	"chromosome"	"intragenic"
"ST4-74.fa"	2396794	2396795	"ST4-74.fa_2396794_-"	"CDS"	"-"	2396793	2396799	"SL1344_2260"	"yfaW"	"-"	"SL1344_2260"	"yfaW"	2395929	2397147	"Left"	100	87.5	88.1	100	6	8	42	7	92.8571428571429	89.8	"Constitutive"	"chromosome"	"intragenic"
"ST4-74.fa"	240319	240320	"ST4-74.fa_240319_+"	"CDS"	"+"	240315	240321	"SL1344_0205"	"yadR"	"+"	"SL1344_0205"	"yadR"	240159	240504	"NSR"	100	85.71	88.71	72.73	5	14	62	11	89.4705263157895	86.3020547945205	"Constitutive"	"chromosome"	"intragenic"
"ST4-74.fa"	2403267	2403268	"ST4-74.fa_2403267_-"	"CDS"	"-"	2403266	2403272	"SL1344_2267"	"pmrF"	"+"	"SL1344_2267"	"pmrF"	2402828	2403812	"Left"	83.33	88.89	88.68	77.78	6	9	53	9	86.666	87.0977419354839	"Constitutive"	"chromosome"	"intragenic"
"ST4-74.fa"	2405159	2405160	"ST4-74.fa_2405159_-"	"CDS"	"-"	2405158	2405164	"SL1344_2268"	"yfbG"	"+"	"SL1344_2268"	"yfbG"	2403808	2405791	"Left"	100	100	95.83	100	4	10	48	7	100	96.3607272727273	"Constitutive"	"chromosome"	"intragenic"
"ST4-74.fa"	2409791	2409792	"ST4-74.fa_2409791_+"	"CDS"	"+"	2409787	2409793	"SL1344_2274"	"menE"	"-"	"SL1344_2274"	"menE"	2409388	2410756	"Left"	100	100	96.3	100	7	10	54	9	100	96.8285714285714	"Constitutive"	"chromosome"	"intragenic"
"ST4-74.fa"	2409861	2409862	"ST4-74.fa_2409861_-"	"CDS"	"-"	2409860	2409866	"SL1344_2274"	"menE"	"-"	"SL1344_2274"	"menE"	2409388	2410756	"Left"	100	57.14	70	85.71	2	7	40	7	66.6644444444444	72.3397872340425	"Constitutive"	"chromosome"	"intragenic"
"ST4-74.fa"	2413825	2413826	"ST4-74.fa_2413825_+"	"CDS"	"+"	2413821	2413827	"SL1344_2278"	"menD"	"-"	"SL1344_2278"	"menD"	2413341	2415012	"Left"	100	92.86	88	66.67	6	14	50	9	95.002	84.7462711864407	"Constitutive"	"chromosome"	"intragenic"
"ST4-74.fa"	2418578	2418579	"ST4-74.fa_2418578_+"	"CDS"	"+"	2418574	2418580	"SL1344_2283"	"STM2314"	"+"	"SL1344_2283"	"STM2314"	2418358	2419360	"Left"	83.33	78.57	93.62	70	6	14	47	10	79.998	89.4761403508772	"Constitutive"	"chromosome"	"intragenic"
"ST4-74.fa"	2418647	2418648	"ST4-74.fa_2418647_-"	"CDS"	"-"	2418646	2418652	"SL1344_2283"	"STM2314"	"+"	"SL1344_2283"	"STM2314"	2418358	2419360	"Left"	100	44.44	73.68	91.67	7	9	38	12	68.7475	77.9976	"Constitutive"	"chromosome"	"intragenic"
"ST4-74.fa"	2419337	2419338	"ST4-74.fa_2419337_-"	"CDS"	"-"	2419336	2419342	"SL1344_2283"	"STM2314"	"+"	"SL1344_2283"	"STM2314"	2418358	2419360	"Left"	60	16.67	58.62	0	5	6	29	3	36.3654545454545	53.124375	"Constitutive"	"chromosome"	"intragenic"
"ST4-74.fa"	2419342	2419343	"ST4-74.fa_2419342_+"	"CDS"	"+"	2419338	2419344	"SL1344_2283"	"STM2314"	"+"	"SL1344_2283"	"STM2314"	2418358	2419360	"Left"	100	54.55	57.14	75	3	11	28	4	64.2892857142857	59.3725	"Constitutive"	"chromosome"	"intragenic"
"ST4-74.fa"	242154	242155	"ST4-74.fa_242154_-"	"CDS"	"-"	242153	242159	"SL1344_0208"	"mtn"	"-"	"SL1344_0208"	"mtn"	242057	242756	"NSR"	100	92.86	88.1	85.71	2	14	42	7	93.7525	87.7585714285714	"Constitutive"	"chromosome"	"intragenic"
"ST4-74.fa"	2422154	2422155	"ST4-74.fa_2422154_+"	"CDS"	"+"	2422150	2422156	"SL1344_2285"	"nuoN"	"-"	"SL1344_2285"	"nuoN"	2422069	2423527	"Left"	66.67	93.33	90.91	100	3	15	22	6	88.8866666666667	92.8578571428571	"Constitutive"	"chromosome"	"intragenic"
"ST4-74.fa"	2423126	2423127	"ST4-74.fa_2423126_+"	"CDS"	"+"	2423122	2423128	"SL1344_2285"	"nuoN"	"-"	"SL1344_2285"	"nuoN"	2422069	2423527	"Left"	60	92.31	83.33	100	5	13	36	6	83.335	85.7114285714286	"Constitutive"	"chromosome"	"intragenic"
"ST4-74.fa"	2423483	2423484	"ST4-74.fa_2423483_+"	"CDS"	"+"	2423479	2423485	"SL1344_2285"	"nuoN"	"-"	"SL1344_2285"	"nuoN"	2422069	2423527	"Left"	100	84.62	97.67	100	4	13	43	6	88.2388235294118	97.955306122449	"Constitutive"	"chromosome"	"intragenic"
"ST4-74.fa"	242382	242383	"ST4-74.fa_242382_+"	"CDS"	"+"	242378	242384	"SL1344_0208"	"mtn"	"-"	"SL1344_0208"	"mtn"	242057	242756	"NSR"	100	90.91	76.6	80	6	11	47	10	94.1182352941177	77.1964912280702	"Constitutive"	"chromosome"	"intragenic"
"ST4-74.fa"	2424083	2424084	"ST4-74.fa_2424083_+"	"CDS"	"+"	2424079	2424085	"SL1344_2286"	"nuoM"	"-"	"SL1344_2286"	"nuoM"	2423533	2425063	"Left"	100	100	89.13	100	3	14	46	10	100	91.0710714285714	"Constitutive"	"chromosome"	"intragenic"
"ST4-74.fa"	2424605	2424606	"ST4-74.fa_2424605_+"	"CDS"	"+"	2424601	2424607	"SL1344_2286"	"nuoM"	"-"	"SL1344_2286"	"nuoM"	2423533	2425063	"Left"	100	100	93.48	100	2	14	46	12	100	94.8289655172414	"Constitutive"	"chromosome"	"intragenic"
"ST4-74.fa"	2426424	2426425	"ST4-74.fa_2426424_+"	"CDS"	"+"	2426420	2426426	"SL1344_2287"	"nuoL"	"-"	"SL1344_2287"	"nuoL"	2425376	2427218	"Left"	100	91.67	80.49	72.73	4	12	41	11	93.7525	78.8484615384615	"Constitutive"	"chromosome"	"intragenic"
"ST4-74.fa"	2426463	2426464	"ST4-74.fa_2426463_+"	"CDS"	"+"	2426459	2426465	"SL1344_2287"	"nuoL"	"-"	"SL1344_2287"	"nuoL"	2425376	2427218	"Left"	100	83.33	93.18	62.5	4	12	44	8	87.4975	88.46	"Constitutive"	"chromosome"	"intragenic"
"ST4-74.fa"	2426925	2426926	"ST4-74.fa_2426925_+"	"CDS"	"+"	2426921	2426927	"SL1344_2287"	"nuoL"	"-"	"SL1344_2287"	"nuoL"	2425376	2427218	"Left"	80	100	93.48	90	5	15	46	10	95	92.8585714285714	"Constitutive"	"chromosome"	"intragenic"
"ST4-74.fa"	2427494	2427495	"ST4-74.fa_2427494_+"	"CDS"	"+"	2427490	2427496	"SL1344_2288"	"nuoK"	"-"	"SL1344_2288"	"nuoK"	2427214	2427517	"Left"	40	83.33	80	87.5	5	12	40	8	70.5858823529412	81.25	"Constitutive"	"chromosome"	"intragenic"
"ST4-74.fa"	2430975	2430976	"ST4-74.fa_2430975_-"	"CDS"	"-"	2430974	2430980	"SL1344_2292"	"nuoG"	"-"	"SL1344_2292"	"nuoG"	2429609	2432336	"Left"	100	80	46.88	40	3	10	32	5	84.6153846153846	45.9502702702703	"Constitutive"	"chromosome"	"intragenic"
"ST4-74.fa"	2434462	2434463	"ST4-74.fa_2434462_+"	"CDS"	"+"	2434458	2434464	"SL1344_2295"	"nuoC"	"-"	"SL1344_2295"	"nuoC"	2434203	2436006	"Left"	100	100	89.19	81.82	5	15	37	11	100	87.5010416666667	"Constitutive"	"chromosome"	"intragenic"
"ST4-74.fa"	2436186	2436187	"ST4-74.fa_2436186_-"	"CDS"	"-"	2436185	2436191	"SL1344_2296"	"nuoB"	"-"	"SL1344_2296"	"nuoB"	2436092	2436755	"Left"	NA	100	93.75	77.78	NA	9	48	9	100	91.2284210526316	"Constitutive"	"chromosome"	"intragenic"
"ST4-74.fa"	243831	243832	"ST4-74.fa_243831_+"	"CDS"	"+"	243827	243833	"SL1344_0209"	"dgt"	"+"	"SL1344_0209"	"dgt"	243050	244358	"NSR"	87.5	88.89	87.76	80	8	9	49	10	88.2358823529412	86.4447457627119	"Constitutive"	"chromosome"	"intragenic"
"ST4-74.fa"	2438966	2438967	"ST4-74.fa_2438966_-"	"intergenic"	"-"	2438965	2438971	"SL1344_2299"	"lrhA"	"-+"	"SL1344_2300"	"yfbQ"	2438779	2439710	"Left"	50	87.5	85.11	70	2	8	47	10	80	82.4591228070176	"Constitutive"	"chromosome"	"intergenic"
"ST4-74.fa"	2440029	2440030	"ST4-74.fa_2440029_-"	"CDS"	"-"	2440028	2440034	"SL1344_2300"	"yfbQ"	"+"	"SL1344_2300"	"yfbQ"	2439710	2440925	"Left"	100	88.89	95	100	2	9	60	10	90.91	95.7142857142857	"Constitutive"	"chromosome"	"intragenic"
"ST4-74.fa"	2440393	2440394	"ST4-74.fa_2440393_-"	"CDS"	"-"	2440392	2440398	"SL1344_2300"	"yfbQ"	"+"	"SL1344_2300"	"yfbQ"	2439710	2440925	"Left"	50	100	85.71	100	2	7	49	7	88.8888888888889	87.49625	"Constitutive"	"chromosome"	"intragenic"
"ST4-74.fa"	244061	244062	"ST4-74.fa_244061_+"	"CDS"	"+"	244057	244063	"SL1344_0209"	"dgt"	"+"	"SL1344_0209"	"dgt"	243050	244358	"NSR"	66.67	66.67	79.59	100	9	6	49	8	66.67	82.4545614035088	"Constitutive"	"chromosome"	"intragenic"
"ST4-74.fa"	2442583	2442584	"ST4-74.fa_2442583_-"	"CDS"	"-"	2442582	2442588	"SL1344_2302"	"yfbS"	"-"	"SL1344_2302"	"yfbS"	2441709	2443536	"Left"	100	100	100	90	3	10	50	10	100	98.3333333333333	"Constitutive"	"chromosome"	"intragenic"
"ST4-74.fa"	2443614	2443615	"ST4-74.fa_2443614_+"	"CDS"	"+"	2443610	2443616	"SL1344_2303"	"yfbT"	"-"	"SL1344_2303"	"yfbT"	2443612	2444290	"Left"	100	90.91	91.3	88.89	8	11	46	9	94.7373684210526	90.9056363636364	"Constitutive"	"chromosome"	"intragenic"
"ST4-74.fa"	2443614	2443615	"ST4-74.fa_2443614_+"	"intergenic"	"+"	2443610	2443616	"SL1344_2302"	"yfbS"	"--"	"SL1344_2303"	"yfbT"	2443536	2443612	"Left"	100	90.91	91.3	88.89	8	11	46	9	94.7373684210526	90.9056363636364	"Constitutive"	"chromosome"	"intergenic"
"ST4-74.fa"	2446447	2446448	"ST4-74.fa_2446447_+"	"CDS"	"+"	2446443	2446449	"SL1344_2306"	"ackA"	"+"	"SL1344_2306"	"ackA"	2445654	2446857	"Left"	71.43	80	88.89	71.43	7	10	45	7	76.4711764705882	86.5396153846154	"Constitutive"	"chromosome"	"intragenic"
"ST4-74.fa"	2446952	2446953	"ST4-74.fa_2446952_-"	"CDS"	"-"	2446951	2446957	"SL1344_2307"	"pta"	"+"	"SL1344_2307"	"pta"	2446933	2449078	"Left"	50	100	98.25	100	2	7	57	9	88.8888888888889	98.4886363636364	"Constitutive"	"chromosome"	"intragenic"
"ST4-74.fa"	2448947	2448948	"ST4-74.fa_2448947_-"	"CDS"	"-"	2448946	2448952	"SL1344_2307"	"pta"	"+"	"SL1344_2307"	"pta"	2446933	2449078	"Left"	100	100	92.86	100	2	4	56	6	100	93.5509677419355	"Constitutive"	"chromosome"	"intragenic"
"ST4-74.fa"	2451528	2451529	"ST4-74.fa_2451528_-"	"CDS"	"-"	2451527	2451533	"SL1344_2309"	"STM2340"	"-"	"SL1344_2309"	"STM2340"	2450864	2451818	"Left"	100	100	94.64	100	4	5	56	7	100	95.2355555555556	"Constitutive"	"chromosome"	"intragenic"
"ST4-74.fa"	245229	245230	"ST4-74.fa_245229_-"	"CDS"	"-"	245228	245234	"SL1344_0210"	"htrA"	"+"	"SL1344_0210"	"htrA"	244487	245915	"NSR"	0	76.92	77.27	87.5	3	13	44	8	62.4975	78.8438461538461	"Constitutive"	"chromosome"	"intragenic"
"ST4-74.fa"	2453319	2453320	"ST4-74.fa_2453319_+"	"CDS"	"+"	2453315	2453321	"SL1344_2311"	"STM2342"	"-"	"SL1344_2311"	"STM2342"	2452637	2454029	"Left"	85.71	60	82.09	91.67	7	10	67	12	70.5864705882353	83.5451898734177	"Constitutive"	"chromosome"	"intragenic"
"ST4-74.fa"	2453562	2453563	"ST4-74.fa_2453562_+"	"CDS"	"+"	2453558	2453564	"SL1344_2311"	"STM2342"	"-"	"SL1344_2311"	"STM2342"	2452637	2454029	"Left"	0	50	41.03	75	2	4	39	4	33.3333333333333	44.19	"LSP-specific"	"chromosome"	"intragenic"
"ST4-74.fa"	245522	245523	"ST4-74.fa_245522_+"	"CDS"	"+"	245518	245524	"SL1344_0210"	"htrA"	"+"	"SL1344_0210"	"htrA"	244487	245915	"NSR"	57.14	87.5	93.62	66.67	7	16	47	9	78.26	89.28875	"Constitutive"	"chromosome"	"intragenic"
"ST4-74.fa"	2457050	2457051	"ST4-74.fa_2457050_-"	"CDS"	"-"	2457049	2457055	"SL1344_2316"	"yfcE"	"-"	"SL1344_2316"	"yfcE"	2456734	2457286	"Left"	100	100	81.13	85.71	5	8	53	7	100	81.6643333333333	"Constitutive"	"chromosome"	"intragenic"
"ST4-74.fa"	24628	24629	"ST4-74.fa_24628_+"	"CDS"	"+"	24624	24630	"SL1344_0021"	"bcfA"	"+"	"SL1344_0021"	"bcfA"	24468	25011	"NSR"	87.5	90.48	90.38	100	8	21	52	7	89.6579310344828	91.5213559322034	"Constitutive"	"chromosome"	"intragenic"
"ST4-74.fa"	2464349	2464350	"ST4-74.fa_2464349_-"	"CDS"	"-"	2464348	2464354	"SL1344_2325"	"ubiX"	"-"	"SL1344_2325"	"ubiX"	2464297	2464867	"Left"	100	83.33	77.78	100	5	12	45	10	88.2329411764706	81.82	"Constitutive"	"chromosome"	"intragenic"
"ST4-74.fa"	2465197	2465198	"ST4-74.fa_2465197_+"	"CDS"	"+"	2465193	2465199	"SL1344_2326"	"STM2357"	"-"	"SL1344_2326"	"STM2357"	2464893	2466300	"Left"	60	50	53.06	50	5	10	49	6	53.3333333333333	52.7261818181818	"Constitutive"	"chromosome"	"intragenic"
"ST4-74.fa"	2469713	2469714	"ST4-74.fa_2469713_-"	"CDS"	"-"	2469712	2469718	"SL1344_2329"	"STM2360"	"-"	"SL1344_2329"	"STM2360"	2468980	2470378	"Left"	50	88.89	76.6	88.89	2	9	47	9	81.8190909090909	78.5751785714286	"Constitutive"	"chromosome"	"intragenic"
"ST4-74.fa"	2470025	2470026	"ST4-74.fa_2470025_-"	"CDS"	"-"	2470024	2470030	"SL1344_2329"	"STM2360"	"-"	"SL1344_2329"	"STM2360"	2468980	2470378	"Left"	100	90	92.45	90	5	10	53	10	93.3333333333333	92.0611111111111	"Constitutive"	"chromosome"	"intragenic"
"ST4-74.fa"	2471655	2471656	"ST4-74.fa_2471655_-"	"CDS"	"-"	2471654	2471660	"SL1344_2330"	"STM2361"	"+"	"SL1344_2330"	"STM2361"	2470588	2472016	"Left"	83.33	85.71	78.95	87.5	6	7	38	8	84.6115384615384	80.4369565217391	"Constitutive"	"chromosome"	"intragenic"
"ST4-74.fa"	2472241	2472242	"ST4-74.fa_2472241_+"	"CDS"	"+"	2472237	2472243	"SL1344_2331"	"purF"	"-"	"SL1344_2331"	"purF"	2472051	2473569	"Left"	100	88.89	96.15	85.71	8	9	52	7	94.1182352941177	94.9113559322034	"Constitutive"	"chromosome"	"intragenic"
"ST4-74.fa"	2472322	2472323	"ST4-74.fa_2472322_+"	"CDS"	"+"	2472318	2472324	"SL1344_2331"	"purF"	"-"	"SL1344_2331"	"purF"	2472051	2473569	"Left"	100	100	100	90	9	10	61	10	100	98.5915492957746	"Constitutive"	"chromosome"	"intragenic"
"ST4-74.fa"	247354	247355	"ST4-74.fa_247354_-"	"CDS"	"-"	247353	247359	"SL1344_0212"	"yaeH"	"-"	"SL1344_0212"	"yaeH"	247313	247700	"NSR"	33.33	72.22	45.65	50	3	18	46	6	66.6642857142857	46.1519230769231	"Constitutive"	"chromosome"	"intragenic"
"ST4-74.fa"	2474036	2474037	"ST4-74.fa_2474036_+"	"CDS"	"+"	2474032	2474038	"SL1344_2332"	"cvpA"	"-"	"SL1344_2332"	"cvpA"	2473606	2474095	"Left"	87.5	88.89	88.64	75	8	9	44	8	88.2358823529412	86.5415384615385	"Constitutive"	"chromosome"	"intragenic"
"ST4-74.fa"	2476421	2476422	"ST4-74.fa_2476421_-"	"CDS"	"-"	2476420	2476426	"SL1344_2335"	"accD"	"-"	"SL1344_2335"	"accD"	2476405	2477320	"Left"	71.43	80	85.71	100	7	10	42	7	76.4711764705882	87.7514285714286	"Constitutive"	"chromosome"	"intragenic"
"ST4-74.fa"	2476568	2476569	"ST4-74.fa_2476568_+"	"CDS"	"+"	2476564	2476570	"SL1344_2335"	"accD"	"-"	"SL1344_2335"	"accD"	2476405	2477320	"Left"	83.33	100	89.36	80	6	9	47	10	93.332	87.7178947368421	"Constitutive"	"chromosome"	"intragenic"
"ST4-74.fa"	2477893	2477894	"ST4-74.fa_2477893_+"	"CDS"	"+"	2477889	2477895	"SL1344_2336"	"dedA"	"-"	"SL1344_2336"	"dedA"	2477469	2478129	"Left"	77.78	50	83.33	100	9	8	36	9	64.7070588235294	86.664	"Constitutive"	"chromosome"	"intragenic"
"ST4-74.fa"	2478121	2478122	"ST4-74.fa_2478121_+"	"CDS"	"+"	2478117	2478123	"SL1344_2336"	"dedA"	"-"	"SL1344_2336"	"dedA"	2477469	2478129	"Left"	100	88.89	80.49	87.5	9	9	41	8	94.445	81.6344897959184	"Constitutive"	"chromosome"	"intragenic"
"ST4-74.fa"	2479563	2479564	"ST4-74.fa_2479563_-"	"CDS"	"-"	2479562	2479568	"SL1344_2338"	"usg"	"-"	"SL1344_2338"	"usg"	2478989	2480003	"Left"	66.67	85.71	95.92	60	6	7	49	5	76.9223076923077	92.5940740740741	"Constitutive"	"chromosome"	"intragenic"
"ST4-74.fa"	2480629	2480630	"ST4-74.fa_2480629_+"	"CDS"	"+"	2480625	2480631	"SL1344_2339"	"pdxB"	"-"	"SL1344_2339"	"pdxB"	2480070	2481207	"Left"	100	100	96.43	91.67	3	10	56	12	100	95.59	"Constitutive"	"chromosome"	"intragenic"
"ST4-74.fa"	2481422	2481423	"ST4-74.fa_2481422_-"	"CDS"	"-"	2481421	2481427	"SL1344_2340"	"div"	"+"	"SL1344_2340"	"div"	2481310	2482312	"Left"	100	70	80.95	100	2	10	42	3	75	82.22	"Constitutive"	"chromosome"	"intragenic"
"ST4-74.fa"	2487632	2487633	"ST4-74.fa_2487632_+"	"intergenic"	"+"	2487628	2487634	"SL1344_2347"	"fabB"	"-+"	"SL1344_2348"	"mnmC"	2487552	2487651	"Left"	100	40	90.48	66.67	2	5	21	3	57.1428571428571	87.50375	"Constitutive"	"chromosome"	"intergenic"
"ST4-74.fa"	2488603	2488604	"ST4-74.fa_2488603_+"	"CDS"	"+"	2488599	2488605	"SL1344_2348"	"mnmC"	"+"	"SL1344_2348"	"mnmC"	2487651	2489712	"Left"	100	100	85.29	100	1	9	34	3	100	86.4827027027027	"Constitutive"	"chromosome"	"intragenic"
"ST4-74.fa"	2489119	2489120	"ST4-74.fa_2489119_+"	"CDS"	"+"	2489115	2489121	"SL1344_2348"	"mnmC"	"+"	"SL1344_2348"	"mnmC"	2487651	2489712	"Left"	100	100	95.83	83.33	1	7	48	6	100	94.4411111111111	"Constitutive"	"chromosome"	"intragenic"
"ST4-74.fa"	2489314	2489315	"ST4-74.fa_2489314_+"	"CDS"	"+"	2489310	2489316	"SL1344_2348"	"mnmC"	"+"	"SL1344_2348"	"mnmC"	2487651	2489712	"Left"	100	85.71	60	40	2	7	35	5	88.8855555555555	57.5	"Constitutive"	"chromosome"	"intragenic"
"ST4-74.fa"	2489815	2489816	"ST4-74.fa_2489815_-"	"CDS"	"-"	2489814	2489820	"SL1344_2349"	"yfcL"	"-"	"SL1344_2349"	"yfcL"	2489763	2490039	"Left"	100	90.91	94.44	100	7	11	54	10	94.445	95.30875	"Constitutive"	"chromosome"	"intragenic"
"ST4-74.fa"	2491765	2491766	"ST4-74.fa_2491765_+"	"CDS"	"+"	2491761	2491767	"SL1344_2352"	"mepA"	"-"	"SL1344_2352"	"mepA"	2491428	2492253	"Left"	100	100	93.88	100	3	11	49	5	100	94.4466666666667	"Constitutive"	"chromosome"	"intragenic"
"ST4-74.fa"	2492059	2492060	"ST4-74.fa_2492059_-"	"CDS"	"-"	2492058	2492064	"SL1344_2352"	"mepA"	"-"	"SL1344_2352"	"mepA"	2491428	2492253	"Left"	100	83.33	82	100	7	12	50	7	89.4715789473684	84.2105263157895	"Constitutive"	"chromosome"	"intragenic"
"ST4-74.fa"	2493073	2493074	"ST4-74.fa_2493073_-"	"CDS"	"-"	2493072	2493078	"SL1344_2353"	"aroC"	"-"	"SL1344_2353"	"aroC"	2492256	2493342	"Left"	83.33	90	88.1	100	6	10	42	6	87.49875	89.5875	"Constitutive"	"chromosome"	"intragenic"
"ST4-74.fa"	2494460	2494461	"ST4-74.fa_2494460_+"	"intergenic"	"+"	2494456	2494462	"SL1344_2354"	"yfcB"	"-+"	"SL1344_2355"	"yfcN"	2494310	2494475	"Left"	100	75	57.78	62.5	1	12	45	8	76.9230769230769	58.4924528301887	"Constitutive"	"chromosome"	"intergenic"
"ST4-74.fa"	2495058	2495059	"ST4-74.fa_2495058_-"	"intergenic"	"-"	2495057	2495063	"SL1344_2355"	"yfcN"	"+-"	"SL1344_2356"	"sixA"	2495027	2495126	"Left"	100	100	91.43	66.67	6	11	35	6	100	87.8065853658537	"Constitutive"	"chromosome"	"intergenic"
"ST4-74.fa"	2499316	2499317	"ST4-74.fa_2499316_-"	"intergenic"	"-"	2499315	2499321	"SL1344_2358"	"fadI"	"--"	"SL1344_2359"	"yfcZ"	2499278	2499455	"Left"	87.5	85.71	85.45	100	8	14	55	6	86.3609090909091	86.8811475409836	"Constitutive"	"chromosome"	"intergenic"
"ST4-74.fa"	2499480	2499481	"ST4-74.fa_2499480_+"	"CDS"	"+"	2499476	2499482	"SL1344_2359"	"yfcZ"	"-"	"SL1344_2359"	"yfcZ"	2499455	2499740	"Left"	100	66.67	90.91	75	5	9	44	8	78.5735714285714	88.4623076923077	"Constitutive"	"chromosome"	"intragenic"
"ST4-74.fa"	2508467	2508468	"ST4-74.fa_2508467_-"	"CDS"	"-"	2508466	2508472	"SL1344_2366"	"pgtC"	"-"	"SL1344_2366"	"pgtC"	2508216	2509410	"Left"	100	77.78	91.23	83.33	6	9	57	12	86.668	89.8560869565218	"Constitutive"	"chromosome"	"intragenic"
"ST4-74.fa"	2508517	2508518	"ST4-74.fa_2508517_+"	"CDS"	"+"	2508513	2508519	"SL1344_2366"	"pgtC"	"-"	"SL1344_2366"	"pgtC"	2508216	2509410	"Left"	100	90	80.43	100	6	10	46	6	93.75	82.6880769230769	"Constitutive"	"chromosome"	"intragenic"
"ST4-74.fa"	2509222	2509223	"ST4-74.fa_2509222_+"	"CDS"	"+"	2509218	2509224	"SL1344_2366"	"pgtC"	"-"	"SL1344_2366"	"pgtC"	2508216	2509410	"Left"	100	87.5	77.78	100	4	8	27	6	91.6666666666667	81.82	"Constitutive"	"chromosome"	"intragenic"
"ST4-74.fa"	2510863	2510864	"ST4-74.fa_2510863_-"	"CDS"	"-"	2510862	2510868	"SL1344_2367"	"pgtP"	"+"	"SL1344_2367"	"pgtP"	2509845	2511237	"Left"	100	83.33	91.04	80	4	6	67	10	89.998	89.6062337662338	"Constitutive"	"chromosome"	"intragenic"
"ST4-74.fa"	2512508	2512509	"ST4-74.fa_2512508_-"	"CDS"	"-"	2512507	2512513	"SL1344_2369"	"lpxP"	"+"	"SL1344_2369"	"lpxP"	2512276	2513197	"Left"	85.71	100	80	100	7	7	45	7	92.855	82.6923076923077	"Constitutive"	"chromosome"	"intragenic"
"ST4-74.fa"	251288	251289	"ST4-74.fa_251288_+"	"CDS"	"+"	251284	251290	"SL1344_0215"	"glnD"	"-"	"SL1344_0215"	"glnD"	250138	252811	"NSR"	100	63.64	63.64	60	2	11	33	5	69.2338461538461	63.1610526315789	"Constitutive"	"chromosome"	"intragenic"
"ST4-74.fa"	251294	251295	"ST4-74.fa_251294_+"	"CDS"	"+"	251290	251296	"SL1344_0215"	"glnD"	"-"	"SL1344_0215"	"glnD"	250138	252811	"NSR"	75	77.78	80.95	100	4	9	42	3	76.9246153846154	82.22	"Constitutive"	"chromosome"	"intragenic"
"ST4-74.fa"	2514081	2514082	"ST4-74.fa_2514081_-"	"CDS"	"-"	2514080	2514086	"SL1344_2370"	"yfdZ"	"-"	"SL1344_2370"	"yfdZ"	2513720	2514959	"Left"	57.14	80	60.98	87.5	7	5	41	8	66.665	65.3097959183673	"Constitutive"	"chromosome"	"intragenic"
"ST4-74.fa"	2521855	2521856	"ST4-74.fa_2521855_-"	"CDS"	"-"	2521854	2521860	"SL1344_2376"	"mntH"	"-"	"SL1344_2376"	"mntH"	2521434	2522676	"Left"	90	77.78	96.83	100	10	9	63	9	84.2115789473684	97.22625	"Constitutive"	"chromosome"	"intragenic"
"ST4-74.fa"	2522311	2522312	"ST4-74.fa_2522311_+"	"CDS"	"+"	2522307	2522313	"SL1344_2376"	"mntH"	"-"	"SL1344_2376"	"mntH"	2521434	2522676	"Left"	100	100	88.89	88.89	5	8	54	9	100	88.89	"Constitutive"	"chromosome"	"intragenic"
"ST4-74.fa"	252308	252309	"ST4-74.fa_252308_+"	"CDS"	"+"	252304	252310	"SL1344_0215"	"glnD"	"-"	"SL1344_0215"	"glnD"	250138	252811	"NSR"	100	100	92.73	57.14	5	15	55	7	100	88.7117741935484	"Constitutive"	"chromosome"	"intragenic"
"ST4-74.fa"	2523445	2523446	"ST4-74.fa_2523445_-"	"CDS"	"-"	2523444	2523450	"SL1344_2377"	"nupC"	"+"	"SL1344_2377"	"nupC"	2523018	2524221	"Left"	88.89	100	92.73	100	9	7	55	6	93.750625	93.4450819672131	"Constitutive"	"chromosome"	"intragenic"
"ST4-74.fa"	2523649	2523650	"ST4-74.fa_2523649_-"	"CDS"	"-"	2523648	2523654	"SL1344_2377"	"nupC"	"+"	"SL1344_2377"	"nupC"	2523018	2524221	"Left"	66.67	87.5	83.33	100	9	8	42	5	76.4723529411765	85.1034042553191	"Constitutive"	"chromosome"	"intragenic"
"ST4-74.fa"	2523787	2523788	"ST4-74.fa_2523787_-"	"CDS"	"-"	2523786	2523792	"SL1344_2377"	"nupC"	"+"	"SL1344_2377"	"nupC"	2523018	2524221	"Left"	100	80	94.83	90.91	11	10	58	11	90.4761904761905	94.2050724637681	"Constitutive"	"chromosome"	"intragenic"
"ST4-74.fa"	2523805	2523806	"ST4-74.fa_2523805_-"	"CDS"	"-"	2523804	2523810	"SL1344_2377"	"nupC"	"+"	"SL1344_2377"	"nupC"	2523018	2524221	"Left"	100	90	100	91.67	13	10	55	12	95.6521739130435	98.5080597014925	"Constitutive"	"chromosome"	"intragenic"
"ST4-74.fa"	2526591	2526592	"ST4-74.fa_2526591_+"	"intergenic"	"+"	2526587	2526593	"SL1344_2378"	"yfeA"	"--"	"SL1344_tRNA_38"	"no"	2526463	2526656	"Left"	100	44.44	66.67	77.78	4	9	42	9	61.5353846153846	68.6305882352941	"Constitutive"	"chromosome"	"intergenic"
"ST4-74.fa"	2527516	2527517	"ST4-74.fa_2527516_+"	"CDS"	"+"	2527512	2527518	"SL1344_2380"	"yfeD"	"+"	"SL1344_2380"	"yfeD"	2527432	2527825	"Left"	66.67	80	71.88	100	3	10	32	5	76.9238461538462	75.68	"Constitutive"	"chromosome"	"intragenic"
"ST4-74.fa"	2528473	2528474	"ST4-74.fa_2528473_-"	"CDS"	"-"	2528472	2528478	"SL1344_2381"	"gltX"	"-"	"SL1344_2381"	"gltX"	2527878	2529294	"Left"	87.5	83.33	84.78	71.43	8	12	46	7	84.998	83.0167924528302	"Constitutive"	"chromosome"	"intragenic"
"ST4-74.fa"	2528785	2528786	"ST4-74.fa_2528785_+"	"CDS"	"+"	2528781	2528787	"SL1344_2381"	"gltX"	"-"	"SL1344_2381"	"gltX"	2527878	2529294	"Left"	100	100	78.12	100	3	14	32	5	100	81.0767567567568	"Constitutive"	"chromosome"	"intragenic"
"ST4-74.fa"	2528830	2528831	"ST4-74.fa_2528830_-"	"CDS"	"-"	2528829	2528835	"SL1344_2381"	"gltX"	"-"	"SL1344_2381"	"gltX"	2527878	2529294	"Left"	88.89	88.89	86.84	100	9	9	38	4	88.89	88.0933333333333	"Constitutive"	"chromosome"	"intragenic"
"ST4-74.fa"	2528959	2528960	"ST4-74.fa_2528959_-"	"CDS"	"-"	2528958	2528964	"SL1344_2381"	"gltX"	"-"	"SL1344_2381"	"gltX"	2527878	2529294	"Left"	77.78	100	93.02	85.71	9	9	43	7	88.89	91.9966	"Constitutive"	"chromosome"	"intragenic"
"ST4-74.fa"	2530279	2530280	"ST4-74.fa_2530279_-"	"CDS"	"-"	2530278	2530284	"SL1344_2382"	"xapR"	"-"	"SL1344_2382"	"xapR"	2530109	2530994	"Left"	100	93.33	97.92	80	9	15	48	5	95.83125	96.2294339622642	"Constitutive"	"chromosome"	"intragenic"
"ST4-74.fa"	2534131	2534132	"ST4-74.fa_2534131_+"	"CDS"	"+"	2534127	2534133	"SL1344_2386"	"yfeN"	"+"	"SL1344_2386"	"yfeN"	2533662	2534424	"Left"	100	78.57	88.37	91.67	4	14	43	12	83.3322222222222	89.09	"Constitutive"	"chromosome"	"intragenic"
"ST4-74.fa"	2536102	2536103	"ST4-74.fa_2536102_+"	"CDS"	"+"	2536098	2536104	"SL1344_2388"	"yfeH"	"+"	"SL1344_2388"	"yfeH"	2535501	2536500	"Left"	100	78.57	86.49	63.64	6	14	37	11	84.999	81.2535416666667	"Constitutive"	"chromosome"	"intragenic"
"ST4-74.fa"	2542719	2542720	"ST4-74.fa_2542719_+"	"CDS"	"+"	2542715	2542721	"SL1344_2395"	"ptsI"	"+"	"SL1344_2395"	"ptsI"	2542607	2544335	"Left"	75	69.23	89.74	85.71	4	13	39	7	70.5876470588235	89.1267391304348	"Constitutive"	"chromosome"	"intragenic"
"ST4-74.fa"	2544823	2544824	"ST4-74.fa_2544823_-"	"CDS"	"-"	2544822	2544828	"SL1344_2396"	"crr"	"+"	"SL1344_2396"	"crr"	2544375	2544885	"Left"	100	80	96	100	7	10	50	4	88.2352941176471	96.2962962962963	"Constitutive"	"chromosome"	"intragenic"
"ST4-74.fa"	2547979	2547980	"ST4-74.fa_2547979_+"	"CDS"	"+"	2547975	2547981	"SL1344_2400"	"yfeJ"	"+"	"SL1344_2400"	"yfeJ"	2547525	2548245	"Left"	80	60	92.16	100	5	5	51	6	70	92.9852631578947	"Constitutive"	"chromosome"	"intragenic"
"ST4-74.fa"	254864	254865	"ST4-74.fa_254864_-"	"CDS"	"-"	254863	254869	"SL1344_0217"	"rpsB"	"+"	"SL1344_0217"	"rpsB"	254292	255018	"NSR"	80	66.67	84.78	100	5	12	46	6	70.5905882352941	86.5361538461539	"Constitutive"	"chromosome"	"intragenic"
"ST4-74.fa"	2549859	2549860	"ST4-74.fa_2549859_-"	"CDS"	"-"	2549858	2549864	"SL1344_2403"	"cysM"	"-"	"SL1344_2403"	"cysM"	2549366	2550278	"Left"	100	100	94.12	100	9	5	51	6	100	94.7389473684211	"Constitutive"	"chromosome"	"intragenic"
"ST4-74.fa"	2550853	2550854	"ST4-74.fa_2550853_-"	"CDS"	"-"	2550852	2550858	"SL1344_2404"	"cysA"	"-"	"SL1344_2404"	"cysA"	2550345	2551443	"Left"	80	100	94.74	100	5	9	57	2	92.8571428571429	94.9183050847458	"Constitutive"	"chromosome"	"intragenic"
"ST4-74.fa"	2553064	2553065	"ST4-74.fa_2553064_+"	"CDS"	"+"	2553060	2553066	"SL1344_2406"	"cysU"	"-"	"SL1344_2406"	"cysU"	2552307	2553141	"Left"	83.33	90	85.29	83.33	6	10	34	6	87.49875	84.996	"Constitutive"	"chromosome"	"intragenic"
"ST4-74.fa"	2553852	2553853	"ST4-74.fa_2553852_+"	"CDS"	"+"	2553848	2553854	"SL1344_2407"	"cysP"	"-"	"SL1344_2407"	"cysP"	2553140	2554157	"Left"	100	100	90	100	7	7	40	4	100	90.9090909090909	"Constitutive"	"chromosome"	"intragenic"
"ST4-74.fa"	2555671	2555672	"ST4-74.fa_2555671_-"	"CDS"	"-"	2555670	2555676	"SL1344_2409"	"STM2446"	"-"	"SL1344_2409"	"STM2446"	2555343	2556243	"Left"	100	88.89	88	80	3	9	50	5	91.6675	87.2727272727273	"Constitutive"	"chromosome"	"intragenic"
"ST4-74.fa"	2555959	2555960	"ST4-74.fa_2555959_+"	"CDS"	"+"	2555955	2555961	"SL1344_2409"	"STM2446"	"-"	"SL1344_2409"	"STM2446"	2555343	2556243	"Left"	71.43	100	100	100	7	12	41	9	89.4742105263158	100	"Constitutive"	"chromosome"	"intragenic"
"ST4-74.fa"	2557032	2557033	"ST4-74.fa_2557032_+"	"CDS"	"+"	2557028	2557034	"SL1344_2411"	"yfeZ"	"-"	"SL1344_2411"	"yfeZ"	2556974	2557424	"Left"	80	100	95.12	100	5	7	41	12	91.6666666666667	96.2249056603774	"Constitutive"	"chromosome"	"intragenic"
"ST4-74.fa"	2557140	2557141	"ST4-74.fa_2557140_+"	"CDS"	"+"	2557136	2557142	"SL1344_2411"	"yfeZ"	"-"	"SL1344_2411"	"yfeZ"	2556974	2557424	"Left"	66.67	50	74.19	66.67	3	6	31	12	55.5566666666667	72.0913953488372	"Constitutive"	"chromosome"	"intragenic"
"ST4-74.fa"	2559994	2559995	"ST4-74.fa_2559994_-"	"CDS"	"-"	2559993	2559999	"SL1344_2415"	"STM2452"	"+"	"SL1344_2415"	"STM2452"	2559840	2560170	"Left"	100	100	84.09	100	5	12	44	6	100	85.9992	"Constitutive"	"chromosome"	"intragenic"
"ST4-74.fa"	2562661	2562662	"ST4-74.fa_2562661_-"	"CDS"	"-"	2562660	2562666	"SL1344_2417"	"eutR"	"-"	"SL1344_2417"	"eutR"	2561775	2562828	"Left"	75	66.67	66.67	100	4	6	36	4	70.002	70.003	"Constitutive"	"chromosome"	"intragenic"
"ST4-74.fa"	2564304	2564305	"ST4-74.fa_2564304_-"	"CDS"	"-"	2564303	2564309	"SL1344_2420"	"eutC"	"-"	"SL1344_2420"	"eutC"	2564051	2564948	"Left"	66.67	100	83.67	100	6	7	49	7	84.6169230769231	85.71125	"Constitutive"	"chromosome"	"intragenic"
"ST4-74.fa"	2564557	2564558	"ST4-74.fa_2564557_-"	"CDS"	"-"	2564556	2564562	"SL1344_2420"	"eutC"	"-"	"SL1344_2420"	"eutC"	2564051	2564948	"Left"	75	80	75	60	4	5	32	5	77.7777777777778	72.972972972973	"Constitutive"	"chromosome"	"intragenic"
"ST4-74.fa"	2565927	2565928	"ST4-74.fa_2565927_+"	"CDS"	"+"	2565923	2565929	"SL1344_2421"	"eutB"	"-"	"SL1344_2421"	"eutB"	2564966	2566328	"Left"	75	87.5	63.64	90.91	8	8	44	11	81.25	69.094	"Constitutive"	"chromosome"	"intragenic"
"ST4-74.fa"	2567833	2567834	"ST4-74.fa_2567833_+"	"CDS"	"+"	2567829	2567835	"SL1344_2423"	"eutH"	"-"	"SL1344_2423"	"eutH"	2567739	2568966	"Left"	100	100	94.92	100	8	14	59	11	100	95.7182857142857	"Constitutive"	"chromosome"	"intragenic"
"ST4-74.fa"	2568265	2568266	"ST4-74.fa_2568265_+"	"CDS"	"+"	2568261	2568267	"SL1344_2423"	"eutH"	"-"	"SL1344_2423"	"eutH"	2567739	2568966	"Left"	83.33	100	79.49	80	6	9	39	10	93.332	79.5940816326531	"Constitutive"	"chromosome"	"intragenic"
"ST4-74.fa"	256827	256828	"ST4-74.fa_256827_+"	"CDS"	"+"	256823	256829	"SL1344_0219"	"pyrH"	"+"	"SL1344_0219"	"pyrH"	256271	256997	"NSR"	100	93.33	100	100	6	15	47	7	95.2357142857143	100	"Constitutive"	"chromosome"	"intragenic"
"ST4-74.fa"	2568385	2568386	"ST4-74.fa_2568385_+"	"CDS"	"+"	2568381	2568387	"SL1344_2423"	"eutH"	"-"	"SL1344_2423"	"eutH"	2567739	2568966	"Left"	100	100	96.23	100	9	11	53	7	100	96.6698333333333	"Constitutive"	"chromosome"	"intragenic"
"ST4-74.fa"	2568445	2568446	"ST4-74.fa_2568445_+"	"CDS"	"+"	2568441	2568447	"SL1344_2423"	"eutH"	"-"	"SL1344_2423"	"eutH"	2567739	2568966	"Left"	62.5	81.82	75	85.71	8	11	36	7	73.6852631578947	76.743488372093	"Constitutive"	"chromosome"	"intragenic"
"ST4-74.fa"	2571821	2571822	"ST4-74.fa_2571821_+"	"CDS"	"+"	2571817	2571823	"SL1344_2426"	"eutE"	"-"	"SL1344_2426"	"eutE"	2571112	2572516	"Left"	81.82	71.43	86	66.67	11	7	50	9	77.7794444444444	83.0513559322034	"Constitutive"	"chromosome"	"intragenic"
"ST4-74.fa"	2572953	2572954	"ST4-74.fa_2572953_-"	"CDS"	"-"	2572952	2572958	"SL1344_2428"	"eutM"	"-"	"SL1344_2428"	"eutM"	2572927	2573218	"Left"	100	83.33	76.67	80	4	6	30	5	89.998	77.1457142857143	"Constitutive"	"chromosome"	"intragenic"
"ST4-74.fa"	257587	257588	"ST4-74.fa_257587_+"	"CDS"	"+"	257583	257589	"SL1344_0220"	"frr"	"+"	"SL1344_0220"	"frr"	257143	257701	"NSR"	75	76.92	90.91	100	4	13	44	7	76.4682352941176	92.1576470588235	"Constitutive"	"chromosome"	"intragenic"
"ST4-74.fa"	2578559	2578560	"ST4-74.fa_2578559_+"	"CDS"	"+"	2578555	2578561	"SL1344_2435"	"maeB"	"-"	"SL1344_2435"	"maeB"	2577694	2579974	"Left"	83.33	100	94.44	87.5	6	5	72	8	90.9072727272727	93.746	"Constitutive"	"chromosome"	"intragenic"
"ST4-74.fa"	2578865	2578866	"ST4-74.fa_2578865_-"	"CDS"	"-"	2578864	2578870	"SL1344_2435"	"maeB"	"-"	"SL1344_2435"	"maeB"	2577694	2579974	"Left"	100	100	82.05	100	3	7	39	5	100	84.0897727272727	"Constitutive"	"chromosome"	"intragenic"
"ST4-74.fa"	2579486	2579487	"ST4-74.fa_2579486_-"	"CDS"	"-"	2579485	2579491	"SL1344_2435"	"maeB"	"-"	"SL1344_2435"	"maeB"	2577694	2579974	"Left"	100	100	97.78	75	3	5	45	8	100	94.3415094339623	"Constitutive"	"chromosome"	"intragenic"
"ST4-74.fa"	2580630	2580631	"ST4-74.fa_2580630_-"	"CDS"	"-"	2580629	2580635	"SL1344_2436"	"tal"	"+"	"SL1344_2436"	"tal"	2580245	2581196	"Left"	80	71.43	90.7	66.67	5	7	43	3	75.0008333333333	89.1328260869565	"Constitutive"	"chromosome"	"intragenic"
"ST4-74.fa"	2581744	2581745	"ST4-74.fa_2581744_-"	"CDS"	"-"	2581743	2581749	"SL1344_2437"	"tktB"	"+"	"SL1344_2437"	"tktB"	2581215	2583216	"Left"	87.5	91.67	91.3	100	8	12	46	3	90.002	91.8326530612245	"Constitutive"	"chromosome"	"intragenic"
"ST4-74.fa"	2582698	2582699	"ST4-74.fa_2582698_+"	"CDS"	"+"	2582694	2582700	"SL1344_2437"	"tktB"	"+"	"SL1344_2437"	"tktB"	2581215	2583216	"Left"	83.33	100	89.06	84.62	6	6	64	13	91.665	88.3103896103896	"Constitutive"	"chromosome"	"intragenic"
"ST4-74.fa"	2582872	2582873	"ST4-74.fa_2582872_-"	"CDS"	"-"	2582871	2582877	"SL1344_2437"	"tktB"	"+"	"SL1344_2437"	"tktB"	2581215	2583216	"Left"	100	66.67	86.05	100	5	12	43	4	76.4729411764706	87.2372340425532	"Constitutive"	"chromosome"	"intragenic"
"ST4-74.fa"	2583395	2583396	"ST4-74.fa_2583395_-"	"CDS"	"-"	2583394	2583400	"SL1344_2438"	"STM2475"	"-"	"SL1344_2438"	"STM2475"	2583278	2583509	"Left"	20	75	64.1	33.33	5	8	39	3	53.8461538461538	61.9021428571428	"Constitutive"	"chromosome"	"intragenic"
"ST4-74.fa"	258454	258455	"ST4-74.fa_258454_+"	"CDS"	"+"	258450	258456	"SL1344_0221"	"dxr"	"+"	"SL1344_0221"	"dxr"	257841	259038	"NSR"	100	100	89.8	100	4	10	49	8	100	91.2315789473684	"Constitutive"	"chromosome"	"intragenic"
"ST4-74.fa"	2585672	2585673	"ST4-74.fa_2585672_-"	"CDS"	"-"	2585671	2585677	"SL1344_2441"	"STM2478"	"+"	"SL1344_2441"	"STM2478"	2585583	2586882	"Left"	83.33	54.55	87.23	100	6	11	47	3	64.7076470588235	87.9962	"Constitutive"	"chromosome"	"intragenic"
"ST4-74.fa"	2585677	2585678	"ST4-74.fa_2585677_+"	"CDS"	"+"	2585673	2585679	"SL1344_2441"	"STM2478"	"+"	"SL1344_2441"	"STM2478"	2585583	2586882	"Left"	85.71	60	88	83.33	7	5	50	12	74.9975	87.0961290322581	"Constitutive"	"chromosome"	"intragenic"
"ST4-74.fa"	259107	259108	"ST4-74.fa_259107_-"	"intergenic"	"-"	259106	259112	"SL1344_0221"	"dxr"	"++"	"STnc920"	"no"	259038	259115	"NSR"	87.5	100	92.98	83.33	8	16	57	12	95.8333333333333	91.3017391304348	"Constitutive"	"chromosome"	"intergenic"
"ST4-74.fa"	2594956	2594957	"ST4-74.fa_2594956_+"	"intergenic"	"+"	2594952	2594958	"SL1344_2444A"	"ypfM"	"-+"	"SL1344_2445"	"yffB"	2594637	2595049	"Left"	71.43	50	78.85	80	7	12	52	5	57.8952631578947	78.9508771929824	"Constitutive"	"chromosome"	"intergenic"
"ST4-74.fa"	2596751	2596752	"ST4-74.fa_2596751_+"	"CDS"	"+"	2596747	2596753	"SL1344_2447"	"STM2484"	"+"	"SL1344_2447"	"STM2484"	2596564	2596765	"Left"	75	83.33	87.88	71.43	4	12	33	7	81.2475	85.00125	"Constitutive"	"chromosome"	"intragenic"
"ST4-74.fa"	259858	259859	"ST4-74.fa_259858_+"	"CDS"	"+"	259854	259860	"SL1344_0222"	"uppS"	"+"	"SL1344_0222"	"uppS"	259350	260109	"NSR"	100	87.5	93.18	80	7	8	44	5	93.3333333333333	91.8351020408163	"Constitutive"	"chromosome"	"intragenic"
"ST4-74.fa"	2604727	2604728	"ST4-74.fa_2604727_+"	"CDS"	"+"	2604723	2604729	"SL1344_2456"	"perM"	"-"	"SL1344_2456"	"perM"	2604411	2605479	"Left"	85.71	100	97.87	100	7	8	47	6	93.3313333333333	98.1111320754717	"Constitutive"	"chromosome"	"intragenic"
"ST4-74.fa"	2606581	2606582	"ST4-74.fa_2606581_+"	"CDS"	"+"	2606577	2606583	"SL1344_2457"	"STM2494"	"+"	"SL1344_2457"	"STM2494"	2605686	2607150	"Left"	85.71	25	80	50	7	8	50	8	53.3313333333333	75.8620689655172	"Constitutive"	"chromosome"	"intragenic"
"ST4-74.fa"	2606968	2606969	"ST4-74.fa_2606968_+"	"CDS"	"+"	2606964	2606970	"SL1344_2457"	"STM2494"	"+"	"SL1344_2457"	"STM2494"	2605686	2607150	"Left"	71.43	90.91	76.36	80	7	11	55	5	83.3344444444444	76.6633333333333	"Constitutive"	"chromosome"	"intragenic"
"ST4-74.fa"	2607019	2607020	"ST4-74.fa_2607019_+"	"CDS"	"+"	2607015	2607021	"SL1344_2457"	"STM2494"	"+"	"SL1344_2457"	"STM2494"	2605686	2607150	"Left"	75	100	90.74	66.67	4	9	54	6	92.3076923076923	88.333	"Constitutive"	"chromosome"	"intragenic"
"ST4-74.fa"	2607648	2607649	"ST4-74.fa_2607648_-"	"CDS"	"-"	2607647	2607653	"SL1344_2459"	"yfgE"	"-"	"SL1344_2459"	"yfgE"	2607575	2608301	"Left"	87.5	83.33	85.71	90	8	12	49	10	84.998	86.4371186440678	"Constitutive"	"chromosome"	"intragenic"
"ST4-74.fa"	2608564	2608565	"ST4-74.fa_2608564_+"	"CDS"	"+"	2608560	2608566	"SL1344_2460"	"uraA"	"-"	"SL1344_2460"	"uraA"	2608371	2609661	"Left"	83.33	100	93.48	85.71	6	9	46	7	93.332	92.4537735849057	"Constitutive"	"chromosome"	"intragenic"
"ST4-74.fa"	2609821	2609822	"ST4-74.fa_2609821_-"	"CDS"	"-"	2609820	2609826	"SL1344_2461"	"upp"	"-"	"SL1344_2461"	"upp"	2609748	2610375	"Left"	100	100	95	90	6	8	60	10	100	94.2857142857143	"Constitutive"	"chromosome"	"intragenic"
"ST4-74.fa"	2609995	2609996	"ST4-74.fa_2609995_+"	"CDS"	"+"	2609991	2609997	"SL1344_2461"	"upp"	"-"	"SL1344_2461"	"upp"	2609748	2610375	"Left"	100	91.67	93.33	100	5	12	45	7	94.12	94.2278846153846	"Constitutive"	"chromosome"	"intragenic"
"ST4-74.fa"	261042	261043	"ST4-74.fa_261042_-"	"CDS"	"-"	261041	261047	"SL1344_0224"	"yaeL"	"+"	"SL1344_0224"	"yaeL"	260990	262343	"NSR"	100	100	95.74	85.71	8	16	47	7	100	94.4398148148148	"Constitutive"	"chromosome"	"intragenic"
"ST4-74.fa"	261177	261178	"ST4-74.fa_261177_-"	"CDS"	"-"	261176	261182	"SL1344_0224"	"yaeL"	"+"	"SL1344_0224"	"yaeL"	260990	262343	"NSR"	87.5	88.24	80	100	8	17	45	10	88.0032	83.6363636363636	"Constitutive"	"chromosome"	"intragenic"
"ST4-74.fa"	2612977	2612978	"ST4-74.fa_2612977_-"	"CDS"	"-"	2612976	2612982	"SL1344_2464"	"ppk"	"+"	"SL1344_2464"	"ppk"	2612652	2614719	"Left"	100	85.71	85.71	81.82	2	7	49	11	88.8855555555555	84.9968333333333	"Constitutive"	"chromosome"	"intragenic"
"ST4-74.fa"	261516	261517	"ST4-74.fa_261516_+"	"CDS"	"+"	261512	261518	"SL1344_0224"	"yaeL"	"+"	"SL1344_0224"	"yaeL"	260990	262343	"NSR"	83.33	77.78	94.59	66.67	6	9	37	3	80	92.496	"Constitutive"	"chromosome"	"intragenic"
"ST4-74.fa"	2618884	2618885	"ST4-74.fa_2618884_-"	"CDS"	"-"	2618883	2618889	"SL1344_2467"	"STM2505"	"-"	"SL1344_2467"	"STM2505"	2618818	2619079	"Left"	100	85.71	90.74	100	6	7	54	7	92.3053846153846	91.8026229508197	"Constitutive"	"chromosome"	"intragenic"
"ST4-74.fa"	2619209	2619210	"ST4-74.fa_2619209_+"	"intergenic"	"+"	2619205	2619211	"SL1344_2468"	"STM2506"	"++"	"SL1344_2469"	"STM2508"	2619118	2619658	"Left"	77.78	70	89.83	88.89	9	10	59	9	73.6852631578947	89.7055882352941	"Constitutive"	"chromosome"	"intergenic"
"ST4-74.fa"	2619470	2619471	"ST4-74.fa_2619470_+"	"intergenic"	"+"	2619466	2619472	"SL1344_2468"	"STM2506"	"++"	"SL1344_2469"	"STM2508"	2619118	2619658	"Left"	83.33	71.43	79.25	75	6	7	53	8	76.9223076923077	78.6926229508197	"Constitutive"	"chromosome"	"intergenic"
"ST4-74.fa"	2619713	2619714	"ST4-74.fa_2619713_+"	"CDS"	"+"	2619709	2619715	"SL1344_2469"	"STM2508"	"+"	"SL1344_2469"	"STM2508"	2619658	2619988	"Left"	100	90	85.45	80	6	10	55	10	93.75	84.6115384615385	"Constitutive"	"chromosome"	"intragenic"
"ST4-74.fa"	2619915	2619916	"ST4-74.fa_2619915_-"	"CDS"	"-"	2619914	2619920	"SL1344_2469"	"STM2508"	"+"	"SL1344_2469"	"STM2508"	2619658	2619988	"Left"	75	71.43	85.42	100	4	7	48	8	72.7281818181818	87.5028571428571	"Constitutive"	"chromosome"	"intragenic"
"ST4-74.fa"	2620212	2620213	"ST4-74.fa_2620212_-"	"CDS"	"-"	2620211	2620217	"SL1344_2470"	"STM2509"	"-"	"SL1344_2470"	"STM2509"	2620007	2620364	"Left"	100	100	93.88	100	6	7	49	5	100	94.4466666666667	"Constitutive"	"chromosome"	"intragenic"
"ST4-74.fa"	2620217	2620218	"ST4-74.fa_2620217_+"	"CDS"	"+"	2620213	2620219	"SL1344_2470"	"STM2509"	"-"	"SL1344_2470"	"STM2509"	2620007	2620364	"Left"	100	62.5	91.43	100	7	8	70	9	80	92.4063291139241	"Constitutive"	"chromosome"	"intragenic"
"ST4-74.fa"	2622897	2622898	"ST4-74.fa_2622897_+"	"CDS"	"+"	2622893	2622899	"SL1344_2472"	"guaB"	"-"	"SL1344_2472"	"guaB"	2622167	2623634	"Left"	100	66.67	86.49	100	6	6	37	8	83.335	88.8917777777778	"Constitutive"	"chromosome"	"intragenic"
"ST4-74.fa"	2623890	2623891	"ST4-74.fa_2623890_+"	"CDS"	"+"	2623886	2623892	"SL1344_2473"	"xseA"	"+"	"SL1344_2473"	"xseA"	2623794	2625144	"Left"	50	83.33	71.88	60	6	6	32	5	66.665	70.2745945945946	"Constitutive"	"chromosome"	"intragenic"
"ST4-74.fa"	2624179	2624180	"ST4-74.fa_2624179_+"	"CDS"	"+"	2624175	2624181	"SL1344_2473"	"xseA"	"+"	"SL1344_2473"	"xseA"	2623794	2625144	"Left"	83.33	71.43	88.37	100	6	7	43	6	76.9223076923077	89.7940816326531	"Constitutive"	"chromosome"	"intragenic"
"ST4-74.fa"	2624395	2624396	"ST4-74.fa_2624395_-"	"CDS"	"-"	2624394	2624400	"SL1344_2473"	"xseA"	"+"	"SL1344_2473"	"xseA"	2623794	2625144	"Left"	100	66.67	97.87	90	3	6	47	10	77.78	96.489298245614	"Constitutive"	"chromosome"	"intragenic"
"ST4-74.fa"	2626782	2626783	"ST4-74.fa_2626782_+"	"CDS"	"+"	2626778	2626784	"SL1344_2474"	"shdA"	"-"	"SL1344_2474"	"shdA"	2625305	2631425	"Left"	83.33	70	85.71	77.78	6	10	49	9	74.99875	84.4794827586207	"Constitutive"	"chromosome"	"intragenic"
"ST4-74.fa"	2627697	2627698	"ST4-74.fa_2627697_+"	"CDS"	"+"	2627693	2627699	"SL1344_2474"	"shdA"	"-"	"SL1344_2474"	"shdA"	2625305	2631425	"Left"	100	70	97.92	100	6	10	48	9	81.25	98.2484210526316	"Constitutive"	"chromosome"	"intragenic"
"ST4-74.fa"	2629332	2629333	"ST4-74.fa_2629332_+"	"CDS"	"+"	2629328	2629334	"SL1344_2474"	"shdA"	"-"	"SL1344_2474"	"shdA"	2625305	2631425	"Left"	100	90.91	97.87	80	4	11	47	10	93.334	94.7349122807018	"Constitutive"	"chromosome"	"intragenic"
"ST4-74.fa"	2629527	2629528	"ST4-74.fa_2629527_+"	"CDS"	"+"	2629523	2629529	"SL1344_2474"	"shdA"	"-"	"SL1344_2474"	"shdA"	2625305	2631425	"Left"	100	91.67	93.75	91.67	7	12	48	12	94.7389473684211	93.334	"Constitutive"	"chromosome"	"intragenic"
"ST4-74.fa"	263167	263168	"ST4-74.fa_263167_+"	"CDS"	"+"	263163	263169	"SL1344_0225"	"yaeT"	"+"	"SL1344_0225"	"yaeT"	262374	264789	"NSR"	100	90	83.33	100	7	10	48	4	94.1176470588235	84.6123076923077	"Constitutive"	"chromosome"	"intragenic"
"ST4-74.fa"	263605	263606	"ST4-74.fa_263605_+"	"CDS"	"+"	263601	263607	"SL1344_0225"	"yaeT"	"+"	"SL1344_0225"	"yaeT"	262374	264789	"NSR"	83.33	54.55	90.91	50	6	11	44	6	64.7076470588235	86.0008	"Constitutive"	"chromosome"	"intragenic"
"ST4-74.fa"	2636603	2636604	"ST4-74.fa_2636603_-"	"CDS"	"-"	2636602	2636608	"SL1344_2475"	"ratB"	"-"	"SL1344_2475"	"ratB"	2632118	2639425	"Left"	100	100	92.31	100	7	9	52	10	100	93.5503225806452	"Constitutive"	"chromosome"	"intragenic"
"ST4-74.fa"	2642279	2642280	"ST4-74.fa_2642279_+"	"CDS"	"+"	2642275	2642281	"SL1344_2477"	"ratA"	"-"	"SL1344_2477"	"ratA"	2639590	2645188	"Left"	83.33	100	95.83	100	6	10	48	10	93.74875	96.5489655172414	"Constitutive"	"chromosome"	"intragenic"
"ST4-74.fa"	2643203	2643204	"ST4-74.fa_2643203_-"	"CDS"	"-"	2643202	2643208	"SL1344_2477"	"ratA"	"-"	"SL1344_2477"	"ratA"	2639590	2645188	"Left"	40	57.14	74.19	80	5	7	31	5	49.9983333333333	74.9969444444444	"Constitutive"	"chromosome"	"intragenic"
"ST4-74.fa"	2645135	2645136	"ST4-74.fa_2645135_+"	"CDS"	"+"	2645131	2645137	"SL1344_2477"	"ratA"	"-"	"SL1344_2477"	"ratA"	2639590	2645188	"Left"	100	100	79.59	87.5	5	13	49	8	100	80.7001754385965	"Constitutive"	"chromosome"	"intragenic"
"ST4-74.fa"	2645887	2645888	"ST4-74.fa_2645887_-"	"CDS"	"-"	2645886	2645892	"SL1344_2478"	"sinI"	"-"	"SL1344_2478"	"sinI"	2645307	2646267	"Left"	100	75	88	100	7	4	50	9	90.9090909090909	89.8305084745763	"Constitutive"	"chromosome"	"intragenic"
"ST4-74.fa"	2646964	2646965	"ST4-74.fa_2646964_+"	"CDS"	"+"	2646960	2646966	"SL1344_2479"	"sinH"	"-"	"SL1344_2479"	"sinH"	2646324	2648517	"Left"	75	70	86.84	100	4	10	38	5	71.4285714285714	88.3702325581395	"Constitutive"	"chromosome"	"intragenic"
"ST4-74.fa"	2647060	2647061	"ST4-74.fa_2647060_+"	"CDS"	"+"	2647056	2647062	"SL1344_2479"	"sinH"	"-"	"SL1344_2479"	"sinH"	2646324	2648517	"Left"	100	81.82	96	100	8	11	50	12	89.4747368421053	96.7741935483871	"Constitutive"	"chromosome"	"intragenic"
"ST4-74.fa"	26502	26503	"ST4-74.fa_26502_+"	"CDS"	"+"	26498	26504	"SL1344_0023"	"bcfC"	"+"	"SL1344_0023"	"bcfC"	25802	28424	"NSR"	100	92.31	82.61	75	6	13	46	8	94.7384210526316	81.4825925925926	"Constitutive"	"chromosome"	"intragenic"
"ST4-74.fa"	2650265	2650266	"ST4-74.fa_2650265_-"	"CDS"	"-"	2650264	2650270	"SL1344_2481"	"engA"	"-"	"SL1344_2481"	"engA"	2649172	2650645	"Left"	100	100	87.5	88.89	5	11	48	9	100	87.7194736842105	"Constitutive"	"chromosome"	"intragenic"
"ST4-74.fa"	2651040	2651041	"ST4-74.fa_2651040_-"	"CDS"	"-"	2651039	2651045	"SL1344_2482"	"yfgL"	"-"	"SL1344_2482"	"yfgL"	2650763	2651942	"Left"	83.33	100	91.23	87.5	6	9	57	8	93.332	90.7709230769231	"Constitutive"	"chromosome"	"intragenic"
"ST4-74.fa"	2654488	2654489	"ST4-74.fa_2654488_-"	"CDS"	"-"	2654487	2654493	"SL1344_2485"	"gcpE"	"-"	"SL1344_2485"	"gcpE"	2653971	2655090	"Left"	100	80	95.65	100	3	10	46	6	84.6153846153846	96.1519230769231	"Constitutive"	"chromosome"	"intragenic"
"ST4-74.fa"	2654566	2654567	"ST4-74.fa_2654566_-"	"CDS"	"-"	2654565	2654571	"SL1344_2485"	"gcpE"	"-"	"SL1344_2485"	"gcpE"	2653971	2655090	"Left"	80	90.91	92.98	85.71	5	11	57	7	87.500625	92.18484375	"Constitutive"	"chromosome"	"intragenic"
"ST4-74.fa"	2657262	2657263	"ST4-74.fa_2657262_-"	"CDS"	"-"	2657261	2657267	"SL1344_2487"	"yfgB"	"-"	"SL1344_2487"	"yfgB"	2656412	2657579	"Left"	75	90.91	95.45	100	4	11	44	6	86.6673333333333	95.996	"Constitutive"	"chromosome"	"intragenic"
"ST4-74.fa"	2657436	2657437	"ST4-74.fa_2657436_-"	"CDS"	"-"	2657435	2657441	"SL1344_2487"	"yfgB"	"-"	"SL1344_2487"	"yfgB"	2656412	2657579	"Left"	100	85.71	93.48	100	5	14	46	4	89.4705263157895	94.0016	"Constitutive"	"chromosome"	"intragenic"
"ST4-74.fa"	265911	265912	"ST4-74.fa_265911_-"	"CDS"	"-"	265910	265916	"SL1344_0227"	"lpxD"	"+"	"SL1344_0227"	"lpxD"	265400	266426	"NSR"	75	94.12	88.89	85.71	8	17	45	7	88.0016	88.4619230769231	"Constitutive"	"chromosome"	"intragenic"
"ST4-74.fa"	2659453	2659454	"ST4-74.fa_2659453_+"	"CDS"	"+"	2659449	2659455	"SL1344_2490"	"STM2528"	"-"	"SL1344_2490"	"STM2528"	2659200	2660010	"Left"	72.73	77.78	95.74	85.71	11	9	47	7	75.0025	94.4398148148148	"Constitutive"	"chromosome"	"intragenic"
"ST4-74.fa"	2661477	2661478	"ST4-74.fa_2661477_+"	"CDS"	"+"	2661473	2661479	"SL1344_2492"	"STM2530"	"-"	"SL1344_2492"	"STM2530"	2660628	2663007	"Left"	50	33.33	66.67	100	4	3	27	3	42.8557142857143	70.003	"Constitutive"	"chromosome"	"intragenic"
"ST4-74.fa"	2662192	2662193	"ST4-74.fa_2662192_-"	"CDS"	"-"	2662191	2662197	"SL1344_2492"	"STM2530"	"-"	"SL1344_2492"	"STM2530"	2660628	2663007	"Left"	57.14	50	70.97	28.57	7	8	31	7	53.332	63.1594736842105	"Constitutive"	"chromosome"	"intragenic"
"ST4-74.fa"	2663368	2663369	"ST4-74.fa_2663368_-"	"CDS"	"-"	2663367	2663373	"SL1344_2493"	"pbpC"	"-"	"SL1344_2493"	"pbpC"	2663162	2665478	"Left"	85.71	80	73.91	100	7	10	46	7	82.3511764705882	77.3558490566038	"Constitutive"	"chromosome"	"intragenic"
"ST4-74.fa"	266859	266860	"ST4-74.fa_266859_+"	"CDS"	"+"	266855	266861	"SL1344_0228"	"fabZ"	"+"	"SL1344_0228"	"fabZ"	266531	266987	"NSR"	42.86	45.45	44.83	50	7	11	29	2	44.4427777777778	45.1635483870968	"Constitutive"	"chromosome"	"intragenic"
"ST4-74.fa"	2672101	2672102	"ST4-74.fa_2672101_+"	"CDS"	"+"	2672097	2672103	"SL1344_2496"	"STM2534"	"+"	"SL1344_2496"	"STM2534"	2671710	2672379	"Left"	85.71	60	84	66.67	7	10	50	9	70.5864705882353	81.3564406779661	"Constitutive"	"chromosome"	"intragenic"
"ST4-74.fa"	2674360	2674361	"ST4-74.fa_2674360_-"	"CDS"	"-"	2674359	2674365	"SL1344_2498"	"pepB"	"-"	"SL1344_2498"	"pepB"	2673833	2675117	"Left"	88.89	94.12	90	100	9	17	60	11	92.3096153846154	91.5492957746479	"Constitutive"	"chromosome"	"intragenic"
"ST4-74.fa"	2674365	2674366	"ST4-74.fa_2674365_+"	"CDS"	"+"	2674361	2674367	"SL1344_2498"	"pepB"	"-"	"SL1344_2498"	"pepB"	2673833	2675117	"Left"	83.33	80	87.5	100	6	10	48	7	81.24875	89.0909090909091	"Constitutive"	"chromosome"	"intragenic"
"ST4-74.fa"	2679529	2679530	"ST4-74.fa_2679529_+"	"CDS"	"+"	2679525	2679531	"SL1344_2505"	"iscS"	"-"	"SL1344_2505"	"iscS"	2679252	2680467	"Left"	87.5	80	87.5	66.67	8	10	48	6	83.3333333333333	85.1855555555556	"Constitutive"	"chromosome"	"intragenic"
"ST4-74.fa"	2680901	2680902	"ST4-74.fa_2680901_-"	"CDS"	"-"	2680900	2680906	"SL1344_2506"	"yfhP"	"-"	"SL1344_2506"	"yfhP"	2680647	2681142	"Left"	100	91.67	95.83	100	7	12	48	9	94.7389473684211	96.4884210526316	"Constitutive"	"chromosome"	"intragenic"
"ST4-74.fa"	2682380	2682381	"ST4-74.fa_2682380_+"	"CDS"	"+"	2682376	2682382	"SL1344_2508"	"suhB"	"+"	"SL1344_2508"	"suhB"	2682151	2682955	"Left"	83.33	80	84.09	33.33	6	15	44	6	80.9514285714286	77.9988	"Constitutive"	"chromosome"	"intragenic"
"ST4-74.fa"	2686116	2686117	"ST4-74.fa_2686116_+"	"CDS"	"+"	2686112	2686118	"SL1344_2512"	"asrC"	"+"	"SL1344_2512"	"asrC"	2686035	2687049	"Left"	50	88.24	91.43	60	6	17	35	5	78.2643478260869	87.50125	"Constitutive"	"chromosome"	"intragenic"
"ST4-74.fa"	2686732	2686733	"ST4-74.fa_2686732_+"	"CDS"	"+"	2686728	2686734	"SL1344_2512"	"asrC"	"+"	"SL1344_2512"	"asrC"	2686035	2687049	"Left"	80	66.67	89.29	75	5	12	28	4	70.5905882352941	87.50375	"Constitutive"	"chromosome"	"intragenic"
"ST4-74.fa"	2686903	2686904	"ST4-74.fa_2686903_-"	"CDS"	"-"	2686902	2686908	"SL1344_2512"	"asrC"	"+"	"SL1344_2512"	"asrC"	2686035	2687049	"Left"	85.71	92.86	89.8	87.5	7	14	49	8	90.4766666666667	89.4771929824561	"Constitutive"	"chromosome"	"intragenic"
"ST4-74.fa"	2689037	2689038	"ST4-74.fa_2689037_+"	"CDS"	"+"	2689033	2689039	"SL1344_2515"	"csiE"	"+"	"SL1344_2515"	"csiE"	2688790	2690068	"Left"	100	81.25	83.78	87.5	7	16	37	8	86.9565217391304	84.4413333333333	"Constitutive"	"chromosome"	"intragenic"
"ST4-74.fa"	2689574	2689575	"ST4-74.fa_2689574_+"	"CDS"	"+"	2689570	2689576	"SL1344_2515"	"csiE"	"+"	"SL1344_2515"	"csiE"	2688790	2690068	"Left"	100	87.5	87.5	100	8	16	32	7	91.6666666666667	89.7435897435897	"Constitutive"	"chromosome"	"intragenic"
"ST4-74.fa"	2691938	2691939	"ST4-74.fa_2691938_+"	"CDS"	"+"	2691934	2691940	"SL1344_2517"	"glyA"	"-"	"SL1344_2517"	"glyA"	2691397	2692651	"Left"	100	88.89	100	100	6	18	51	12	91.6675	100	"Constitutive"	"chromosome"	"intragenic"
"ST4-74.fa"	269239	269240	"ST4-74.fa_269239_-"	"CDS"	"-"	269238	269244	"SL1344_0231"	"rnhB"	"+"	"SL1344_0231"	"rnhB"	268923	269520	"NSR"	100	94.44	96.08	100	9	18	51	9	96.2933333333333	96.668	"Constitutive"	"chromosome"	"intragenic"
"ST4-74.fa"	2692556	2692557	"ST4-74.fa_2692556_+"	"CDS"	"+"	2692552	2692558	"SL1344_2517"	"glyA"	"-"	"SL1344_2517"	"glyA"	2691397	2692651	"Left"	71.43	69.23	87.5	75	7	13	48	12	70	85	"Constitutive"	"chromosome"	"intragenic"
"ST4-74.fa"	2693132	2693133	"ST4-74.fa_2693132_+"	"CDS"	"+"	2693128	2693134	"SL1344_2518"	"hmpA"	"+"	"SL1344_2518"	"hmpA"	2692975	2694166	"Left"	80	85.71	90.74	100	5	14	54	10	84.2073684210526	92.186875	"Constitutive"	"chromosome"	"intragenic"
"ST4-74.fa"	2693471	2693472	"ST4-74.fa_2693471_-"	"CDS"	"-"	2693470	2693476	"SL1344_2518"	"hmpA"	"+"	"SL1344_2518"	"hmpA"	2692975	2694166	"Left"	100	70	91.07	88.89	7	10	56	9	82.3529411764706	90.7681538461539	"Constitutive"	"chromosome"	"intragenic"
"ST4-74.fa"	2694031	2694032	"ST4-74.fa_2694031_+"	"CDS"	"+"	2694027	2694033	"SL1344_2518"	"hmpA"	"+"	"SL1344_2518"	"hmpA"	2692975	2694166	"Left"	100	100	85.71	100	2	4	21	6	100	88.8855555555556	"Constitutive"	"chromosome"	"intragenic"
"ST4-74.fa"	2694407	2694408	"ST4-74.fa_2694407_+"	"CDS"	"+"	2694403	2694409	"SL1344_2519"	"cadC"	"+"	"SL1344_2519"	"cadC"	2694347	2695892	"Left"	100	60	81.25	37.5	2	10	32	8	66.6666666666667	72.5	"Constitutive"	"chromosome"	"intragenic"
"ST4-74.fa"	2694444	2694445	"ST4-74.fa_2694444_-"	"CDS"	"-"	2694443	2694449	"SL1344_2519"	"cadC"	"+"	"SL1344_2519"	"cadC"	2694347	2695892	"Left"	83.33	100	85	75	6	6	40	12	91.665	82.6923076923077	"Constitutive"	"chromosome"	"intragenic"
"ST4-74.fa"	2696715	2696716	"ST4-74.fa_2696715_-"	"CDS"	"-"	2696714	2696720	"SL1344_2520"	"cadB"	"+"	"SL1344_2520"	"cadB"	2696252	2697584	"Left"	80	57.14	76.74	60	5	7	43	5	66.665	74.99625	"Constitutive"	"chromosome"	"intragenic"
"ST4-74.fa"	2697258	2697259	"ST4-74.fa_2697258_-"	"CDS"	"-"	2697257	2697263	"SL1344_2520"	"cadB"	"+"	"SL1344_2520"	"cadB"	2696252	2697584	"Left"	80	75	82.35	87.5	5	8	51	8	76.9230769230769	83.0483050847457	"Constitutive"	"chromosome"	"intragenic"
"ST4-74.fa"	2697501	2697502	"ST4-74.fa_2697501_-"	"CDS"	"-"	2697500	2697506	"SL1344_2520"	"cadB"	"+"	"SL1344_2520"	"cadB"	2696252	2697584	"Left"	80	90	94	100	5	10	50	5	86.6666666666667	94.5454545454545	"Constitutive"	"chromosome"	"intragenic"
"ST4-74.fa"	269841	269842	"ST4-74.fa_269841_-"	"CDS"	"-"	269840	269846	"SL1344_0232"	"dnaE"	"+"	"SL1344_0232"	"dnaE"	269543	273026	"NSR"	100	100	80.49	100	6	10	41	4	100	82.2242222222222	"Constitutive"	"chromosome"	"intragenic"
"ST4-74.fa"	270051	270052	"ST4-74.fa_270051_-"	"CDS"	"-"	270050	270056	"SL1344_0232"	"dnaE"	"+"	"SL1344_0232"	"dnaE"	269543	273026	"NSR"	66.67	75	88	100	6	12	25	3	72.2233333333333	89.2857142857143	"Constitutive"	"chromosome"	"intragenic"
"ST4-74.fa"	2700730	2700731	"ST4-74.fa_2700730_+"	"CDS"	"+"	2700726	2700732	"SL1344_2522"	"yjdL"	"+"	"SL1344_2522"	"yjdL"	2699866	2701327	"Left"	100	83.33	97.73	91.67	1	12	44	12	84.6123076923077	96.4314285714286	"Constitutive"	"chromosome"	"intragenic"
"ST4-74.fa"	2701256	2701257	"ST4-74.fa_2701256_-"	"CDS"	"-"	2701255	2701261	"SL1344_2522"	"yjdL"	"+"	"SL1344_2522"	"yjdL"	2699866	2701327	"Left"	100	83.33	92.31	100	6	6	39	5	91.665	93.1838636363636	"Constitutive"	"chromosome"	"intragenic"
"ST4-74.fa"	2702008	2702009	"ST4-74.fa_2702008_-"	"CDS"	"-"	2702007	2702013	"SL1344_2524"	"yfhA"	"-"	"SL1344_2524"	"yfhA"	2701790	2703128	"Left"	100	100	97.83	100	3	4	46	4	100	98.0036	"Constitutive"	"chromosome"	"intragenic"
"ST4-74.fa"	2704488	2704489	"ST4-74.fa_2704488_-"	"CDS"	"-"	2704487	2704493	"SL1344_2526"	"yfhK"	"-"	"SL1344_2526"	"yfhK"	2703890	2705333	"Left"	100	100	97.62	100	5	3	42	6	100	97.9175	"Constitutive"	"chromosome"	"intragenic"
"ST4-74.fa"	2705193	2705194	"ST4-74.fa_2705193_-"	"CDS"	"-"	2705192	2705198	"SL1344_2526"	"yfhK"	"-"	"SL1344_2526"	"yfhK"	2703890	2705333	"Left"	100	100	87.76	87.5	6	2	49	8	100	87.7235087719298	"Constitutive"	"chromosome"	"intragenic"
"ST4-74.fa"	2705259	2705260	"ST4-74.fa_2705259_+"	"CDS"	"+"	2705255	2705261	"SL1344_2526"	"yfhK"	"-"	"SL1344_2526"	"yfhK"	2703890	2705333	"Left"	100	62.5	86.84	100	7	8	38	10	80	89.5816666666667	"Constitutive"	"chromosome"	"intragenic"
"ST4-74.fa"	2706418	2706419	"ST4-74.fa_2706418_+"	"CDS"	"+"	2706414	2706420	"SL1344_2527"	"purG"	"-"	"SL1344_2527"	"purG"	2705970	2709858	"Left"	88.89	60	94.74	100	9	5	38	7	78.5721428571429	95.5582222222222	"Constitutive"	"chromosome"	"intragenic"
"ST4-74.fa"	2707375	2707376	"ST4-74.fa_2707375_+"	"CDS"	"+"	2707371	2707377	"SL1344_2527"	"purG"	"-"	"SL1344_2527"	"purG"	2705970	2709858	"Left"	100	100	91.11	100	6	7	45	6	100	92.1558823529412	"Constitutive"	"chromosome"	"intragenic"
"ST4-74.fa"	2708551	2708552	"ST4-74.fa_2708551_+"	"CDS"	"+"	2708547	2708553	"SL1344_2527"	"purG"	"-"	"SL1344_2527"	"purG"	2705970	2709858	"Left"	66.67	72.73	89.47	100	3	11	38	8	71.4314285714286	91.3013043478261	"Constitutive"	"chromosome"	"intragenic"
"ST4-74.fa"	271023	271024	"ST4-74.fa_271023_-"	"CDS"	"-"	271022	271028	"SL1344_0232"	"dnaE"	"+"	"SL1344_0232"	"dnaE"	269543	273026	"NSR"	85.71	88.89	90.57	100	7	18	53	3	87.9996	91.0751785714286	"Constitutive"	"chromosome"	"intragenic"
"ST4-74.fa"	2710734	2710735	"ST4-74.fa_2710734_+"	"CDS"	"+"	2710730	2710736	"SL1344_2529"	"yfhD"	"+"	"SL1344_2529"	"yfhD"	2710113	2711658	"Left"	100	90	93.62	100	5	10	47	14	93.3333333333333	95.084262295082	"Constitutive"	"chromosome"	"intragenic"
"ST4-74.fa"	2713090	2713091	"ST4-74.fa_2713090_-"	"CDS"	"-"	2713089	2713095	"SL1344_2532"	"STM2570"	"-"	"SL1344_2532"	"STM2570"	2712923	2714285	"Left"	100	100	100	90	3	4	39	10	100	97.9591836734694	"Constitutive"	"chromosome"	"intragenic"
"ST4-74.fa"	271398	271399	"ST4-74.fa_271398_-"	"CDS"	"-"	271397	271403	"SL1344_0232"	"dnaE"	"+"	"SL1344_0232"	"dnaE"	269543	273026	"NSR"	50	88.24	95.35	100	8	17	43	4	76.0032	95.7457446808511	"Constitutive"	"chromosome"	"intragenic"
"ST4-74.fa"	2714094	2714095	"ST4-74.fa_2714094_+"	"CDS"	"+"	2714090	2714096	"SL1344_2532"	"STM2570"	"-"	"SL1344_2532"	"STM2570"	2712923	2714285	"Left"	100	100	94.44	88.89	4	8	36	9	100	93.33	"Constitutive"	"chromosome"	"intragenic"
"ST4-74.fa"	2718350	2718351	"ST4-74.fa_2718350_-"	"intergenic"	"-"	2718349	2718355	"SL1344_2536"	"STM2574"	"-+"	"SL1344_2537"	"STM2575"	2718327	2718442	"Left"	100	100	92.5	66.67	6	10	40	6	100	89.1308695652174	"Constitutive"	"chromosome"	"intergenic"
"ST4-74.fa"	2721846	2721847	"ST4-74.fa_2721846_+"	"CDS"	"+"	2721842	2721848	"SL1344_2542"	"era"	"-"	"SL1344_2542"	"era"	2721641	2722547	"Left"	100	90	87.72	90.91	4	10	57	11	92.8571428571429	88.2360294117647	"Constitutive"	"chromosome"	"intragenic"
"ST4-74.fa"	272187	272188	"ST4-74.fa_272187_-"	"CDS"	"-"	272186	272192	"SL1344_0232"	"dnaE"	"+"	"SL1344_0232"	"dnaE"	269543	273026	"NSR"	100	85.71	70.83	80	2	14	24	5	87.49625	72.4110344827586	"Constitutive"	"chromosome"	"intragenic"
"ST4-74.fa"	2722667	2722668	"ST4-74.fa_2722667_-"	"CDS"	"-"	2722666	2722672	"SL1344_2543"	"rnc"	"-"	"SL1344_2543"	"rnc"	2722543	2723146	"Left"	50	92.86	85.71	75	4	14	42	4	83.3355555555556	84.7786956521739	"Constitutive"	"chromosome"	"intragenic"
"ST4-74.fa"	2723732	2723733	"ST4-74.fa_2723732_-"	"CDS"	"-"	2723731	2723737	"SL1344_2544"	"lepB"	"-"	"SL1344_2544"	"lepB"	2723497	2724472	"Left"	100	94.12	93.02	75	5	17	43	4	95.4563636363636	91.4863829787234	"Constitutive"	"chromosome"	"intragenic"
"ST4-74.fa"	2724248	2724249	"ST4-74.fa_2724248_+"	"CDS"	"+"	2724244	2724250	"SL1344_2544"	"lepB"	"-"	"SL1344_2544"	"lepB"	2723497	2724472	"Left"	66.67	63.64	78.43	75	3	11	51	8	64.2892857142857	77.9649152542373	"Constitutive"	"chromosome"	"intragenic"
"ST4-74.fa"	2724798	2724799	"ST4-74.fa_2724798_+"	"CDS"	"+"	2724794	2724800	"SL1344_2545"	"lepA"	"-"	"SL1344_2545"	"lepA"	2724488	2726288	"Left"	66.67	100	95.92	100	3	13	49	8	93.750625	96.4926315789474	"Constitutive"	"chromosome"	"intragenic"
"ST4-74.fa"	2725200	2725201	"ST4-74.fa_2725200_+"	"CDS"	"+"	2725196	2725202	"SL1344_2545"	"lepA"	"-"	"SL1344_2545"	"lepA"	2724488	2726288	"Left"	100	90.91	86	100	4	11	50	12	93.334	88.7096774193548	"Constitutive"	"chromosome"	"intragenic"
"ST4-74.fa"	2726426	2726427	"ST4-74.fa_2726426_-"	"intergenic"	"-"	2726425	2726431	"SL1344_2545"	"lepA"	"-+"	"SL1344_2546"	"gogB"	2726288	2726743	"Left"	60	88.89	90	66.67	5	18	40	3	82.6095652173913	88.3723255813954	"Constitutive"	"chromosome"	"intergenic"
"ST4-74.fa"	2729271	2729272	"ST4-74.fa_2729271_+"	"CDS"	"+"	2729267	2729273	"SL1344_2547"	"STM2585"	"+"	"SL1344_2547"	"STM2585"	2729141	2729588	"Left"	100	100	87.23	70	4	16	47	10	100	84.2071929824561	"Constitutive"	"chromosome"	"intragenic"
"ST4-74.fa"	2741746	2741747	"ST4-74.fa_2741746_-"	"CDS"	"-"	2741745	2741751	"SL1344_2558"	"STM2594"	"-"	"SL1344_2558"	"STM2594"	2740872	2743968	"Left"	100	75	87.18	87.5	9	8	39	8	88.2352941176471	87.2344680851064	"Constitutive"	"chromosome"	"intragenic"
"ST4-74.fa"	2742409	2742410	"ST4-74.fa_2742409_-"	"CDS"	"-"	2742408	2742414	"SL1344_2558"	"STM2594"	"-"	"SL1344_2558"	"STM2594"	2740872	2743968	"Left"	100	100	89.19	75	8	6	37	4	100	87.8056097560976	"Constitutive"	"chromosome"	"intragenic"
"ST4-74.fa"	2743696	2743697	"ST4-74.fa_2743696_-"	"CDS"	"-"	2743695	2743701	"SL1344_2558"	"STM2594"	"-"	"SL1344_2558"	"STM2594"	2740872	2743968	"Left"	85.71	60	79.07	100	7	10	43	4	70.5864705882353	80.8512765957447	"Constitutive"	"chromosome"	"intragenic"
"ST4-74.fa"	2743696	2743697	"ST4-74.fa_2743696_-"	"intergenic"	"-"	2743695	2743701	"STnc3770"	"no"	"+-"	"SL1344_2559"	"STM2595"	2743373	2743939	"Left"	85.71	60	79.07	100	7	10	43	4	70.5864705882353	80.8512765957447	"Constitutive"	"chromosome"	"intergenic"
"ST4-74.fa"	2744044	2744045	"ST4-74.fa_2744044_+"	"CDS"	"+"	2744040	2744046	"SL1344_2559"	"STM2595"	"-"	"SL1344_2559"	"STM2595"	2743939	2744257	"Left"	60	57.14	54.76	33.33	5	14	42	6	57.8926315789474	52.08125	"Constitutive"	"chromosome"	"intragenic"
"ST4-74.fa"	2744051	2744052	"ST4-74.fa_2744051_+"	"CDS"	"+"	2744047	2744053	"SL1344_2559"	"STM2595"	"-"	"SL1344_2559"	"STM2595"	2743939	2744257	"Left"	100	86.67	87.3	100	5	15	63	8	90.0025	88.730985915493	"Constitutive"	"chromosome"	"intragenic"
"ST4-74.fa"	2744853	2744854	"ST4-74.fa_2744853_+"	"CDS"	"+"	2744849	2744855	"SL1344_2561"	"STM2597"	"-"	"SL1344_2561"	"STM2597"	2744720	2745467	"Left"	77.78	86.67	82.98	50	9	15	47	6	83.33625	79.2464150943396	"Constitutive"	"chromosome"	"intragenic"
"ST4-74.fa"	2749028	2749029	"ST4-74.fa_2749028_+"	"CDS"	"+"	2749024	2749030	"SL1344_2567"	"STM2603"	"-"	"SL1344_2567"	"STM2603"	2748580	2749609	"Left"	80	92.86	88.46	90.91	5	14	52	11	89.4757894736842	88.8877777777778	"Constitutive"	"chromosome"	"intragenic"
"ST4-74.fa"	2750204	2750205	"ST4-74.fa_2750204_-"	"CDS"	"-"	2750203	2750209	"SL1344_2569"	"STM2605"	"-"	"SL1344_2569"	"STM2605"	2750023	2751472	"Left"	100	87.5	74.36	40	7	8	39	5	93.3333333333333	70.4554545454545	"Constitutive"	"chromosome"	"intragenic"
"ST4-74.fa"	2750875	2750876	"ST4-74.fa_2750875_+"	"CDS"	"+"	2750871	2750877	"SL1344_2569"	"STM2605"	"-"	"SL1344_2569"	"STM2605"	2750023	2751472	"Left"	100	77.78	73.91	66.67	6	9	46	6	86.668	73.0746153846154	"Constitutive"	"chromosome"	"intragenic"
"ST4-74.fa"	2751368	2751369	"ST4-74.fa_2751368_-"	"CDS"	"-"	2751367	2751373	"SL1344_2569"	"STM2605"	"-"	"SL1344_2569"	"STM2605"	2750023	2751472	"Left"	85.71	84.62	88.57	100	7	13	35	6	85.0015	90.2426829268293	"Constitutive"	"chromosome"	"intragenic"
"ST4-74.fa"	2754342	2754343	"ST4-74.fa_2754342_-"	"CDS"	"-"	2754341	2754347	"SL1344_2572"	"STM2608"	"-"	"SL1344_2572"	"STM2608"	2753273	2755205	"Left"	80	85.71	69.77	100	5	14	43	6	84.2073684210526	73.4716326530612	"Constitutive"	"chromosome"	"intragenic"
"ST4-74.fa"	2755002	2755003	"ST4-74.fa_2755002_+"	"CDS"	"+"	2754998	2755004	"SL1344_2572"	"STM2608"	"-"	"SL1344_2572"	"STM2608"	2753273	2755205	"Left"	100	81.82	86.67	100	2	11	60	3	84.6169230769231	87.3047619047619	"Constitutive"	"chromosome"	"intragenic"
"ST4-74.fa"	2755299	2755300	"ST4-74.fa_2755299_+"	"CDS"	"+"	2755295	2755301	"SL1344_2573"	"STM2609"	"-"	"SL1344_2573"	"STM2609"	2755176	2755722	"Left"	0	88.89	74.51	75	2	9	51	8	72.7281818181818	74.5764406779661	"Constitutive"	"chromosome"	"intragenic"
"ST4-74.fa"	2756694	2756695	"ST4-74.fa_2756694_-"	"CDS"	"-"	2756693	2756699	"SL1344_2575"	"STM2611"	"-"	"SL1344_2575"	"STM2611"	2756645	2757119	"Left"	100	91.67	85	100	7	12	40	5	94.7389473684211	86.6666666666667	"Constitutive"	"chromosome"	"intragenic"
"ST4-74.fa"	2760014	2760015	"ST4-74.fa_2760014_-"	"CDS"	"-"	2760013	2760019	"SL1344_2578"	"STM2616"	"-"	"SL1344_2578"	"STM2616"	2759752	2760316	"Left"	66.67	93.33	74	100	3	15	50	4	88.8866666666667	75.9259259259259	"Constitutive"	"chromosome"	"intragenic"
"ST4-74.fa"	2760658	2760659	"ST4-74.fa_2760658_-"	"CDS"	"-"	2760657	2760663	"SL1344_2579"	"STM2617"	"-"	"SL1344_2579"	"STM2617"	2760588	2761266	"Left"	80	89.47	83.78	100	5	19	37	8	87.4970833333334	86.6635555555556	"Constitutive"	"chromosome"	"intragenic"
"ST4-74.fa"	2761389	2761390	"ST4-74.fa_2761389_+"	"CDS"	"+"	2761385	2761391	"SL1344_2580"	"STM2618"	"-"	"SL1344_2580"	"STM2618"	2761262	2761403	"Left"	75	100	90.7	100	4	10	43	3	92.8571428571429	91.3065217391304	"Constitutive"	"chromosome"	"intragenic"
"ST4-74.fa"	2762778	2762779	"ST4-74.fa_2762778_+"	"CDS"	"+"	2762774	2762780	"SL1344_2582"	"STM2620"	"-"	"SL1344_2582"	"STM2620"	2762219	2762822	"Left"	100	83.33	76.09	0	3	6	46	1	88.8866666666667	74.4710638297872	"Constitutive"	"chromosome"	"intragenic"
"ST4-74.fa"	2767410	2767411	"ST4-74.fa_2767410_-"	"CDS"	"-"	2767409	2767415	"SL1344_2591"	"gpO"	"-"	"SL1344_2591"	"gpO"	2766787	2767693	"Left"	83.33	61.9	82.46	66.67	6	21	57	6	66.6622222222222	80.9561904761905	"Constitutive"	"chromosome"	"intragenic"
"ST4-74.fa"	2767415	2767416	"ST4-74.fa_2767415_+"	"CDS"	"+"	2767411	2767417	"SL1344_2591"	"gpO"	"-"	"SL1344_2591"	"gpO"	2766787	2767693	"Left"	87.5	100	98.15	83.33	8	7	54	6	93.3333333333333	96.668	"Constitutive"	"chromosome"	"intragenic"
"ST4-74.fa"	2767482	2767483	"ST4-74.fa_2767482_-"	"CDS"	"-"	2767481	2767487	"SL1344_2591"	"gpO"	"-"	"SL1344_2591"	"gpO"	2766787	2767693	"Left"	80	100	90.91	75	5	17	44	8	95.4545454545455	88.4623076923077	"Constitutive"	"chromosome"	"intragenic"
"ST4-74.fa"	2768477	2768478	"ST4-74.fa_2768477_-"	"CDS"	"-"	2768476	2768482	"SL1344_2593"	"SL1344_2593"	"+"	"SL1344_2593"	"SL1344_2593"	2768449	2768833	"Left"	100	82.61	94.23	80	7	23	52	10	86.6676666666667	91.9348387096774	"Constitutive"	"chromosome"	"intragenic"
"ST4-74.fa"	2770287	2770288	"ST4-74.fa_2770287_-"	"CDS"	"-"	2770286	2770292	"SL1344_2595"	"SL1344_2595"	"-"	"SL1344_2595"	"SL1344_2595"	2770177	2770384	"Left"	84.62	80	85.11	85.71	13	20	47	7	81.82	85.1877777777778	"Constitutive"	"chromosome"	"intragenic"
"ST4-74.fa"	2772203	2772204	"ST4-74.fa_2772203_-"	"CDS"	"-"	2772202	2772208	"SL1344_2597"	"recEb"	"+"	"SL1344_2597"	"recEb"	2771094	2774295	"Left"	87.5	30.77	65.71	75	8	13	35	8	52.3814285714286	67.4383720930232	"Constitutive"	"chromosome"	"intragenic"
"ST4-74.fa"	2773074	2773075	"ST4-74.fa_2773074_+"	"CDS"	"+"	2773070	2773076	"SL1344_2597"	"recEb"	"+"	"SL1344_2597"	"recEb"	2771094	2774295	"Left"	100	100	91.07	85.71	7	12	56	7	100	90.4744444444444	"Constitutive"	"chromosome"	"intragenic"
"ST4-74.fa"	2775128	2775129	"ST4-74.fa_2775128_+"	"CDS"	"+"	2775124	2775130	"SL1344_2597A"	"STM2633"	"+"	"SL1344_2597A"	"STM2633"	2774305	2775415	"Left"	100	90.91	95.38	87.5	10	11	65	8	95.2385714285714	94.5164383561644	"Constitutive"	"chromosome"	"intragenic"
"ST4-74.fa"	2776973	2776974	"ST4-74.fa_2776973_-"	"CDS"	"-"	2776972	2776978	"SL1344_2600"	"STM2636"	"-"	"SL1344_2600"	"STM2636"	2775999	2777229	"Left"	60	72.73	74.47	80	5	11	47	10	68.751875	75.4401754385965	"Constitutive"	"chromosome"	"intragenic"
"ST4-74.fa"	277802	277803	"ST4-74.fa_277802_-"	"CDS"	"-"	277801	277807	"SL1344_0235"	"ldcC"	"+"	"SL1344_0235"	"ldcC"	276016	278158	"NSR"	100	76.19	90.91	100	4	21	44	9	79.9996	92.4535849056604	"Constitutive"	"chromosome"	"intragenic"
"ST4-74.fa"	2778335	2778336	"ST4-74.fa_2778335_-"	"CDS"	"-"	2778334	2778340	"SL1344_2602"	"rseB"	"-"	"SL1344_2602"	"rseB"	2778202	2779159	"Left"	66.67	100	68.29	85.71	3	9	41	7	91.6675	70.8304166666667	"Constitutive"	"chromosome"	"intragenic"
"ST4-74.fa"	2779696	2779697	"ST4-74.fa_2779696_+"	"CDS"	"+"	2779692	2779698	"SL1344_2603"	"rseA"	"-"	"SL1344_2603"	"rseA"	2779158	2779809	"Left"	100	93.33	96.61	88.24	7	15	59	17	95.4522727272727	94.7377631578947	"Constitutive"	"chromosome"	"intragenic"
"ST4-74.fa"	2780360	2780361	"ST4-74.fa_2780360_-"	"CDS"	"-"	2780359	2780365	"SL1344_2604"	"rpoE"	"-"	"SL1344_2604"	"rpoE"	2779840	2780416	"Left"	33.33	46.67	53.85	40	6	15	52	10	42.8585714285714	51.6161290322581	"Constitutive"	"chromosome"	"intragenic"
"ST4-74.fa"	2781138	2781139	"ST4-74.fa_2781138_+"	"CDS"	"+"	2781134	2781140	"SL1344_2605"	"nadB"	"+"	"SL1344_2605"	"nadB"	2780840	2782463	"Left"	100	85.71	94.74	78.57	10	14	76	14	91.6641666666666	92.2246666666667	"Constitutive"	"chromosome"	"intragenic"
"ST4-74.fa"	2783553	2783554	"ST4-74.fa_2783553_-"	"CDS"	"-"	2783552	2783558	"SL1344_2607"	"srmB"	"+"	"SL1344_2607"	"srmB"	2783315	2784650	"Left"	100	86.67	88	83.33	5	15	50	6	90.0025	87.4996428571428	"Constitutive"	"chromosome"	"intragenic"
"ST4-74.fa"	2783775	2783776	"ST4-74.fa_2783775_-"	"CDS"	"-"	2783774	2783780	"SL1344_2607"	"srmB"	"+"	"SL1344_2607"	"srmB"	2783315	2784650	"Left"	57.14	89.47	76.09	100	7	19	46	9	80.7657692307692	80.0025454545455	"Constitutive"	"chromosome"	"intragenic"
"ST4-74.fa"	2785022	2785023	"ST4-74.fa_2785022_-"	"CDS"	"-"	2785021	2785027	"SL1344_2608"	"yfiE"	"-"	"SL1344_2608"	"yfiE"	2784667	2785567	"Left"	100	94.44	88.24	71.43	4	18	51	7	95.4509090909091	86.2112068965517	"Constitutive"	"chromosome"	"intragenic"
"ST4-74.fa"	279026	279027	"ST4-74.fa_279026_+"	"CDS"	"+"	279022	279028	"SL1344_0237"	"mesJ"	"+"	"SL1344_0237"	"mesJ"	278746	279958	"NSR"	100	88.89	92.45	100	5	9	53	8	92.8578571428571	93.4401639344262	"Constitutive"	"chromosome"	"intragenic"
"ST4-74.fa"	2791448	2791449	"ST4-74.fa_2791448_-"	"CDS"	"-"	2791447	2791453	"SL1344_2615"	"yfiQ"	"+"	"SL1344_2615"	"yfiQ"	2790292	2792953	"Left"	50	92.86	76.32	80	2	14	38	5	87.5025	76.7479069767442	"Constitutive"	"chromosome"	"intragenic"
"ST4-74.fa"	2794094	2794095	"ST4-74.fa_2794094_+"	"CDS"	"+"	2794090	2794096	"SL1344_2616"	"pssA"	"+"	"SL1344_2616"	"pssA"	2793067	2794423	"Left"	100	94.44	95.59	85.71	9	18	68	14	96.2933333333333	93.9031707317073	"Constitutive"	"chromosome"	"intragenic"
"ST4-74.fa"	2798190	2798191	"ST4-74.fa_2798190_+"	"rRNA"	"+"	2798186	2798192	"SL1344_rRNA_5"	"no"	"-"	"SL1344_rRNA_5"	"no"	2797141	2800175	"Left"	40	100	86.96	47.06	5	16	46	17	85.7142857142857	76.1933333333333	"Constitutive"	"chromosome"	"intragenic"
"ST4-74.fa"	2800713	2800714	"ST4-74.fa_2800713_-"	"rRNA"	"-"	2800712	2800718	"SL1344_rRNA_6"	"no"	"-"	"SL1344_rRNA_6"	"no"	2800519	2802063	"Left"	100	100	96.43	90	3	7	56	10	100	95.4557575757576	"Constitutive"	"chromosome"	"intragenic"
"ST4-74.fa"	2804905	2804906	"ST4-74.fa_2804905_-"	"CDS"	"-"	2804904	2804910	"SL1344_2620"	"clpB"	"-"	"SL1344_2620"	"clpB"	2802528	2805102	"Left"	87.5	100	93.65	87.5	8	14	63	8	95.4545454545455	92.9570422535211	"Constitutive"	"chromosome"	"intragenic"
"ST4-74.fa"	2806188	2806189	"ST4-74.fa_2806188_-"	"CDS"	"-"	2806187	2806193	"SL1344_2622"	"rluD"	"-"	"SL1344_2622"	"rluD"	2805959	2806940	"Left"	85.71	72.73	91.8	71.43	7	11	61	7	77.7777777777778	89.7030882352941	"Constitutive"	"chromosome"	"intragenic"
"ST4-74.fa"	2806875	2806876	"ST4-74.fa_2806875_-"	"CDS"	"-"	2806874	2806880	"SL1344_2622"	"rluD"	"-"	"SL1344_2622"	"rluD"	2805959	2806940	"Left"	44.44	37.5	57.38	83.33	9	16	61	6	39.9984	59.7038805970149	"Constitutive"	"chromosome"	"intragenic"
"ST4-74.fa"	2809546	2809547	"ST4-74.fa_2809546_+"	"CDS"	"+"	2809542	2809548	"SL1344_2625"	"pheA"	"+"	"SL1344_2625"	"pheA"	2808669	2809830	"Left"	60	100	95.16	87.5	5	14	62	8	89.4736842105263	94.2845714285714	"Constitutive"	"chromosome"	"intragenic"
"ST4-74.fa"	2811138	2811139	"ST4-74.fa_2811138_-"	"CDS"	"-"	2811137	2811143	"SL1344_2627"	"tyrA"	"-"	"SL1344_2627"	"tyrA"	2810756	2811824	"Left"	83.33	88.89	82.69	85.71	6	9	52	7	86.666	83.0483050847458	"Constitutive"	"chromosome"	"intragenic"
"ST4-74.fa"	2813800	2813801	"ST4-74.fa_2813800_-"	"CDS"	"-"	2813799	2813805	"SL1344_2629"	"yfiR"	"+"	"SL1344_2629"	"yfiR"	2813397	2813916	"Left"	83.33	83.33	95.08	91.67	6	12	61	12	83.33	94.5194520547945	"Constitutive"	"chromosome"	"intragenic"
"ST4-74.fa"	2819310	2819311	"ST4-74.fa_2819310_-"	"CDS"	"-"	2819309	2819315	"SL1344_2638"	"STM2732"	"+"	"SL1344_2638"	"STM2732"	2819252	2819480	"Left"	100	100	100	90.91	3	5	33	11	100	97.7275	"Constitutive"	"chromosome"	"intragenic"
"ST4-74.fa"	2824367	2824368	"ST4-74.fa_2824367_+"	"CDS"	"+"	2824363	2824369	"SL1344_2643"	"gpD"	"+"	"SL1344_2643"	"gpD"	2823569	2824736	"Left"	50	85.71	87.8	100	4	7	41	10	72.7245454545454	90.1921568627451	"Constitutive"	"chromosome"	"intragenic"
"ST4-74.fa"	2827600	2827601	"ST4-74.fa_2827600_+"	"CDS"	"+"	2827596	2827602	"SL1344_2648"	"rimM"	"-"	"SL1344_2648"	"rimM"	2827260	2827809	"Left"	50	77.78	86.79	100	6	9	53	6	66.668	88.1333898305085	"Constitutive"	"chromosome"	"intragenic"
"ST4-74.fa"	2827855	2827856	"ST4-74.fa_2827855_+"	"CDS"	"+"	2827851	2827857	"SL1344_2649"	"rps16"	"-"	"SL1344_2649"	"rps16"	2827827	2828076	"Left"	75	71.43	91.89	100	4	7	37	2	72.7281818181818	92.3058974358974	"Constitutive"	"chromosome"	"intragenic"
"ST4-74.fa"	2829968	2829969	"ST4-74.fa_2829968_-"	"CDS"	"-"	2829967	2829973	"SL1344_2651"	"corE"	"+"	"SL1344_2651"	"corE"	2829916	2830708	"Left"	100	100	93.33	100	8	10	45	5	100	93.997	"Constitutive"	"chromosome"	"intragenic"
"ST4-74.fa"	2830926	2830927	"ST4-74.fa_2830926_-"	"CDS"	"-"	2830925	2830931	"SL1344_2652"	"corB"	"+"	"SL1344_2652"	"corB"	2830772	2832014	"Left"	100	71.43	90	100	6	7	30	3	84.6161538461538	90.9090909090909	"Constitutive"	"chromosome"	"intragenic"
"ST4-74.fa"	2833303	2833304	"ST4-74.fa_2833303_-"	"CDS"	"-"	2833302	2833308	"SL1344_2654"	"grpE"	"-"	"SL1344_2654"	"grpE"	2832774	2833365	"Left"	100	77.78	91.67	100	8	9	36	6	88.2364705882353	92.86	"Constitutive"	"chromosome"	"intragenic"
"ST4-74.fa"	2833422	2833423	"ST4-74.fa_2833422_+"	"intergenic"	"+"	2833418	2833424	"SL1344_2654"	"grpE"	"-+"	"SL1344_2655"	"ppnK"	2833365	2833487	"Left"	50	60	55.56	50	2	10	27	4	58.3333333333333	54.8425806451613	"Constitutive"	"chromosome"	"intergenic"
"ST4-74.fa"	2833584	2833585	"ST4-74.fa_2833584_+"	"CDS"	"+"	2833580	2833586	"SL1344_2655"	"ppnK"	"+"	"SL1344_2655"	"ppnK"	2833487	2834366	"Left"	100	90	93.75	100	3	10	32	7	92.3076923076923	94.8717948717949	"Constitutive"	"chromosome"	"intragenic"
"ST4-74.fa"	2834022	2834023	"ST4-74.fa_2834022_-"	"CDS"	"-"	2834021	2834027	"SL1344_2655"	"ppnK"	"+"	"SL1344_2655"	"ppnK"	2833487	2834366	"Left"	80	71.43	79.31	71.43	5	7	29	7	75.0008333333333	77.7777777777778	"Constitutive"	"chromosome"	"intragenic"
"ST4-74.fa"	2835466	2835467	"ST4-74.fa_2835466_+"	"CDS"	"+"	2835462	2835468	"SL1344_2656"	"recN"	"+"	"SL1344_2656"	"recN"	2834451	2836113	"Left"	100	100	92.11	100	2	10	38	8	100	93.4821739130435	"Constitutive"	"chromosome"	"intragenic"
"ST4-74.fa"	2837226	2837227	"ST4-74.fa_2837226_+"	"CDS"	"+"	2837222	2837228	"SL1344_2659"	"yfjG"	"-"	"SL1344_2659"	"yfjG"	2837045	2837501	"Left"	100	100	92.31	100	6	7	39	5	100	93.1838636363636	"Constitutive"	"chromosome"	"intragenic"
"ST4-74.fa"	2845884	2845885	"ST4-74.fa_2845884_+"	"CDS"	"+"	2845880	2845886	"SL1344_2661"	"bapA"	"+"	"SL1344_2661"	"bapA"	2838767	2850242	"Left"	77.78	84.62	83.78	100	9	13	37	4	81.8218181818182	85.3624390243902	"Constitutive"	"chromosome"	"intragenic"
"ST4-74.fa"	2849616	2849617	"ST4-74.fa_2849616_+"	"CDS"	"+"	2849612	2849618	"SL1344_2661"	"bapA"	"+"	"SL1344_2661"	"bapA"	2838767	2850242	"Left"	77.78	90	100	100	9	10	37	3	84.2115789473684	100	"Constitutive"	"chromosome"	"intragenic"
"ST4-74.fa"	2853958	2853959	"ST4-74.fa_2853958_-"	"CDS"	"-"	2853957	2853963	"SL1344_2664"	"STM2692"	"+"	"SL1344_2664"	"STM2692"	2853900	2855064	"Left"	50	63.64	73.47	42.86	4	11	49	7	60.0026666666667	69.64375	"Constitutive"	"chromosome"	"intragenic"
"ST4-74.fa"	2856064	2856065	"ST4-74.fa_2856064_+"	"CDS"	"+"	2856060	2856066	"SL1344_2666"	"STM2695"	"-"	"SL1344_2666"	"STM2695"	2855902	2857003	"Left"	100	75	75	66.67	3	8	28	3	81.8181818181818	74.1938709677419	"Constitutive"	"chromosome"	"intragenic"
"ST4-74.fa"	2856346	2856347	"ST4-74.fa_2856346_+"	"CDS"	"+"	2856342	2856348	"SL1344_2666"	"STM2695"	"-"	"SL1344_2666"	"STM2695"	2855902	2857003	"Left"	100	80	88.64	66.67	6	5	44	3	90.9090909090909	87.2376595744681	"Constitutive"	"chromosome"	"intragenic"
"ST4-74.fa"	285640	285641	"ST4-74.fa_285640_+"	"CDS"	"+"	285636	285642	"SL1344_0246"	"metQ"	"-"	"SL1344_0246"	"metQ"	285513	286329	"NSR"	87.5	100	84.62	85.71	8	14	52	7	95.4545454545455	84.7493220338983	"Constitutive"	"chromosome"	"intragenic"
"ST4-74.fa"	2856988	2856989	"ST4-74.fa_2856988_+"	"CDS"	"+"	2856984	2856990	"SL1344_2666"	"STM2695"	"-"	"SL1344_2666"	"STM2695"	2855902	2857003	"Left"	50	54.55	62.5	50	6	11	40	4	52.9441176470588	61.3636363636364	"Constitutive"	"chromosome"	"intragenic"
"ST4-74.fa"	2857500	2857501	"ST4-74.fa_2857500_-"	"CDS"	"-"	2857499	2857505	"SL1344_2668"	"STM2697"	"-"	"SL1344_2668"	"STM2697"	2857481	2860289	"Left"	100	90	88.24	100	5	10	34	8	93.3333333333333	90.48	"Constitutive"	"chromosome"	"intragenic"
"ST4-74.fa"	2859759	2859760	"ST4-74.fa_2859759_-"	"CDS"	"-"	2859758	2859764	"SL1344_2668"	"STM2697"	"-"	"SL1344_2668"	"STM2697"	2857481	2860289	"Left"	85.71	72.73	75	80	7	11	40	5	77.7777777777778	75.5555555555556	"Constitutive"	"chromosome"	"intragenic"
"ST4-74.fa"	286048	286049	"ST4-74.fa_286048_-"	"CDS"	"-"	286047	286053	"SL1344_0246"	"metQ"	"-"	"SL1344_0246"	"metQ"	285513	286329	"NSR"	100	100	93.33	87.5	3	12	45	8	100	92.45	"Constitutive"	"chromosome"	"intragenic"
"ST4-74.fa"	2861925	2861926	"ST4-74.fa_2861925_+"	"CDS"	"+"	2861921	2861927	"SL1344_2672"	"STM2701"	"-"	"SL1344_2672"	"STM2701"	2861297	2862470	"Left"	75	85.71	83.72	100	4	7	43	3	81.8154545454545	84.7817391304348	"Constitutive"	"chromosome"	"intragenic"
"ST4-74.fa"	2862240	2862241	"ST4-74.fa_2862240_-"	"CDS"	"-"	2862239	2862245	"SL1344_2672"	"STM2701"	"-"	"SL1344_2672"	"STM2701"	2861297	2862470	"Left"	71.43	83.33	66.67	75	7	6	45	12	76.9223076923077	68.4236842105263	"Constitutive"	"chromosome"	"intragenic"
"ST4-74.fa"	2862776	2862777	"ST4-74.fa_2862776_+"	"CDS"	"+"	2862772	2862778	"SL1344_2673"	"STM2702"	"-"	"SL1344_2673"	"STM2702"	2862586	2862790	"Left"	66.67	72.73	86.54	88.89	6	11	52	9	70.5911764705883	86.8867213114754	"Constitutive"	"chromosome"	"intragenic"
"ST4-74.fa"	2863376	2863377	"ST4-74.fa_2863376_+"	"CDS"	"+"	2863372	2863378	"SL1344_2674"	"sopE"	"+"	"SL1344_2674"	"sopE"	2863003	2863726	"Left"	50	80	80.43	60	6	10	46	5	68.75	78.4270588235294	"Constitutive"	"chromosome"	"intragenic"
"ST4-74.fa"	286560	286561	"ST4-74.fa_286560_+"	"CDS"	"+"	286556	286562	"SL1344_0247"	"yaeE"	"-"	"SL1344_0247"	"yaeE"	286367	287021	"NSR"	100	92.86	90.24	85.71	7	14	41	7	95.24	89.579375	"Constitutive"	"chromosome"	"intragenic"
"ST4-74.fa"	2865657	2865658	"ST4-74.fa_2865657_+"	"CDS"	"+"	2865653	2865659	"SL1344_2676"	"STM2706"	"-"	"SL1344_2676"	"STM2706"	2864336	2865956	"Left"	71.43	85.71	100	100	7	14	40	7	80.95	100	"Constitutive"	"chromosome"	"intragenic"
"ST4-74.fa"	2866274	2866275	"ST4-74.fa_2866274_+"	"CDS"	"+"	2866270	2866276	"SL1344_2677"	"gpI"	"-"	"SL1344_2677"	"gpI"	2865952	2866558	"Left"	80	66.67	78.72	80	5	15	47	5	70.0025	78.8430769230769	"Constitutive"	"chromosome"	"intragenic"
"ST4-74.fa"	2866434	2866435	"ST4-74.fa_2866434_-"	"CDS"	"-"	2866433	2866439	"SL1344_2677"	"gpI"	"-"	"SL1344_2677"	"gpI"	2865952	2866558	"Left"	87.5	90	86	75	8	10	50	12	88.8888888888889	83.8709677419355	"Constitutive"	"chromosome"	"intragenic"
"ST4-74.fa"	2868336	2868337	"ST4-74.fa_2868336_+"	"CDS"	"+"	2868332	2868338	"SL1344_2680"	"STM2710"	"-"	"SL1344_2680"	"STM2710"	2867801	2868380	"Left"	100	85.71	97.1	100	8	14	69	7	90.9063636363636	97.3671052631579	"Constitutive"	"chromosome"	"intragenic"
"ST4-74.fa"	2869691	2869692	"ST4-74.fa_2869691_+"	"CDS"	"+"	2869687	2869693	"SL1344_2684"	"STM2714"	"-"	"SL1344_2684"	"STM2714"	2869414	2869843	"Left"	100	90.91	91.94	100	7	11	62	8	94.445	92.8611428571429	"Constitutive"	"chromosome"	"intragenic"
"ST4-74.fa"	2870621	2870622	"ST4-74.fa_2870621_+"	"CDS"	"+"	2870617	2870623	"SL1344_2686"	"nucD2"	"-"	"SL1344_2686"	"nucD2"	2870218	2870689	"Left"	100	92.86	86.05	100	4	14	43	8	94.4466666666667	88.2382352941176	"Constitutive"	"chromosome"	"intragenic"
"ST4-74.fa"	2871871	2871872	"ST4-74.fa_2871871_+"	"CDS"	"+"	2871867	2871873	"SL1344_2690"	"STM2719"	"-"	"SL1344_2690"	"STM2719"	2871688	2872342	"Left"	60	72.73	62.5	62.5	5	11	40	8	68.751875	62.5	"Constitutive"	"chromosome"	"intragenic"
"ST4-74.fa"	2872769	2872770	"ST4-74.fa_2872769_+"	"CDS"	"+"	2872765	2872771	"SL1344_2691"	"STM2720"	"-"	"SL1344_2691"	"STM2720"	2872345	2873428	"Left"	100	85.71	96.61	100	6	14	59	12	89.997	97.1829577464789	"Constitutive"	"chromosome"	"intragenic"
"ST4-74.fa"	2873781	2873782	"ST4-74.fa_2873781_+"	"CDS"	"+"	2873777	2873783	"SL1344_2692"	"STM2721"	"-"	"SL1344_2692"	"STM2721"	2873444	2874278	"Left"	100	100	94.74	100	7	13	57	15	100	95.8358333333333	"Constitutive"	"chromosome"	"intragenic"
"ST4-74.fa"	2874589	2874590	"ST4-74.fa_2874589_+"	"CDS"	"+"	2874585	2874591	"SL1344_2693"	"STM2722"	"+"	"SL1344_2693"	"STM2722"	2874420	2876187	"Left"	100	75	92	91.67	4	12	50	12	81.25	91.9361290322581	"Constitutive"	"chromosome"	"intragenic"
"ST4-74.fa"	2882843	2882844	"ST4-74.fa_2882843_+"	"CDS"	"+"	2882839	2882845	"SL1344_2701"	"STM2729"	"-"	"SL1344_2701"	"STM2729"	2881396	2883640	"Left"	80	92.86	96.15	88.89	5	14	52	9	89.4757894736842	95.0788524590164	"Constitutive"	"chromosome"	"intragenic"
"ST4-74.fa"	2883059	2883060	"ST4-74.fa_2883059_-"	"CDS"	"-"	2883058	2883064	"SL1344_2701"	"STM2729"	"-"	"SL1344_2701"	"STM2729"	2881396	2883640	"Left"	83.33	92.31	93.88	100	6	13	49	14	89.4742105263158	95.24	"Constitutive"	"chromosome"	"intragenic"
"ST4-74.fa"	2883310	2883311	"ST4-74.fa_2883310_+"	"CDS"	"+"	2883306	2883312	"SL1344_2701"	"STM2729"	"-"	"SL1344_2701"	"STM2729"	2881396	2883640	"Left"	71.43	53.85	69.39	66.67	7	13	49	6	60.003	69.0932727272727	"Constitutive"	"chromosome"	"intragenic"
"ST4-74.fa"	2883488	2883489	"ST4-74.fa_2883488_+"	"CDS"	"+"	2883484	2883490	"SL1344_2701"	"STM2729"	"-"	"SL1344_2701"	"STM2729"	2881396	2883640	"Left"	100	92.86	96.08	87.5	7	14	51	8	95.24	94.9166101694915	"Constitutive"	"chromosome"	"intragenic"
"ST4-74.fa"	2885871	2885872	"ST4-74.fa_2885871_-"	"intergenic"	"-"	2885870	2885876	"SL1344_2705"	"SL1344_2705"	"--"	"SL1344_2706"	"cIIc"	2885608	2885952	"NSL"	90	90	84.44	85.71	10	10	45	7	90	84.6109615384615	"Constitutive"	"chromosome"	"intergenic"
"ST4-74.fa"	2886086	2886087	"ST4-74.fa_2886086_-"	"CDS"	"-"	2886085	2886091	"SL1344_2706"	"cIIc"	"-"	"SL1344_2706"	"cIIc"	2885952	2886462	"NSL"	85.71	87.5	76.32	80	7	8	38	5	86.6646666666666	76.7479069767442	"Constitutive"	"chromosome"	"intragenic"
"ST4-74.fa"	2886552	2886553	"ST4-74.fa_2886552_-"	"CDS"	"-"	2886551	2886557	"SL1344_2707"	"apl"	"-"	"SL1344_2707"	"apl"	2886494	2886743	"NSL"	87.5	90.91	80.95	60	8	11	42	5	89.4742105263158	78.7212765957447	"Constitutive"	"chromosome"	"intragenic"
"ST4-74.fa"	2887505	2887506	"ST4-74.fa_2887505_+"	"CDS"	"+"	2887501	2887507	"SL1344_2709"	"STM2739"	"+"	"SL1344_2709"	"STM2739"	2887496	2888522	"NSL"	100	46.15	46.51	40	3	13	43	5	56.246875	45.831875	"Constitutive"	"chromosome"	"intragenic"
"ST4-74.fa"	290528	290529	"ST4-74.fa_290528_+"	"rRNA"	"+"	290524	290530	"SL1344_rRNA_1"	"no"	"+"	"SL1344_rRNA_1"	"no"	289179	290723	"NSR"	100	93.33	94.64	38.71	6	15	56	31	95.2357142857143	74.7109195402299	"Constitutive"	"chromosome"	"intragenic"
"ST4-74.fa"	2909017	2909018	"ST4-74.fa_2909017_-"	"CDS"	"-"	2909016	2909022	"SL1344_2730"	"STM2746"	"+"	"SL1344_2730"	"STM2746"	2908637	2909921	"NSL"	100	82.35	92.16	60	5	17	51	10	86.3613636363636	86.887868852459	"Constitutive"	"chromosome"	"intragenic"
"ST4-74.fa"	2909591	2909592	"ST4-74.fa_2909591_+"	"CDS"	"+"	2909587	2909593	"SL1344_2730"	"STM2746"	"+"	"SL1344_2730"	"STM2746"	2908637	2909921	"NSL"	42.86	50	33.33	50	7	10	33	8	47.06	36.5826829268293	"Constitutive"	"chromosome"	"intragenic"
"ST4-74.fa"	2911190	2911191	"ST4-74.fa_2911190_+"	"CDS"	"+"	2911186	2911192	"SL1344_2732"	"STM2748"	"-"	"SL1344_2732"	"STM2748"	2910938	2911229	"NSL"	100	50	58.62	63.64	2	8	29	11	60	60.0005	"Constitutive"	"chromosome"	"intragenic"
"ST4-74.fa"	2916322	2916323	"ST4-74.fa_2916322_-"	"CDS"	"-"	2916321	2916327	"SL1344_2739"	"hxlA"	"-"	"SL1344_2739"	"hxlA"	2916250	2916886	"NSL"	0	46.15	56.41	33.33	3	13	39	6	37.496875	53.3326666666667	"Constitutive"	"chromosome"	"intragenic"
"ST4-74.fa"	2918115	2918116	"ST4-74.fa_2918115_-"	"CDS"	"-"	2918114	2918120	"SL1344_2741"	"STM2757"	"-"	"SL1344_2741"	"STM2757"	2917472	2918315	"NSL"	66.67	100	95.83	87.5	3	8	48	8	90.91	94.64	"Constitutive"	"chromosome"	"intragenic"
"ST4-74.fa"	2919192	2919193	"ST4-74.fa_2919192_-"	"CDS"	"-"	2919191	2919197	"SL1344_2742"	"STM2758"	"-"	"SL1344_2742"	"STM2758"	2918444	2919986	"NSL"	80	80	91.3	100	5	10	46	12	80	93.1	"Constitutive"	"chromosome"	"intragenic"
"ST4-74.fa"	2919318	2919319	"ST4-74.fa_2919318_+"	"CDS"	"+"	2919314	2919320	"SL1344_2742"	"STM2758"	"-"	"SL1344_2742"	"STM2758"	2918444	2919986	"NSL"	100	100	91.43	100	7	8	35	8	100	93.0244186046512	"Constitutive"	"chromosome"	"intragenic"
"ST4-74.fa"	2919723	2919724	"ST4-74.fa_2919723_-"	"CDS"	"-"	2919722	2919728	"SL1344_2742"	"STM2758"	"-"	"SL1344_2742"	"STM2758"	2918444	2919986	"NSL"	100	90.91	89.47	100	4	11	57	7	93.334	90.62171875	"Constitutive"	"chromosome"	"intragenic"
"ST4-74.fa"	2931094	2931095	"ST4-74.fa_2931094_+"	"CDS"	"+"	2931090	2931096	"SL1344_2752"	"STM2767"	"-"	"SL1344_2752"	"STM2767"	2930995	2932978	"NSL"	100	88.24	93.62	80	6	17	47	15	91.3078260869565	90.3248387096774	"Constitutive"	"chromosome"	"intragenic"
"ST4-74.fa"	293293	293294	"ST4-74.fa_293293_-"	"rRNA"	"-"	293292	293298	"SL1344_rRNA_2"	"no"	"+"	"SL1344_rRNA_2"	"no"	291234	294327	"NSR"	100	63.64	86.05	47.06	4	11	43	17	73.336	75.0028333333333	"Constitutive"	"chromosome"	"intragenic"
"ST4-74.fa"	2933190	2933191	"ST4-74.fa_2933190_-"	"intergenic"	"-"	2933189	2933195	"SL1344_2752"	"STM2767"	"-+"	"SL1344_2753"	"STM2768"	2932978	2933256	"NSL"	87.5	57.14	59.52	50	8	14	42	6	68.18	58.33	"Constitutive"	"chromosome"	"intergenic"
"ST4-74.fa"	2936021	2936022	"ST4-74.fa_2936021_+"	"CDS"	"+"	2936017	2936023	"SL1344_2756"	"fljB"	"-"	"SL1344_2756"	"fljB"	2935805	2937326	"NSL"	100	92.86	88.89	62.5	7	14	54	8	95.24	85.4848387096774	"Constitutive"	"chromosome"	"intragenic"
"ST4-74.fa"	2939563	2939564	"ST4-74.fa_2939563_-"	"CDS"	"-"	2939562	2939568	"SL1344_2758"	"iroB"	"+"	"SL1344_2758"	"iroB"	2938952	2940068	"NSL"	83.33	93.33	85.45	61.54	6	15	55	13	90.4728571428572	80.8789705882353	"Constitutive"	"chromosome"	"intragenic"
"ST4-74.fa"	2940042	2940043	"ST4-74.fa_2940042_-"	"CDS"	"-"	2940041	2940047	"SL1344_2758"	"iroB"	"+"	"SL1344_2758"	"iroB"	2938952	2940068	"NSL"	83.33	86.67	81.25	88.89	6	15	48	9	85.7157142857143	82.4563157894737	"Constitutive"	"chromosome"	"intragenic"
"ST4-74.fa"	2943173	2943174	"ST4-74.fa_2943173_-"	"CDS"	"-"	2943172	2943178	"SL1344_2759"	"iroC"	"+"	"SL1344_2759"	"iroC"	2940148	2943802	"NSL"	57.14	90	85.71	77.78	7	10	42	9	76.4694117647059	84.3105882352941	"Constitutive"	"chromosome"	"intragenic"
"ST4-74.fa"	2946675	2946676	"ST4-74.fa_2946675_-"	"CDS"	"-"	2946674	2946680	"SL1344_2762"	"iroN"	"-"	"SL1344_2762"	"iroN"	2946164	2948345	"NSL"	75	100	67.5	69.23	4	6	40	13	90	67.9243396226415	"Constitutive"	"chromosome"	"intragenic"
"ST4-74.fa"	2952381	2952382	"ST4-74.fa_2952381_+"	"CDS"	"+"	2952377	2952383	"SL1344_2765"	"mig-14"	"+"	"SL1344_2765"	"mig-14"	2952170	2953067	"NSL"	100	92.31	90.48	62.5	5	13	42	8	94.4461111111111	86.0032	"Constitutive"	"chromosome"	"intragenic"
"ST4-74.fa"	295342	295343	"ST4-74.fa_295342_-"	"CDS"	"-"	295341	295347	"SL1344_0250"	"dkgB"	"+"	"SL1344_0250"	"dkgB"	295059	295863	"NSR"	100	100	89.8	83.33	5	13	49	6	100	89.0941818181818	"Constitutive"	"chromosome"	"intragenic"
"ST4-74.fa"	2959125	2959126	"ST4-74.fa_2959125_-"	"CDS"	"-"	2959124	2959130	"SL1344_2772"	"STM2788"	"+"	"SL1344_2772"	"STM2788"	2958599	2960114	"NSL"	100	100	90.38	66.67	5	6	52	6	100	87.9272413793104	"Constitutive"	"chromosome"	"intragenic"
"ST4-74.fa"	2959713	2959714	"ST4-74.fa_2959713_-"	"CDS"	"-"	2959712	2959718	"SL1344_2772"	"STM2788"	"+"	"SL1344_2772"	"STM2788"	2958599	2960114	"NSL"	100	100	94.23	88.89	6	8	52	9	100	93.442131147541	"Constitutive"	"chromosome"	"intragenic"
"ST4-74.fa"	2959911	2959912	"ST4-74.fa_2959911_-"	"CDS"	"-"	2959910	2959916	"SL1344_2772"	"STM2788"	"+"	"SL1344_2772"	"STM2788"	2958599	2960114	"NSL"	100	100	91.67	90	4	7	48	10	100	91.3820689655172	"Constitutive"	"chromosome"	"intragenic"
"ST4-74.fa"	2960025	2960026	"ST4-74.fa_2960025_-"	"CDS"	"-"	2960024	2960030	"SL1344_2772"	"STM2788"	"+"	"SL1344_2772"	"STM2788"	2958599	2960114	"NSL"	100	87.5	80.77	66.67	5	8	52	6	92.3076923076923	79.3113793103448	"Constitutive"	"chromosome"	"intragenic"
"ST4-74.fa"	2960707	2960708	"ST4-74.fa_2960707_+"	"CDS"	"+"	2960703	2960709	"SL1344_2773"	"csiD"	"+"	"SL1344_2773"	"csiD"	2960407	2961394	"NSL"	100	69.23	89.09	50	6	13	55	2	78.9468421052632	87.7184210526316	"Constitutive"	"chromosome"	"intragenic"
"ST4-74.fa"	2966360	2966361	"ST4-74.fa_2966360_-"	"CDS"	"-"	2966359	2966365	"SL1344_2777"	"gabP"	"+"	"SL1344_2777"	"gabP"	2965585	2966986	"NSL"	100	80	88.57	92.31	7	5	35	13	91.6666666666667	89.5829166666667	"Constitutive"	"chromosome"	"intragenic"
"ST4-74.fa"	2967424	2967425	"ST4-74.fa_2967424_+"	"CDS"	"+"	2967420	2967426	"SL1344_2778"	"ygaE"	"+"	"SL1344_2778"	"ygaE"	2967027	2967705	"NSL"	100	100	97.5	90	5	11	40	10	100	96	"Constitutive"	"chromosome"	"intragenic"
"ST4-74.fa"	2967919	2967920	"ST4-74.fa_2967919_-"	"CDS"	"-"	2967918	2967924	"SL1344_2779"	"ygaU"	"-"	"SL1344_2779"	"ygaU"	2967726	2968176	"NSL"	80	87.5	95.83	80	5	8	48	10	84.6153846153846	93.1006896551724	"Constitutive"	"chromosome"	"intragenic"
"ST4-74.fa"	2968096	2968097	"ST4-74.fa_2968096_-"	"CDS"	"-"	2968095	2968101	"SL1344_2779"	"ygaU"	"-"	"SL1344_2779"	"ygaU"	2967726	2968176	"NSL"	80	87.5	87.23	90	5	8	47	10	84.6153846153846	87.7159649122807	"Constitutive"	"chromosome"	"intragenic"
"ST4-74.fa"	2970872	2970873	"ST4-74.fa_2970872_-"	"intergenic"	"-"	2970871	2970877	"SL1344_2783"	"stpA"	"-+"	"SL1344_2784"	"STM2800"	2970202	2970900	"NSL"	50	100	77.19	88.89	2	5	57	9	85.7142857142857	78.7854545454545	"Constitutive"	"chromosome"	"intergenic"
"ST4-74.fa"	2971589	2971590	"ST4-74.fa_2971589_+"	"CDS"	"+"	2971585	2971591	"SL1344_2785"	"ygaC"	"-"	"SL1344_2785"	"ygaC"	2971384	2971735	"NSL"	75	75	82.98	83.33	12	12	47	6	75	83.0196226415095	"Constitutive"	"chromosome"	"intragenic"
"ST4-74.fa"	2979726	2979727	"ST4-74.fa_2979726_-"	"CDS"	"-"	2979725	2979731	"SL1344_2794"	"proV"	"+"	"SL1344_2794"	"proV"	2978526	2979729	"NSL"	100	66.67	82.14	100	4	9	28	5	76.9253846153846	84.8460606060606	"Constitutive"	"chromosome"	"intragenic"
"ST4-74.fa"	2979726	2979727	"ST4-74.fa_2979726_-"	"CDS"	"-"	2979725	2979731	"SL1344_2795"	"proW"	"+"	"SL1344_2795"	"proW"	2979721	2980786	"NSL"	100	66.67	82.14	100	4	9	28	5	76.9253846153846	84.8460606060606	"Constitutive"	"chromosome"	"intragenic"
"ST4-74.fa"	2979902	2979903	"ST4-74.fa_2979902_-"	"CDS"	"-"	2979901	2979907	"SL1344_2795"	"proW"	"+"	"SL1344_2795"	"proW"	2979721	2980786	"NSL"	100	91.67	98.04	100	4	12	51	8	93.7525	98.3057627118644	"Constitutive"	"chromosome"	"intragenic"
"ST4-74.fa"	2980118	2980119	"ST4-74.fa_2980118_-"	"CDS"	"-"	2980117	2980123	"SL1344_2795"	"proW"	"+"	"SL1344_2795"	"proW"	2979721	2980786	"NSL"	50	90	92.68	100	6	10	41	10	75	94.1152941176471	"Constitutive"	"chromosome"	"intragenic"
"ST4-74.fa"	2981207	2981208	"ST4-74.fa_2981207_-"	"CDS"	"-"	2981206	2981212	"SL1344_2796"	"proX"	"+"	"SL1344_2796"	"proX"	2980855	2981851	"NSL"	75	100	85.42	100	4	6	48	11	90	88.1383050847458	"Constitutive"	"chromosome"	"intragenic"
"ST4-74.fa"	29820	29821	"ST4-74.fa_29820_+"	"CDS"	"+"	29816	29822	"SL1344_0025"	"bcfE"	"+"	"SL1344_0025"	"bcfE"	29432	29978	"NSR"	87.5	85	84.44	75	8	20	45	4	85.7142857142857	83.669387755102	"Constitutive"	"chromosome"	"intragenic"
"ST4-74.fa"	2982049	2982050	"ST4-74.fa_2982049_-"	"CDS"	"-"	2982048	2982054	"SL1344_2797"	"STM2812"	"+"	"SL1344_2797"	"STM2812"	2982015	2983200	"NSL"	100	60	85.11	100	3	5	47	5	75	86.5417307692308	"Constitutive"	"chromosome"	"intragenic"
"ST4-74.fa"	2982286	2982287	"ST4-74.fa_2982286_-"	"CDS"	"-"	2982285	2982291	"SL1344_2797"	"STM2812"	"+"	"SL1344_2797"	"STM2812"	2982015	2983200	"NSL"	20	100	87.1	69.23	5	4	31	13	55.5555555555556	81.8202272727273	"Constitutive"	"chromosome"	"intragenic"
"ST4-74.fa"	2984633	2984634	"ST4-74.fa_2984633_+"	"CDS"	"+"	2984629	2984635	"SL1344_2799"	"emrA"	"+"	"SL1344_2799"	"emrA"	2984353	2985526	"NSL"	90	94.12	92.86	90	10	17	42	10	92.5940740740741	92.31	"Constitutive"	"chromosome"	"intragenic"
"ST4-74.fa"	2984939	2984940	"ST4-74.fa_2984939_+"	"CDS"	"+"	2984935	2984941	"SL1344_2799"	"emrA"	"+"	"SL1344_2799"	"emrA"	2984353	2985526	"NSL"	66.67	66.67	84.62	55.56	6	12	39	9	66.67	79.17125	"Constitutive"	"chromosome"	"intragenic"
"ST4-74.fa"	2985491	2985492	"ST4-74.fa_2985491_-"	"CDS"	"-"	2985490	2985496	"SL1344_2799"	"emrA"	"+"	"SL1344_2799"	"emrA"	2984353	2985526	"NSL"	100	85.71	91.84	100	7	7	49	10	92.855	93.2230508474576	"Constitutive"	"chromosome"	"intragenic"
"ST4-74.fa"	2985855	2985856	"ST4-74.fa_2985855_-"	"CDS"	"-"	2985854	2985860	"SL1344_2800"	"emrB"	"+"	"SL1344_2800"	"emrB"	2985542	2987081	"NSL"	100	66.67	85.29	85.71	5	6	34	7	81.82	85.3617073170732	"Constitutive"	"chromosome"	"intragenic"
"ST4-74.fa"	2986284	2986285	"ST4-74.fa_2986284_-"	"CDS"	"-"	2986283	2986289	"SL1344_2800"	"emrB"	"+"	"SL1344_2800"	"emrB"	2985542	2987081	"NSL"	100	85.71	89.36	77.78	6	7	47	9	92.3053846153846	87.4989285714286	"Constitutive"	"chromosome"	"intragenic"
"ST4-74.fa"	2987559	2987560	"ST4-74.fa_2987559_-"	"CDS"	"-"	2987558	2987564	"SL1344_2801"	"STM2816"	"-"	"SL1344_2801"	"STM2816"	2987129	2988500	"NSL"	100	100	93.62	100	6	6	47	11	100	94.83	"Constitutive"	"chromosome"	"intragenic"
"ST4-74.fa"	298867	298868	"ST4-74.fa_298867_+"	"CDS"	"+"	298863	298869	"SL1344_0253"	"yafD"	"+"	"SL1344_0253"	"yafD"	298230	299010	"NSR"	100	92.31	95.08	92.31	4	13	61	13	94.1194117647059	94.5933783783784	"Constitutive"	"chromosome"	"intragenic"
"ST4-74.fa"	2995093	2995094	"ST4-74.fa_2995093_-"	"CDS"	"-"	2995092	2995098	"SL1344_2807"	"alaS"	"-"	"SL1344_2807"	"alaS"	2993946	2996577	"NSL"	100	44.44	100	66.67	3	9	40	3	58.33	97.6746511627907	"Constitutive"	"chromosome"	"intragenic"
"ST4-74.fa"	2997640	2997641	"ST4-74.fa_2997640_+"	"CDS"	"+"	2997636	2997642	"SL1344_2809"	"recA"	"-"	"SL1344_2809"	"recA"	2997429	2998491	"NSL"	100	100	100	100	8	15	46	10	100	100	"Constitutive"	"chromosome"	"intragenic"
"ST4-74.fa"	299956	299957	"ST4-74.fa_299956_-"	"CDS"	"-"	299955	299961	"SL1344_0255"	"dniR"	"-"	"SL1344_0255"	"dniR"	299913	301281	"NSR"	100	91.67	97.37	100	5	12	38	9	94.12	97.8736170212766	"Constitutive"	"chromosome"	"intragenic"
"ST4-74.fa"	3002014	3002015	"ST4-74.fa_3002014_-"	"CDS"	"-"	3002013	3002019	"SL1344_2813"	"srlE"	"+"	"SL1344_2813"	"srlE"	3001443	3002415	"NSL"	50	92.86	87.72	85.71	4	14	57	7	83.3355555555556	87.50015625	"Constitutive"	"chromosome"	"intragenic"
"ST4-74.fa"	3002182	3002183	"ST4-74.fa_3002182_-"	"CDS"	"-"	3002181	3002187	"SL1344_2813"	"srlE"	"+"	"SL1344_2813"	"srlE"	3001443	3002415	"NSL"	75	82.35	96.88	81.82	4	17	64	11	80.95	94.6712	"Constitutive"	"chromosome"	"intragenic"
"ST4-74.fa"	300280	300281	"ST4-74.fa_300280_+"	"CDS"	"+"	300276	300282	"SL1344_0255"	"dniR"	"-"	"SL1344_0255"	"dniR"	299913	301281	"NSR"	87.5	83.33	100	100	8	12	51	12	84.998	100	"Constitutive"	"chromosome"	"intragenic"
"ST4-74.fa"	3004894	3004895	"ST4-74.fa_3004894_-"	"CDS"	"-"	3004893	3004899	"SL1344_2817"	"srlR"	"+"	"SL1344_2817"	"srlR"	3004212	3004986	"NSL"	100	72.73	86.79	80	3	11	53	5	78.5735714285714	86.2046551724138	"Constitutive"	"chromosome"	"intragenic"
"ST4-74.fa"	3006826	3006827	"ST4-74.fa_3006826_+"	"CDS"	"+"	3006822	3006828	"SL1344_2819"	"norR"	"-"	"SL1344_2819"	"norR"	3005940	3007461	"NSL"	100	100	91.53	83.33	3	11	59	12	100	90.1440845070423	"Constitutive"	"chromosome"	"intragenic"
"ST4-74.fa"	3007785	3007786	"ST4-74.fa_3007785_-"	"CDS"	"-"	3007784	3007790	"SL1344_2820"	"norV"	"+"	"SL1344_2820"	"norV"	3007646	3009086	"NSL"	75	92.31	94.83	100	4	13	58	7	88.2370588235294	95.3867692307692	"Constitutive"	"chromosome"	"intragenic"
"ST4-74.fa"	301102	301103	"ST4-74.fa_301102_-"	"CDS"	"-"	301101	301107	"SL1344_0255"	"dniR"	"-"	"SL1344_0255"	"dniR"	299913	301281	"NSR"	60	71.43	93.1	63.64	5	7	29	11	66.6675	84.9985	"Constitutive"	"chromosome"	"intragenic"
"ST4-74.fa"	3011243	3011244	"ST4-74.fa_3011243_+"	"CDS"	"+"	3011239	3011245	"SL1344_2822"	"hydA"	"-"	"SL1344_2822"	"hydA"	3010312	3012553	"NSL"	100	90	92.98	100	4	10	57	9	92.8571428571429	93.9372727272727	"Constitutive"	"chromosome"	"intragenic"
"ST4-74.fa"	3014452	3014453	"ST4-74.fa_3014452_-"	"CDS"	"-"	3014451	3014457	"SL1344_2825"	"hycI"	"-"	"SL1344_2825"	"hycI"	3014280	3014751	"NSL"	100	100	96.83	71.43	5	15	63	7	100	94.29	"Constitutive"	"chromosome"	"intragenic"
"ST4-74.fa"	3015385	3015386	"ST4-74.fa_3015385_-"	"CDS"	"-"	3015384	3015390	"SL1344_2827"	"hycG"	"-"	"SL1344_2827"	"hycG"	3015150	3015918	"NSL"	100	80	84.62	40	5	10	39	5	86.6666666666667	79.5495454545455	"Constitutive"	"chromosome"	"intragenic"
"ST4-74.fa"	3017193	3017194	"ST4-74.fa_3017193_+"	"CDS"	"+"	3017189	3017195	"SL1344_2829"	"hycE"	"-"	"SL1344_2829"	"hycE"	3016469	3018179	"NSL"	100	76.47	98.15	72.73	1	17	54	11	77.7772222222222	93.8481538461538	"Constitutive"	"chromosome"	"intragenic"
"ST4-74.fa"	3018084	3018085	"ST4-74.fa_3018084_-"	"CDS"	"-"	3018083	3018089	"SL1344_2829"	"hycE"	"-"	"SL1344_2829"	"hycE"	3016469	3018179	"NSL"	77.78	85.71	86.76	75	9	14	68	4	82.6069565217391	86.1066666666667	"Constitutive"	"chromosome"	"intragenic"
"ST4-74.fa"	3019999	3020000	"ST4-74.fa_3019999_+"	"CDS"	"+"	3019995	3020001	"SL1344_2831"	"hycC"	"-"	"SL1344_2831"	"hycC"	3019122	3020949	"NSL"	100	93.75	89.47	100	4	16	57	12	95	91.3013043478261	"Constitutive"	"chromosome"	"intragenic"
"ST4-74.fa"	3022787	3022788	"ST4-74.fa_3022787_+"	"intergenic"	"+"	3022783	3022789	"SL1344_2834"	"STM2854"	"++"	"SL1344_2835"	"hypB"	3022730	3022798	"NSL"	0	50	65.31	40	1	12	49	10	46.1538461538462	61.0201694915254	"Constitutive"	"chromosome"	"intergenic"
"ST4-74.fa"	3023633	3023634	"ST4-74.fa_3023633_+"	"CDS"	"+"	3023629	3023635	"SL1344_2835"	"hypB"	"+"	"SL1344_2835"	"hypB"	3022798	3023671	"NSL"	100	78.57	81.13	83.33	1	14	53	6	79.9986666666667	81.3537288135593	"Constitutive"	"chromosome"	"intragenic"
"ST4-74.fa"	3024096	3024097	"ST4-74.fa_3024096_+"	"CDS"	"+"	3024092	3024098	"SL1344_2837"	"hypD"	"+"	"SL1344_2837"	"hypD"	3023933	3025055	"NSL"	66.67	100	78.57	88.89	3	13	56	9	93.750625	79.9989230769231	"Constitutive"	"chromosome"	"intragenic"
"ST4-74.fa"	3024465	3024466	"ST4-74.fa_3024465_-"	"CDS"	"-"	3024464	3024470	"SL1344_2837"	"hypD"	"+"	"SL1344_2837"	"hypD"	3023933	3025055	"NSL"	100	86.67	92.45	100	9	15	53	8	91.66875	93.4401639344262	"Constitutive"	"chromosome"	"intragenic"
"ST4-74.fa"	3025163	3025164	"ST4-74.fa_3025163_+"	"CDS"	"+"	3025159	3025165	"SL1344_2838"	"hypE"	"+"	"SL1344_2838"	"hypE"	3025051	3026062	"NSL"	100	100	80.43	100	1	8	46	6	100	82.6880769230769	"Constitutive"	"chromosome"	"intragenic"
"ST4-74.fa"	3026949	3026950	"ST4-74.fa_3026949_+"	"CDS"	"+"	3026945	3026951	"SL1344_2839"	"fhlA"	"+"	"SL1344_2839"	"fhlA"	3026280	3028359	"NSL"	100	100	96.97	100	5	13	66	11	100	97.4028571428571	"Constitutive"	"chromosome"	"intragenic"
"ST4-74.fa"	3027808	3027809	"ST4-74.fa_3027808_-"	"CDS"	"-"	3027807	3027813	"SL1344_2839"	"fhlA"	"+"	"SL1344_2839"	"fhlA"	3026280	3028359	"NSL"	91.67	82.35	95.35	85.71	12	17	43	7	86.2065517241379	94.0004	"Constitutive"	"chromosome"	"intragenic"
"ST4-74.fa"	3027829	3027830	"ST4-74.fa_3027829_-"	"CDS"	"-"	3027828	3027834	"SL1344_2839"	"fhlA"	"+"	"SL1344_2839"	"fhlA"	3026280	3028359	"NSL"	69.23	66.67	81.82	83.33	13	15	33	6	67.8585714285714	82.0523076923077	"Constitutive"	"chromosome"	"intragenic"
"ST4-74.fa"	3028373	3028374	"ST4-74.fa_3028373_-"	"intergenic"	"-"	3028372	3028378	"SL1344_2839"	"fhlA"	"+-"	"SL1344_2840"	"ygbA"	3028359	3028420	"NSL"	90	83.33	83.33	100	10	12	42	7	86.3618181818182	85.7114285714286	"Constitutive"	"chromosome"	"intergenic"
"ST4-74.fa"	3029508	3029509	"ST4-74.fa_3029508_+"	"CDS"	"+"	3029504	3029510	"SL1344_2841"	"sitA"	"+"	"SL1344_2841"	"sitA"	3028946	3029864	"NSL"	100	85.71	92.31	100	8	14	52	4	90.9063636363636	92.8592857142857	"Constitutive"	"chromosome"	"intragenic"
"ST4-74.fa"	3036526	3036527	"ST4-74.fa_3036526_-"	"CDS"	"-"	3036525	3036531	"SL1344_2849"	"orgB"	"-"	"SL1344_2849"	"orgB"	3036363	3037044	"NSL"	100	72.73	88.24	100	5	11	34	2	81.251875	88.8933333333333	"Constitutive"	"chromosome"	"intragenic"
"ST4-74.fa"	3037837	3037838	"ST4-74.fa_3037837_-"	"CDS"	"-"	3037836	3037842	"SL1344_2851"	"prgK"	"-"	"SL1344_2851"	"prgK"	3037571	3038330	"NSL"	50	70	82.5	85.71	4	10	40	7	64.2857142857143	82.978085106383	"Constitutive"	"chromosome"	"intragenic"
"ST4-74.fa"	3042831	3042832	"ST4-74.fa_3042831_+"	"CDS"	"+"	3042827	3042833	"SL1344_2856"	"hilA"	"+"	"SL1344_2856"	"hilA"	3042431	3044093	"NSL"	100	93.33	88.89	100	8	15	45	8	95.65	90.5669811320755	"Constitutive"	"chromosome"	"intragenic"
"ST4-74.fa"	3044929	3044930	"ST4-74.fa_3044929_-"	"CDS"	"-"	3044928	3044934	"SL1344_2858"	"sptP"	"-"	"SL1344_2858"	"sptP"	3044646	3046278	"NSL"	88.89	88.89	91.3	80	9	9	23	5	88.89	89.2821428571429	"Constitutive"	"chromosome"	"intragenic"
"ST4-74.fa"	3045139	3045140	"ST4-74.fa_3045139_-"	"CDS"	"-"	3045138	3045144	"SL1344_2858"	"sptP"	"-"	"SL1344_2858"	"sptP"	3044646	3046278	"NSL"	75	75	57.14	60	8	12	35	5	75	57.4975	"Constitutive"	"chromosome"	"intragenic"
"ST4-74.fa"	3049142	3049143	"ST4-74.fa_3049142_+"	"CDS"	"+"	3049138	3049144	"SL1344_2861"	"sipA"	"-"	"SL1344_2861"	"sipA"	3047254	3049312	"NSL"	88.89	100	91.18	83.33	9	15	34	6	95.83375	90.0025	"Constitutive"	"chromosome"	"intragenic"
"ST4-74.fa"	3049142	3049143	"ST4-74.fa_3049142_+"	"intergenic"	"+"	3049138	3049144	"STnc1410"	"no"	"+-"	"SL1344_2862"	"sipD"	3049012	3049330	"NSL"	88.89	100	91.18	83.33	9	15	34	6	95.83375	90.0025	"Constitutive"	"chromosome"	"intergenic"
"ST4-74.fa"	3051831	3051832	"ST4-74.fa_3051831_-"	"CDS"	"-"	3051830	3051836	"SL1344_2864"	"sipB"	"-"	"SL1344_2864"	"sipB"	3051689	3053471	"NSL"	100	100	94.74	100	8	8	38	12	100	96.0024	"Constitutive"	"chromosome"	"intragenic"
"ST4-74.fa"	3054985	3054986	"ST4-74.fa_3054985_-"	"CDS"	"-"	3054984	3054990	"SL1344_2866"	"spaS"	"-"	"SL1344_2866"	"spaS"	3054108	3055179	"NSL"	83.33	83.33	84.62	100	6	12	39	6	83.33	86.6706666666667	"Constitutive"	"chromosome"	"intragenic"
"ST4-74.fa"	3056613	3056614	"ST4-74.fa_3056613_+"	"CDS"	"+"	3056609	3056615	"SL1344_2869"	"spaP"	"-"	"SL1344_2869"	"spaP"	3056246	3056921	"NSL"	100	89.47	91.84	83.33	3	19	49	6	90.9059090909091	90.9116363636363	"Constitutive"	"chromosome"	"intragenic"
"ST4-74.fa"	3060033	3060034	"ST4-74.fa_3060033_+"	"CDS"	"+"	3060029	3060035	"SL1344_2873"	"invC"	"-"	"SL1344_2873"	"invC"	3059252	3060548	"NSL"	100	93.33	93.18	100	3	15	44	8	94.4416666666667	94.2292307692308	"Constitutive"	"chromosome"	"intragenic"
"ST4-74.fa"	3062783	3062784	"ST4-74.fa_3062783_-"	"CDS"	"-"	3062782	3062788	"SL1344_2875"	"invA"	"-"	"SL1344_2875"	"invA"	3060975	3063033	"NSL"	100	100	94.44	100	6	13	54	14	100	95.5847058823529	"Constitutive"	"chromosome"	"intragenic"
"ST4-74.fa"	3062914	3062915	"ST4-74.fa_3062914_+"	"CDS"	"+"	3062910	3062916	"SL1344_2875"	"invA"	"-"	"SL1344_2875"	"invA"	3060975	3063033	"NSL"	66.67	88.24	77.08	77.78	3	17	48	9	85.0045	77.1905263157895	"Constitutive"	"chromosome"	"intragenic"
"ST4-74.fa"	3065262	3065263	"ST4-74.fa_3065262_-"	"CDS"	"-"	3065261	3065267	"SL1344_2877"	"invG"	"-"	"SL1344_2877"	"invG"	3064172	3065861	"NSL"	50	75	84.21	90.91	6	12	57	11	66.6666666666667	85.2938235294118	"Constitutive"	"chromosome"	"intragenic"
"ST4-74.fa"	3065912	3065913	"ST4-74.fa_3065912_+"	"CDS"	"+"	3065908	3065914	"SL1344_2878"	"invF"	"-"	"SL1344_2878"	"invF"	3065857	3066508	"NSL"	50	53.33	75.86	100	4	15	58	6	52.6289473684211	78.123125	"Constitutive"	"chromosome"	"intragenic"
"ST4-74.fa"	3067001	3067002	"ST4-74.fa_3067001_-"	"CDS"	"-"	3067000	3067006	"SL1344_2879"	"invH"	"+"	"SL1344_2879"	"invH"	3066964	3067408	"NSL"	100	92.31	84.09	80	2	13	44	5	93.3353333333333	83.6726530612245	"Constitutive"	"chromosome"	"intragenic"
"ST4-74.fa"	3069177	3069178	"ST4-74.fa_3069177_+"	"CDS"	"+"	3069173	3069179	"SL1344_2882"	"STM2903"	"-"	"SL1344_2882"	"STM2903"	3068892	3069219	"NSL"	100	72.73	94.64	81.82	12	11	56	11	86.9578260869565	92.535223880597	"Constitutive"	"chromosome"	"intragenic"
"ST4-74.fa"	3069393	3069394	"ST4-74.fa_3069393_-"	"intergenic"	"-"	3069392	3069398	"SL1344_2882"	"STM2903"	"-+"	"SL1344_2883"	"SL1344_2883"	3069219	3069459	"NSL"	57.14	44.44	61.54	69.23	7	9	52	13	49.99625	63.078	"Constitutive"	"chromosome"	"intergenic"
"ST4-74.fa"	307110	307111	"ST4-74.fa_307110_+"	"CDS"	"+"	307106	307112	"SL1344_0262"	"sciC"	"-"	"SL1344_0262"	"sciC"	306713	308597	"NSR"	100	76.92	96.23	85.71	4	13	53	7	82.3505882352941	95.0026666666667	"Constitutive"	"chromosome"	"intragenic"
"ST4-74.fa"	307314	307315	"ST4-74.fa_307314_-"	"CDS"	"-"	307313	307319	"SL1344_0262"	"sciC"	"-"	"SL1344_0262"	"sciC"	306713	308597	"NSR"	100	80	95.35	80	2	10	43	10	83.3333333333333	92.4537735849057	"Constitutive"	"chromosome"	"intragenic"
"ST4-74.fa"	3076039	3076040	"ST4-74.fa_3076039_-"	"CDS"	"-"	3076038	3076044	"SL1344_2890"	"STM2911"	"-"	"SL1344_2890"	"STM2911"	3075854	3077063	"NSL"	87.5	80	82.93	50	8	15	41	6	82.6086956521739	78.726170212766	"Constitutive"	"chromosome"	"intragenic"
"ST4-74.fa"	3076845	3076846	"ST4-74.fa_3076845_+"	"CDS"	"+"	3076841	3076847	"SL1344_2890"	"STM2911"	"-"	"SL1344_2890"	"STM2911"	3075854	3077063	"NSL"	72.73	100	84.62	83.33	11	7	39	12	83.335	84.3164705882353	"Constitutive"	"chromosome"	"intragenic"
"ST4-74.fa"	3076896	3076897	"ST4-74.fa_3076896_+"	"CDS"	"+"	3076892	3076898	"SL1344_2890"	"STM2911"	"-"	"SL1344_2890"	"STM2911"	3075854	3077063	"NSL"	92.31	100	97.62	100	13	7	42	16	95.0015	98.2765517241379	"Constitutive"	"chromosome"	"intragenic"
"ST4-74.fa"	3078548	3078549	"ST4-74.fa_3078548_+"	"CDS"	"+"	3078544	3078550	"SL1344_2892"	"STM2913"	"-"	"SL1344_2892"	"STM2913"	3078124	3079621	"NSL"	81.82	87.5	90.7	100	11	8	43	12	84.2115789473684	92.7290909090909	"Constitutive"	"chromosome"	"intragenic"
"ST4-74.fa"	3078872	3078873	"ST4-74.fa_3078872_+"	"CDS"	"+"	3078868	3078874	"SL1344_2892"	"STM2913"	"-"	"SL1344_2892"	"STM2913"	3078124	3079621	"NSL"	100	88.89	98.11	90	10	9	53	10	94.7373684210526	96.8226984126984	"Constitutive"	"chromosome"	"intragenic"
"ST4-74.fa"	3079532	3079533	"ST4-74.fa_3079532_+"	"CDS"	"+"	3079528	3079534	"SL1344_2892"	"STM2913"	"-"	"SL1344_2892"	"STM2913"	3078124	3079621	"NSL"	88.89	100	93.48	100	9	11	46	8	95.0005	94.4459259259259	"Constitutive"	"chromosome"	"intragenic"
"ST4-74.fa"	3079589	3079590	"ST4-74.fa_3079589_+"	"CDS"	"+"	3079585	3079591	"SL1344_2892"	"STM2913"	"-"	"SL1344_2892"	"STM2913"	3078124	3079621	"NSL"	100	92.31	90.57	100	10	13	53	7	95.6534782608695	91.6701666666667	"Constitutive"	"chromosome"	"intragenic"
"ST4-74.fa"	3079841	3079842	"ST4-74.fa_3079841_-"	"CDS"	"-"	3079840	3079846	"SL1344_2893"	"STM2914"	"-"	"SL1344_2893"	"STM2914"	3079617	3080568	"NSL"	100	85.71	91.07	84.62	8	14	56	13	90.9063636363636	89.8547826086956	"Constitutive"	"chromosome"	"intragenic"
"ST4-74.fa"	3085941	3085942	"ST4-74.fa_3085941_+"	"CDS"	"+"	3085937	3085943	"SL1344_2900"	"STM2921"	"+"	"SL1344_2900"	"STM2921"	3085742	3086336	"NSL"	40	55.56	47.37	22.22	5	9	38	9	50.0028571428571	42.5540425531915	"Constitutive"	"chromosome"	"intragenic"
"ST4-74.fa"	3086378	3086379	"ST4-74.fa_3086378_+"	"CDS"	"+"	3086374	3086380	"SL1344_2901"	"STM2922"	"+"	"SL1344_2901"	"STM2922"	3086335	3087763	"NSL"	100	75	93.75	88.89	5	8	32	9	84.6153846153846	92.6831707317073	"Constitutive"	"chromosome"	"intragenic"
"ST4-74.fa"	3087002	3087003	"ST4-74.fa_3087002_+"	"CDS"	"+"	3086998	3087004	"SL1344_2901"	"STM2922"	"+"	"SL1344_2901"	"STM2922"	3086335	3087763	"NSL"	66.67	72.73	95	100	9	11	40	6	70.003	95.6521739130435	"Constitutive"	"chromosome"	"intragenic"
"ST4-74.fa"	3087635	3087636	"ST4-74.fa_3087635_-"	"CDS"	"-"	3087634	3087640	"SL1344_2901"	"STM2922"	"+"	"SL1344_2901"	"STM2922"	3086335	3087763	"NSL"	100	100	93.33	83.33	8	10	60	6	100	92.4209090909091	"Constitutive"	"chromosome"	"intragenic"
"ST4-74.fa"	3091820	3091821	"ST4-74.fa_3091820_+"	"CDS"	"+"	3091816	3091822	"SL1344_2907"	"truD"	"-"	"SL1344_2907"	"truD"	3091780	3092830	"NSL"	100	100	95.35	80	9	14	43	10	100	92.4537735849057	"Constitutive"	"chromosome"	"intragenic"
"ST4-74.fa"	309361	309362	"ST4-74.fa_309361_+"	"CDS"	"+"	309357	309363	"SL1344_0264"	"sciE"	"-"	"SL1344_0264"	"sciE"	309103	309928	"NSR"	66.67	50	77.42	85.71	6	4	31	7	60.002	78.9471052631579	"Constitutive"	"chromosome"	"intragenic"
"ST4-74.fa"	3094191	3094192	"ST4-74.fa_3094191_-"	"CDS"	"-"	3094190	3094196	"SL1344_2910"	"ftsB"	"-"	"SL1344_2910"	"ftsB"	3094034	3094346	"NSL"	100	66.67	73.47	80	8	6	49	10	85.7157142857143	74.5767796610169	"Constitutive"	"chromosome"	"intragenic"
"ST4-74.fa"	3096502	3096503	"ST4-74.fa_3096502_-"	"CDS"	"-"	3096501	3096507	"SL1344_2913"	"cysN"	"-"	"SL1344_2913"	"cysN"	3095502	3096942	"NSL"	75	55.56	75.51	62.5	8	9	49	8	64.7082352941176	73.6840350877193	"Constitutive"	"chromosome"	"intragenic"
"ST4-74.fa"	3096532	3096533	"ST4-74.fa_3096532_+"	"CDS"	"+"	3096528	3096534	"SL1344_2913"	"cysN"	"-"	"SL1344_2913"	"cysN"	3095502	3096942	"NSL"	0	54.55	92.11	0	1	11	38	2	50.0041666666667	87.5045	"Constitutive"	"chromosome"	"intragenic"
"ST4-74.fa"	30967	30968	"ST4-74.fa_30967_-"	"CDS"	"-"	30966	30972	"SL1344_0027"	"bcfG"	"+"	"SL1344_0027"	"bcfG"	30504	31209	"NSR"	60	69.23	75	83.33	10	13	44	6	65.2169565217391	75.9996	"Constitutive"	"chromosome"	"intragenic"
"ST4-74.fa"	3096769	3096770	"ST4-74.fa_3096769_-"	"CDS"	"-"	3096768	3096774	"SL1344_2913"	"cysN"	"-"	"SL1344_2913"	"cysN"	3095502	3096942	"NSL"	72.73	77.78	68.29	85.71	11	9	41	7	75.0025	70.8304166666667	"Constitutive"	"chromosome"	"intragenic"
"ST4-74.fa"	3096994	3096995	"ST4-74.fa_3096994_-"	"CDS"	"-"	3096993	3096999	"SL1344_2914"	"cysD"	"-"	"SL1344_2914"	"cysD"	3096951	3097860	"NSL"	100	77.78	87.93	60	8	9	58	5	88.2364705882353	85.7133333333333	"Constitutive"	"chromosome"	"intragenic"
"ST4-74.fa"	3100669	3100670	"ST4-74.fa_3100669_+"	"CDS"	"+"	3100665	3100671	"SL1344_2917"	"STM2938"	"-"	"SL1344_2917"	"STM2938"	3100548	3101469	"NSL"	100	84.62	98.33	100	7	13	60	7	90.003	98.5044776119403	"Constitutive"	"chromosome"	"intragenic"
"ST4-74.fa"	3101368	3101369	"ST4-74.fa_3101368_+"	"CDS"	"+"	3101364	3101370	"SL1344_2917"	"STM2938"	"-"	"SL1344_2917"	"STM2938"	3100548	3101469	"NSL"	100	100	93.48	100	7	18	46	6	100	94.2323076923077	"Constitutive"	"chromosome"	"intragenic"
"ST4-74.fa"	3104877	3104878	"ST4-74.fa_3104877_+"	"CDS"	"+"	3104873	3104879	"SL1344_2922"	"STM2943"	"-"	"SL1344_2922"	"STM2943"	3104483	3106040	"NSL"	60	80	90.91	66.67	5	15	44	3	75	89.3627659574468	"Constitutive"	"chromosome"	"intragenic"
"ST4-74.fa"	3107468	3107469	"ST4-74.fa_3107468_-"	"CDS"	"-"	3107467	3107473	"SL1344_2923"	"ygcB"	"-"	"SL1344_2923"	"ygcB"	3106051	3108715	"NSL"	83.33	100	85.96	85.71	6	13	57	7	94.7357894736842	85.93265625	"Constitutive"	"chromosome"	"intragenic"
"ST4-74.fa"	3109516	3109517	"ST4-74.fa_3109516_+"	"CDS"	"+"	3109512	3109518	"SL1344_2924"	"sopD"	"+"	"SL1344_2924"	"sopD"	3109159	3110113	"NSL"	66.67	100	85.37	80	3	11	41	5	92.8578571428571	84.7863043478261	"Constitutive"	"chromosome"	"intragenic"
"ST4-74.fa"	3110315	3110316	"ST4-74.fa_3110315_-"	"CDS"	"-"	3110314	3110320	"SL1344_2925"	"cysH"	"-"	"SL1344_2925"	"cysH"	3110200	3110935	"NSL"	100	88.24	92.75	100	7	17	69	5	91.67	93.2398648648649	"Constitutive"	"chromosome"	"intragenic"
"ST4-74.fa"	311065	311066	"ST4-74.fa_311065_-"	"intergenic"	"-"	311064	311070	"SL1344_0265"	"sciF"	"-+"	"SL1344_0266"	"sciG"	310817	311184	"NSR"	37.5	42.86	46.88	45.45	8	7	32	11	40.0013333333333	46.5141860465116	"Constitutive"	"chromosome"	"intergenic"
"ST4-74.fa"	3112139	3112140	"ST4-74.fa_3112139_-"	"CDS"	"-"	3112138	3112144	"SL1344_2926"	"cysI"	"-"	"SL1344_2926"	"cysI"	3111010	3112723	"NSL"	100	85.71	92.73	100	7	14	55	6	90.4733333333333	93.4450819672131	"Constitutive"	"chromosome"	"intragenic"
"ST4-74.fa"	3113812	3113813	"ST4-74.fa_3113812_+"	"CDS"	"+"	3113808	3113814	"SL1344_2927"	"cysJ"	"-"	"SL1344_2927"	"cysJ"	3112722	3114522	"NSL"	92.31	100	84.21	100	13	5	38	2	94.4461111111111	84.9995	"Constitutive"	"chromosome"	"intragenic"
"ST4-74.fa"	3114586	3114587	"ST4-74.fa_3114586_-"	"intergenic"	"-"	3114585	3114591	"SL1344_2927"	"cysJ"	"-+"	"SL1344_2928"	"ptpS"	3114522	3114945	"NSL"	80	91.67	85.42	87.5	5	12	48	8	88.2376470588235	85.7171428571429	"Constitutive"	"chromosome"	"intergenic"
"ST4-74.fa"	3115225	3115226	"ST4-74.fa_3115225_+"	"CDS"	"+"	3115221	3115227	"SL1344_2928"	"ptpS"	"+"	"SL1344_2928"	"ptpS"	3114945	3115308	"NSL"	80	100	91.84	100	10	6	49	3	87.5	92.3107692307692	"Constitutive"	"chromosome"	"intragenic"
"ST4-74.fa"	3116177	3116178	"ST4-74.fa_3116177_-"	"CDS"	"-"	3116176	3116182	"SL1344_2929"	"STM2950"	"-"	"SL1344_2929"	"STM2950"	3115395	3116193	"NSL"	100	81.82	64.71	100	5	11	51	4	87.50125	67.2765454545454	"Constitutive"	"chromosome"	"intragenic"
"ST4-74.fa"	3119106	3119107	"ST4-74.fa_3119106_+"	"CDS"	"+"	3119102	3119108	"SL1344_2931"	"eno"	"-"	"SL1344_2931"	"eno"	3118826	3120125	"NSL"	75	93.33	96.49	83.33	4	15	57	6	89.471052631579	95.2366666666667	"Constitutive"	"chromosome"	"intragenic"
"ST4-74.fa"	3120358	3120359	"ST4-74.fa_3120358_-"	"CDS"	"-"	3120357	3120363	"SL1344_2932"	"pyrG"	"-"	"SL1344_2932"	"pyrG"	3120207	3121845	"NSL"	50	57.14	68.29	71.43	6	7	41	7	53.8446153846154	68.7479166666667	"Constitutive"	"chromosome"	"intragenic"
"ST4-74.fa"	3120802	3120803	"ST4-74.fa_3120802_+"	"CDS"	"+"	3120798	3120804	"SL1344_2932"	"pyrG"	"-"	"SL1344_2932"	"pyrG"	3120207	3121845	"NSL"	40	66.67	71.79	83.33	5	9	39	6	57.145	73.3286666666667	"Constitutive"	"chromosome"	"intragenic"
"ST4-74.fa"	3122304	3122305	"ST4-74.fa_3122304_-"	"CDS"	"-"	3122303	3122309	"SL1344_2933"	"mazG"	"-"	"SL1344_2933"	"mazG"	3122072	3122873	"NSL"	100	100	92.31	100	6	13	52	9	100	93.4445901639344	"Constitutive"	"chromosome"	"intragenic"
"ST4-74.fa"	3124090	3124091	"ST4-74.fa_3124090_-"	"CDS"	"-"	3124089	3124095	"SL1344_2936"	"STM2955"	"-"	"SL1344_2936"	"STM2955"	3123902	3124178	"NSL"	66.67	80	68.29	33.33	6	5	41	3	72.7290909090909	65.9063636363636	"Constitutive"	"chromosome"	"intragenic"
"ST4-74.fa"	3125438	3125439	"ST4-74.fa_3125438_+"	"CDS"	"+"	3125434	3125440	"SL1344_2937"	"relA"	"-"	"SL1344_2937"	"relA"	3124342	3126577	"NSL"	88.89	100	100	100	9	14	53	9	95.6526086956522	100	"Constitutive"	"chromosome"	"intragenic"
"ST4-74.fa"	3128018	3128019	"ST4-74.fa_3128018_-"	"CDS"	"-"	3128017	3128023	"SL1344_2939"	"barA"	"+"	"SL1344_2939"	"barA"	3127981	3130738	"NSL"	77.78	100	94	90	9	12	50	10	90.4771428571429	93.3333333333333	"Constitutive"	"chromosome"	"intragenic"
"ST4-74.fa"	3128555	3128556	"ST4-74.fa_3128555_-"	"CDS"	"-"	3128554	3128560	"SL1344_2939"	"barA"	"+"	"SL1344_2939"	"barA"	3127981	3130738	"NSL"	84.62	100	90.48	70	13	14	42	10	92.5948148148148	86.5415384615385	"Constitutive"	"chromosome"	"intragenic"
"ST4-74.fa"	3128759	3128760	"ST4-74.fa_3128759_+"	"CDS"	"+"	3128755	3128761	"SL1344_2939"	"barA"	"+"	"SL1344_2939"	"barA"	3127981	3130738	"NSL"	100	100	87.04	88.89	9	12	54	9	100	87.3042857142857	"Constitutive"	"chromosome"	"intragenic"
"ST4-74.fa"	3131574	3131575	"ST4-74.fa_3131574_+"	"CDS"	"+"	3131570	3131576	"SL1344_2940"	"STM2959"	"-"	"SL1344_2940"	"STM2959"	3130781	3131924	"NSL"	100	80	82.5	100	6	10	40	4	87.5	84.0909090909091	"Constitutive"	"chromosome"	"intragenic"
"ST4-74.fa"	3132125	3132126	"ST4-74.fa_3132125_-"	"CDS"	"-"	3132124	3132130	"SL1344_2941"	"gudD"	"-"	"SL1344_2941"	"gudD"	3132001	3133342	"NSL"	100	93.75	96.61	100	10	16	59	13	96.1538461538462	97.2220833333333	"Constitutive"	"chromosome"	"intragenic"
"ST4-74.fa"	3132603	3132604	"ST4-74.fa_3132603_-"	"CDS"	"-"	3132602	3132608	"SL1344_2941"	"gudD"	"-"	"SL1344_2941"	"gudD"	3132001	3133342	"NSL"	77.78	90.91	71.05	66.67	9	11	38	9	85.0015	70.2112765957447	"Constitutive"	"chromosome"	"intragenic"
"ST4-74.fa"	3133414	3133415	"ST4-74.fa_3133414_+"	"CDS"	"+"	3133410	3133416	"SL1344_2942"	"ygcY"	"-"	"SL1344_2942"	"ygcY"	3133362	3134703	"NSL"	77.78	73.33	85.71	88.89	9	15	49	9	74.99875	86.2034482758621	"Constitutive"	"chromosome"	"intragenic"
"ST4-74.fa"	3134914	3134915	"ST4-74.fa_3134914_-"	"CDS"	"-"	3134913	3134919	"SL1344_2943"	"gudT"	"-"	"SL1344_2943"	"gudT"	3134699	3136058	"NSL"	42.86	60	51.52	71.43	7	10	33	7	52.9423529411765	55.00425	"Constitutive"	"chromosome"	"intragenic"
"ST4-74.fa"	3135372	3135373	"ST4-74.fa_3135372_-"	"CDS"	"-"	3135371	3135377	"SL1344_2943"	"gudT"	"-"	"SL1344_2943"	"gudT"	3134699	3136058	"NSL"	85.71	69.23	54.55	81.82	7	13	33	11	74.998	61.3675	"Constitutive"	"chromosome"	"intragenic"
"ST4-74.fa"	3135387	3135388	"ST4-74.fa_3135387_+"	"CDS"	"+"	3135383	3135389	"SL1344_2943"	"gudT"	"-"	"SL1344_2943"	"gudT"	3134699	3136058	"NSL"	100	84.62	95.24	91.67	7	13	42	12	90.003	94.4466666666667	"Constitutive"	"chromosome"	"intragenic"
"ST4-74.fa"	313764	313765	"ST4-74.fa_313764_+"	"CDS"	"+"	313760	313766	"SL1344_0266"	"sciG"	"+"	"SL1344_0266"	"sciG"	311184	313824	"NSR"	40	100	87.5	87.5	5	6	56	8	72.7272727272727	87.5	"Constitutive"	"chromosome"	"intragenic"
"ST4-74.fa"	3138363	3138364	"ST4-74.fa_3138363_-"	"ncRNA"	"-"	3138362	3138368	"SL1344_ncRNA_80"	"no"	"-"	"SL1344_ncRNA_80"	"no"	3138159	3138522	"NSL"	75	100	81.63	88.89	4	9	49	9	92.3076923076923	82.7565517241379	"Constitutive"	"chromosome"	"intragenic"
"ST4-74.fa"	3139800	3139801	"ST4-74.fa_3139800_+"	"CDS"	"+"	3139796	3139802	"SL1344_2948"	"queF"	"+"	"SL1344_2948"	"queF"	3139343	3140192	"NSL"	88.89	100	92.45	91.67	9	14	53	12	95.6526086956522	92.306	"Constitutive"	"chromosome"	"intragenic"
"ST4-74.fa"	3139914	3139915	"ST4-74.fa_3139914_-"	"CDS"	"-"	3139913	3139919	"SL1344_2948"	"queF"	"+"	"SL1344_2948"	"queF"	3139343	3140192	"NSL"	100	87.5	82.69	77.78	4	8	52	9	91.6666666666667	81.9655737704918	"Constitutive"	"chromosome"	"intragenic"
"ST4-74.fa"	3140998	3140999	"ST4-74.fa_3140998_-"	"CDS"	"-"	3140997	3141003	"SL1344_2949"	"ygdH"	"+"	"SL1344_2949"	"ygdH"	3140304	3141669	"NSL"	100	100	98	91.67	7	13	50	12	100	96.7748387096774	"Constitutive"	"chromosome"	"intragenic"
"ST4-74.fa"	3141154	3141155	"ST4-74.fa_3141154_-"	"CDS"	"-"	3141153	3141159	"SL1344_2949"	"ygdH"	"+"	"SL1344_2949"	"ygdH"	3140304	3141669	"NSL"	83.33	100	87.1	90	6	8	31	10	92.8557142857143	87.8073170731707	"Constitutive"	"chromosome"	"intragenic"
"ST4-74.fa"	3141439	3141440	"ST4-74.fa_3141439_+"	"CDS"	"+"	3141435	3141441	"SL1344_2949"	"ygdH"	"+"	"SL1344_2949"	"ygdH"	3140304	3141669	"NSL"	75	92.31	93.18	100	4	13	44	11	88.2370588235294	94.544	"Constitutive"	"chromosome"	"intragenic"
"ST4-74.fa"	3142172	3142173	"ST4-74.fa_3142172_+"	"intergenic"	"+"	3142168	3142174	"SL1344_2949"	"ygdH"	"++"	"SL1344_2950"	"sdaC"	3141669	3142233	"NSL"	66.67	85.71	89.09	91.67	6	14	55	12	79.998	89.5520895522388	"Constitutive"	"chromosome"	"intergenic"
"ST4-74.fa"	3142663	3142664	"ST4-74.fa_3142663_-"	"CDS"	"-"	3142662	3142668	"SL1344_2950"	"sdaC"	"+"	"SL1344_2950"	"sdaC"	3142233	3143523	"NSL"	100	50	53.33	62.5	6	2	30	8	87.5	55.2605263157895	"Constitutive"	"chromosome"	"intragenic"
"ST4-74.fa"	3142780	3142781	"ST4-74.fa_3142780_-"	"CDS"	"-"	3142779	3142785	"SL1344_2950"	"sdaC"	"+"	"SL1344_2950"	"sdaC"	3142233	3143523	"NSL"	100	88.89	93.62	85.71	6	9	47	7	93.334	92.5946296296296	"Constitutive"	"chromosome"	"intragenic"
"ST4-74.fa"	314727	314728	"ST4-74.fa_314727_-"	"CDS"	"-"	314726	314732	"SL1344_0268"	"sciI"	"+"	"SL1344_0268"	"sciI"	314489	315983	"NSR"	100	100	92.86	87.5	6	8	42	8	100	92.0024	"Constitutive"	"chromosome"	"intragenic"
"ST4-74.fa"	3148919	3148920	"ST4-74.fa_3148919_+"	"CDS"	"+"	3148915	3148921	"SL1344_2955"	"fucP"	"+"	"SL1344_2955"	"fucP"	3148333	3149650	"NSL"	100	100	80.77	88.89	7	11	52	9	100	81.9680327868852	"Constitutive"	"chromosome"	"intragenic"
"ST4-74.fa"	3149174	3149175	"ST4-74.fa_3149174_-"	"CDS"	"-"	3149173	3149179	"SL1344_2955"	"fucP"	"+"	"SL1344_2955"	"fucP"	3148333	3149650	"NSL"	50	71.43	77.5	NA	4	7	40	NA	63.6372727272727	77.5	"Constitutive"	"chromosome"	"intragenic"
"ST4-74.fa"	3150411	3150412	"ST4-74.fa_3150411_+"	"CDS"	"+"	3150407	3150413	"SL1344_2956"	"fucI"	"+"	"SL1344_2956"	"fucI"	3149681	3151457	"NSL"	71.43	83.33	67.35	83.33	7	12	49	6	78.9457894736842	69.0932727272727	"Constitutive"	"chromosome"	"intragenic"
"ST4-74.fa"	3151149	3151150	"ST4-74.fa_3151149_+"	"CDS"	"+"	3151145	3151151	"SL1344_2956"	"fucI"	"+"	"SL1344_2956"	"fucI"	3149681	3151457	"NSL"	87.5	100	92.16	100	8	10	51	5	94.4444444444444	92.86	"Constitutive"	"chromosome"	"intragenic"
"ST4-74.fa"	3152530	3152531	"ST4-74.fa_3152530_-"	"CDS"	"-"	3152529	3152535	"SL1344_2957"	"fucK"	"+"	"SL1344_2957"	"fucK"	3151557	3152976	"NSL"	87.5	77.78	90	100	8	9	50	6	82.3541176470588	91.0714285714286	"Constitutive"	"chromosome"	"intragenic"
"ST4-74.fa"	3153494	3153495	"ST4-74.fa_3153494_-"	"CDS"	"-"	3153493	3153499	"SL1344_2959"	"fucR"	"+"	"SL1344_2959"	"fucR"	3153457	3154168	"NSL"	60	66.67	80.49	80	5	9	41	5	64.2878571428571	80.4367391304348	"Constitutive"	"chromosome"	"intragenic"
"ST4-74.fa"	3157883	3157884	"ST4-74.fa_3157883_-"	"CDS"	"-"	3157882	3157888	"SL1344_2964"	"csdA"	"+"	"SL1344_2964"	"csdA"	3157417	3158623	"NSL"	100	100	90.48	83.33	4	5	42	6	100	89.58625	"Constitutive"	"chromosome"	"intragenic"
"ST4-74.fa"	3158837	3158838	"ST4-74.fa_3158837_+"	"CDS"	"+"	3158833	3158839	"SL1344_2965"	"ygdK"	"+"	"SL1344_2965"	"ygdK"	3158622	3159066	"NSL"	0	91.67	87.5	85.71	2	12	40	7	78.5742857142857	87.2334042553192	"Constitutive"	"chromosome"	"intragenic"
"ST4-74.fa"	3165102	3165103	"ST4-74.fa_3165102_-"	"CDS"	"-"	3165101	3165107	"SL1344_2970"	"argA"	"+"	"SL1344_2970"	"argA"	3164303	3165635	"NSL"	100	90	90.24	81.82	4	10	41	11	92.8571428571429	88.4588461538462	"Constitutive"	"chromosome"	"intragenic"
"ST4-74.fa"	3165107	3165108	"ST4-74.fa_3165107_+"	"CDS"	"+"	3165103	3165109	"SL1344_2970"	"argA"	"+"	"SL1344_2970"	"argA"	3164303	3165635	"NSL"	83.33	100	92.11	100	6	6	38	7	91.665	93.3373333333333	"Constitutive"	"chromosome"	"intragenic"
"ST4-74.fa"	3166674	3166675	"ST4-74.fa_3166674_-"	"CDS"	"-"	3166673	3166679	"SL1344_2971"	"recD"	"-"	"SL1344_2971"	"recD"	3165737	3167573	"NSL"	100	90	96.67	100	5	10	30	15	93.3333333333333	97.78	"Constitutive"	"chromosome"	"intragenic"
"ST4-74.fa"	3167166	3167167	"ST4-74.fa_3167166_-"	"CDS"	"-"	3167165	3167171	"SL1344_2971"	"recD"	"-"	"SL1344_2971"	"recD"	3165737	3167573	"NSL"	75	62.5	81.48	100	4	8	27	9	66.6666666666667	86.11	"Constitutive"	"chromosome"	"intragenic"
"ST4-74.fa"	3170378	3170379	"ST4-74.fa_3170378_+"	"CDS"	"+"	3170374	3170380	"SL1344_2972"	"recB"	"-"	"SL1344_2972"	"recB"	3167569	3171115	"NSL"	87.5	100	92.45	88.89	8	7	53	9	93.3333333333333	91.9332258064516	"Constitutive"	"chromosome"	"intragenic"
"ST4-74.fa"	3172251	3172252	"ST4-74.fa_3172251_-"	"CDS"	"-"	3172250	3172256	"SL1344_2973"	"ptr"	"-"	"SL1344_2973"	"ptr"	3171107	3173996	"NSL"	100	66.67	80.65	77.78	4	12	31	9	75.0025	80.00425	"Constitutive"	"chromosome"	"intragenic"
"ST4-74.fa"	3175605	3175606	"ST4-74.fa_3175605_-"	"CDS"	"-"	3175604	3175610	"SL1344_2974"	"recC"	"-"	"SL1344_2974"	"recC"	3174173	3177545	"NSL"	80	90.91	88.24	83.33	10	11	51	6	85.7147619047619	87.7231578947368	"Constitutive"	"chromosome"	"intragenic"
"ST4-74.fa"	3177135	3177136	"ST4-74.fa_3177135_-"	"CDS"	"-"	3177134	3177140	"SL1344_2974"	"recC"	"-"	"SL1344_2974"	"recC"	3174173	3177545	"NSL"	100	77.78	94.34	100	13	9	53	12	90.91	95.3849230769231	"Constitutive"	"chromosome"	"intragenic"
"ST4-74.fa"	317939	317940	"ST4-74.fa_317939_-"	"CDS"	"-"	317938	317944	"SL1344_0272"	"STM0277"	"+"	"SL1344_0272"	"STM0277"	317658	318144	"NSR"	66.67	77.78	88.46	100	3	9	52	8	75.0025	89.9986666666667	"Constitutive"	"chromosome"	"intragenic"
"ST4-74.fa"	3179941	3179942	"ST4-74.fa_3179941_-"	"CDS"	"-"	3179940	3179946	"SL1344_2979"	"thyA"	"-"	"SL1344_2979"	"thyA"	3179478	3180273	"NSL"	80	77.78	83.33	88.89	5	9	42	9	78.5728571428571	84.3111764705882	"Constitutive"	"chromosome"	"intragenic"
"ST4-74.fa"	318070	318071	"ST4-74.fa_318070_+"	"CDS"	"+"	318066	318072	"SL1344_0272"	"STM0277"	"+"	"SL1344_0272"	"STM0277"	317658	318144	"NSR"	25	100	64.86	87.5	8	6	37	8	57.1428571428571	68.8848888888889	"Constitutive"	"chromosome"	"intragenic"
"ST4-74.fa"	3181905	3181906	"ST4-74.fa_3181905_+"	"CDS"	"+"	3181901	3181907	"SL1344_2981"	"ptsP"	"-"	"SL1344_2981"	"ptsP"	3181370	3183617	"NSL"	87.5	77.78	89.13	92.86	8	9	46	14	82.3541176470588	90.0003333333333	"Constitutive"	"chromosome"	"intragenic"
"ST4-74.fa"	3182025	3182026	"ST4-74.fa_3182025_-"	"CDS"	"-"	3182024	3182030	"SL1344_2981"	"ptsP"	"-"	"SL1344_2981"	"ptsP"	3181370	3183617	"NSL"	83.33	75	96.97	85.71	6	8	33	7	78.57	94.9995	"Constitutive"	"chromosome"	"intragenic"
"ST4-74.fa"	3182077	3182078	"ST4-74.fa_3182077_-"	"CDS"	"-"	3182076	3182082	"SL1344_2981"	"ptsP"	"-"	"SL1344_2981"	"ptsP"	3181370	3183617	"NSL"	80	83.33	81.48	66.67	5	6	27	6	81.8163636363636	78.7872727272727	"Constitutive"	"chromosome"	"intragenic"
"ST4-74.fa"	3186296	3186297	"ST4-74.fa_3186296_-"	"CDS"	"-"	3186295	3186301	"SL1344_2984"	"ygdQ"	"+"	"SL1344_2984"	"ygdQ"	3185719	3186433	"NSL"	80	76.92	70.83	25	5	13	48	4	77.7755555555556	67.3046153846154	"Constitutive"	"chromosome"	"intragenic"
"ST4-74.fa"	3187255	3187256	"ST4-74.fa_3187255_-"	"CDS"	"-"	3187254	3187260	"SL1344_2986"	"tas"	"+"	"SL1344_2986"	"tas"	3187011	3188052	"NSL"	100	70	91.3	100	5	10	46	3	80	91.8326530612245	"Constitutive"	"chromosome"	"intragenic"
"ST4-74.fa"	3191275	3191276	"ST4-74.fa_3191275_+"	"CDS"	"+"	3191271	3191277	"SL1344_2988"	"aas"	"-"	"SL1344_2988"	"aas"	3189333	3191493	"NSL"	75	85.71	97.06	88.89	4	7	34	9	81.8154545454545	95.35	"Constitutive"	"chromosome"	"intragenic"
"ST4-74.fa"	3192596	3192597	"ST4-74.fa_3192596_-"	"CDS"	"-"	3192595	3192601	"SL1344_2989"	"galR"	"+"	"SL1344_2989"	"galR"	3192085	3193114	"NSL"	80	83.33	91.67	100	10	12	36	4	81.8163636363636	92.503	"Constitutive"	"chromosome"	"intragenic"
"ST4-74.fa"	3194034	3194035	"ST4-74.fa_3194034_+"	"CDS"	"+"	3194030	3194036	"SL1344_2990"	"STM3012"	"+"	"SL1344_2990"	"STM3012"	3193124	3194147	"NSL"	100	90.91	89.74	80	10	11	39	5	95.2385714285714	88.6331818181818	"Constitutive"	"chromosome"	"intragenic"
"ST4-74.fa"	3194208	3194209	"ST4-74.fa_3194208_+"	"CDS"	"+"	3194204	3194210	"SL1344_2991"	"lysA"	"-"	"SL1344_2991"	"lysA"	3194156	3195419	"NSL"	80	62.5	67.74	100	5	8	31	3	69.2307692307692	70.5864705882353	"Constitutive"	"chromosome"	"intragenic"
"ST4-74.fa"	3198231	3198232	"ST4-74.fa_3198231_-"	"CDS"	"-"	3198230	3198236	"SL1344_2994"	"araE"	"-"	"SL1344_2994"	"araE"	3197263	3198682	"NSL"	57.14	88.24	94.64	100	7	17	56	1	79.1691666666667	94.7340350877193	"Constitutive"	"chromosome"	"intragenic"
"ST4-74.fa"	3201121	3201122	"ST4-74.fa_3201121_+"	"CDS"	"+"	3201117	3201123	"SL1344_2997"	"yqeF"	"-"	"SL1344_2997"	"yqeF"	3201119	3202298	"NSL"	33.33	40	67.86	100	3	5	28	1	37.49875	68.968275862069	"Constitutive"	"chromosome"	"intragenic"
"ST4-74.fa"	3201121	3201122	"ST4-74.fa_3201121_+"	"intergenic"	"+"	3201117	3201123	"SL1344_2996"	"kduI"	"--"	"SL1344_2997"	"yqeF"	3200690	3201119	"NSL"	33.33	40	67.86	100	3	5	28	1	37.49875	68.968275862069	"Constitutive"	"chromosome"	"intergenic"
"ST4-74.fa"	320302	320303	"ST4-74.fa_320302_-"	"CDS"	"-"	320301	320307	"SL1344_0276"	"sciO"	"+"	"SL1344_0276"	"sciO"	319746	321090	"NSR"	85.71	83.33	100	66.67	7	12	40	6	84.2068421052631	95.6526086956522	"Constitutive"	"chromosome"	"intragenic"
"ST4-74.fa"	3204657	3204658	"ST4-74.fa_3204657_+"	"CDS"	"+"	3204653	3204659	"SL1344_3000"	"STM3022"	"+"	"SL1344_3000"	"STM3022"	3203984	3205214	"NSL"	87.5	100	90.7	100	8	12	43	8	95	92.1588235294118	"Constitutive"	"chromosome"	"intragenic"
"ST4-74.fa"	320689	320690	"ST4-74.fa_320689_-"	"CDS"	"-"	320688	320694	"SL1344_0276"	"sciO"	"+"	"SL1344_0276"	"sciO"	319746	321090	"NSR"	100	83.33	81.82	66.67	5	12	44	3	88.2329411764706	80.8529787234043	"Constitutive"	"chromosome"	"intragenic"
"ST4-74.fa"	3206934	3206935	"ST4-74.fa_3206934_-"	"CDS"	"-"	3206933	3206939	"SL1344_3003"	"STM3025"	"-"	"SL1344_3003"	"STM3025"	3206684	3207383	"NSL"	91.67	63.64	92.5	83.33	12	11	40	6	78.2643478260869	91.3039130434782	"Constitutive"	"chromosome"	"intragenic"
"ST4-74.fa"	320881	320882	"ST4-74.fa_320881_-"	"CDS"	"-"	320880	320886	"SL1344_0276"	"sciO"	"+"	"SL1344_0276"	"sciO"	319746	321090	"NSR"	100	84.62	93.33	100	6	13	45	3	89.4768421052632	93.746875	"Constitutive"	"chromosome"	"intragenic"
"ST4-74.fa"	321405	321406	"ST4-74.fa_321405_+"	"CDS"	"+"	321401	321407	"SL1344_0277"	"sciP"	"+"	"SL1344_0277"	"sciP"	321086	322391	"NSR"	60	85.71	92.86	100	5	7	56	11	74.9975	94.0322388059702	"Constitutive"	"chromosome"	"intragenic"
"ST4-74.fa"	3216974	3216975	"ST4-74.fa_3216974_-"	"intergenic"	"-"	3216973	3216979	"SL1344_3012"	"STM3034"	"-+"	"SL1344_3013"	"STM3036"	3216501	3217203	"NSL"	100	91.67	86.27	72.73	5	12	51	11	94.12	83.8677419354839	"Constitutive"	"chromosome"	"intergenic"
"ST4-74.fa"	3217045	3217046	"ST4-74.fa_3217045_+"	"intergenic"	"+"	3217041	3217047	"SL1344_3012"	"STM3034"	"-+"	"SL1344_3013"	"STM3036"	3216501	3217203	"NSL"	100	75	90	100	7	12	50	5	84.2105263157895	90.9090909090909	"Constitutive"	"chromosome"	"intergenic"
"ST4-74.fa"	3219256	3219257	"ST4-74.fa_3219256_-"	"ncRNA"	"-"	3219255	3219261	"SL1344_ncRNA_85"	"no"	"+"	"SL1344_ncRNA_85"	"no"	3219099	3219300	"NSL"	100	84.62	84.62	83.33	6	13	52	6	89.4768421052632	84.4865517241379	"Constitutive"	"chromosome"	"intragenic"
"ST4-74.fa"	3220128	3220129	"ST4-74.fa_3220128_-"	"CDS"	"-"	3220127	3220133	"SL1344_3016"	"lysS"	"-"	"SL1344_3016"	"lysS"	3219938	3221456	"NSL"	100	85.71	93.22	100	10	14	59	9	91.6641666666666	94.1173529411765	"Constitutive"	"chromosome"	"intragenic"
"ST4-74.fa"	3220427	3220428	"ST4-74.fa_3220427_+"	"CDS"	"+"	3220423	3220429	"SL1344_3016"	"lysS"	"-"	"SL1344_3016"	"lysS"	3219938	3221456	"NSL"	85.71	63.64	65.52	100	7	11	29	4	72.2227777777778	69.6993939393939	"Constitutive"	"chromosome"	"intragenic"
"ST4-74.fa"	3220587	3220588	"ST4-74.fa_3220587_+"	"CDS"	"+"	3220583	3220589	"SL1344_3016"	"lysS"	"-"	"SL1344_3016"	"lysS"	3219938	3221456	"NSL"	100	95	94.12	100	11	20	51	8	96.7741935483871	94.9172881355932	"Constitutive"	"chromosome"	"intragenic"
"ST4-74.fa"	3223142	3223143	"ST4-74.fa_3223142_+"	"CDS"	"+"	3223138	3223144	"SL1344_3018"	"recJ"	"-"	"SL1344_3018"	"recJ"	3222668	3224402	"NSL"	71.43	75	78.57	100	7	16	42	7	73.9134782608696	81.6314285714286	"Constitutive"	"chromosome"	"intragenic"
"ST4-74.fa"	3224031	3224032	"ST4-74.fa_3224031_-"	"CDS"	"-"	3224030	3224036	"SL1344_3018"	"recJ"	"-"	"SL1344_3018"	"recJ"	3222668	3224402	"NSL"	71.43	85.71	80	80	7	14	55	5	80.95	80	"Constitutive"	"chromosome"	"intragenic"
"ST4-74.fa"	3224554	3224555	"ST4-74.fa_3224554_+"	"CDS"	"+"	3224550	3224556	"SL1344_3019"	"dsbC"	"-"	"SL1344_3019"	"dsbC"	3224407	3225082	"NSL"	60	85.71	93.55	75	5	7	31	4	74.9975	91.43	"Constitutive"	"chromosome"	"intragenic"
"ST4-74.fa"	3227698	3227699	"ST4-74.fa_3227698_-"	"CDS"	"-"	3227697	3227703	"SL1344_3024"	"ygfZ"	"+"	"SL1344_3024"	"ygfZ"	3227637	3228618	"NSL"	83.33	92.86	98.41	100	6	14	63	8	90.001	98.5891549295775	"Constitutive"	"chromosome"	"intragenic"
"ST4-74.fa"	3233220	3233221	"ST4-74.fa_3233220_+"	"CDS"	"+"	3233216	3233222	"SL1344_3029"	"gcvP"	"-"	"SL1344_3029"	"gcvP"	3232856	3235730	"NSL"	100	87.5	89.8	87.5	7	16	49	8	91.304347826087	89.4771929824561	"Constitutive"	"chromosome"	"intragenic"
"ST4-74.fa"	3241605	3241606	"ST4-74.fa_3241605_+"	"intergenic"	"+"	3241601	3241607	"SL1344_3034"	"pepP"	"--"	"SL1344_3035"	"ygfB"	3241502	3241701	"NSL"	57.14	60	84.21	75	7	10	38	4	58.8223529411765	83.3328571428571	"Constitutive"	"chromosome"	"intergenic"
"ST4-74.fa"	3241828	3241829	"ST4-74.fa_3241828_-"	"CDS"	"-"	3241827	3241833	"SL1344_3035"	"ygfB"	"-"	"SL1344_3035"	"ygfB"	3241701	3242280	"NSL"	44.44	90	87.5	66.67	9	10	32	6	68.4189473684211	84.211052631579	"Constitutive"	"chromosome"	"intragenic"
"ST4-74.fa"	3243743	3243744	"ST4-74.fa_3243743_+"	"ncRNA"	"+"	3243739	3243745	"SL1344_ncRNA_87"	"no"	"+"	"SL1344_ncRNA_87"	"no"	3243668	3243813	"NSL"	75	82.35	85.71	80	8	17	49	5	79.998	85.1812962962963	"Constitutive"	"chromosome"	"intragenic"
"ST4-74.fa"	3245536	3245537	"ST4-74.fa_3245536_+"	"CDS"	"+"	3245532	3245538	"SL1344_3039"	"rpiA"	"-"	"SL1344_3039"	"rpiA"	3245496	3246156	"NSL"	100	88.24	88.46	90	7	17	52	10	91.67	88.7083870967742	"Constitutive"	"chromosome"	"intragenic"
"ST4-74.fa"	3247538	3247539	"ST4-74.fa_3247538_-"	"CDS"	"-"	3247537	3247543	"SL1344_3041"	"yggE"	"-"	"SL1344_3041"	"yggE"	3247468	3248215	"NSL"	100	100	94.44	100	9	18	54	14	100	95.5847058823529	"Constitutive"	"chromosome"	"intragenic"
"ST4-74.fa"	3249405	3249406	"ST4-74.fa_3249405_-"	"CDS"	"-"	3249404	3249410	"SL1344_3043"	"yggB"	"-"	"SL1344_3043"	"yggB"	3249143	3250004	"NSL"	62.5	94.12	96	90.91	8	17	50	11	84.0016	95.082131147541	"Constitutive"	"chromosome"	"intragenic"
"ST4-74.fa"	325019	325020	"ST4-74.fa_325019_+"	"CDS"	"+"	325015	325021	"SL1344_0280"	"sciS"	"+"	"SL1344_0280"	"sciS"	323836	327706	"NSR"	100	100	85	100	6	4	40	11	100	88.2352941176471	"Constitutive"	"chromosome"	"intragenic"
"ST4-74.fa"	3250342	3250343	"ST4-74.fa_3250342_-"	"CDS"	"-"	3250341	3250347	"SL1344_3044"	"fba"	"-"	"SL1344_3044"	"fba"	3250230	3251310	"NSL"	100	84.62	79.17	100	6	13	48	7	89.4768421052632	81.8210909090909	"Constitutive"	"chromosome"	"intragenic"
"ST4-74.fa"	3252717	3252718	"ST4-74.fa_3252717_+"	"CDS"	"+"	3252713	3252719	"SL1344_3046"	"epd"	"-"	"SL1344_3046"	"epd"	3252596	3253643	"NSL"	72.73	93.75	71.05	75	11	16	38	8	85.1862962962963	71.7369565217391	"Constitutive"	"chromosome"	"intragenic"
"ST4-74.fa"	3253080	3253081	"ST4-74.fa_3253080_-"	"CDS"	"-"	3253079	3253085	"SL1344_3046"	"epd"	"-"	"SL1344_3046"	"epd"	3252596	3253643	"NSL"	100	92.31	89.09	100	6	13	55	12	94.7384210526316	91.0440298507463	"Constitutive"	"chromosome"	"intragenic"
"ST4-74.fa"	3255557	3255558	"ST4-74.fa_3255557_-"	"CDS"	"-"	3255556	3255562	"SL1344_3049"	"STM3073"	"+"	"SL1344_3049"	"STM3073"	3255046	3255754	"NSL"	100	88.24	91.3	88.89	8	17	46	9	92.0032	90.9056363636364	"Constitutive"	"chromosome"	"intragenic"
"ST4-74.fa"	3257557	3257558	"ST4-74.fa_3257557_+"	"CDS"	"+"	3257553	3257559	"SL1344_3052"	"tktA"	"-"	"SL1344_3052"	"tktA"	3257112	3259059	"NSL"	50	72.73	95.12	25	4	11	41	4	66.6686666666667	88.8871111111111	"Constitutive"	"chromosome"	"intragenic"
"ST4-74.fa"	3258571	3258572	"ST4-74.fa_3258571_+"	"CDS"	"+"	3258567	3258573	"SL1344_3052"	"tktA"	"-"	"SL1344_3052"	"tktA"	3257112	3259059	"NSL"	100	100	89.09	87.5	8	14	55	8	100	88.8880952380952	"Constitutive"	"chromosome"	"intragenic"
"ST4-74.fa"	3260317	3260318	"ST4-74.fa_3260317_-"	"CDS"	"-"	3260316	3260322	"SL1344_3054"	"speB"	"-"	"SL1344_3054"	"speB"	3260238	3261159	"NSL"	75	75	83.72	71.43	8	8	43	7	75	81.9994	"Constitutive"	"chromosome"	"intragenic"
"ST4-74.fa"	326036	326037	"ST4-74.fa_326036_-"	"CDS"	"-"	326035	326041	"SL1344_0280"	"sciS"	"+"	"SL1344_0280"	"sciS"	323836	327706	"NSR"	80	100	84.78	81.82	5	4	46	11	88.8888888888889	84.2087719298246	"Constitutive"	"chromosome"	"intragenic"
"ST4-74.fa"	3260635	3260636	"ST4-74.fa_3260635_+"	"CDS"	"+"	3260631	3260637	"SL1344_3054"	"speB"	"-"	"SL1344_3054"	"speB"	3260238	3261159	"NSL"	100	87.5	90.74	88.89	10	16	54	9	92.3076923076923	90.4757142857143	"Constitutive"	"chromosome"	"intragenic"
"ST4-74.fa"	3262909	3262910	"ST4-74.fa_3262909_-"	"CDS"	"-"	3262908	3262914	"SL1344_3056"	"STM3080"	"-"	"SL1344_3056"	"STM3080"	3262533	3263007	"NSL"	71.43	85.71	80	90.91	7	14	45	11	80.95	82.1430357142857	"Constitutive"	"chromosome"	"intragenic"
"ST4-74.fa"	3266064	3266065	"ST4-74.fa_3266064_+"	"CDS"	"+"	3266060	3266066	"SL1344_3059"	"STM3083"	"-"	"SL1344_3059"	"STM3083"	3265085	3266558	"NSL"	77.78	66.67	91.49	83.33	9	9	47	6	72.225	90.5662264150943	"Constitutive"	"chromosome"	"intragenic"
"ST4-74.fa"	3269131	3269132	"ST4-74.fa_3269131_-"	"CDS"	"-"	3269130	3269136	"SL1344_3061"	"STM3085"	"-"	"SL1344_3061"	"STM3085"	3268753	3269485	"NSL"	80	50	66.67	72.73	5	4	33	11	66.6666666666667	68.185	"Constitutive"	"chromosome"	"intragenic"
"ST4-74.fa"	3270061	3270062	"ST4-74.fa_3270061_-"	"CDS"	"-"	3270060	3270066	"SL1344_3062"	"speA"	"-"	"SL1344_3062"	"speA"	3269628	3271542	"NSL"	100	100	94.12	100	4	4	34	10	100	95.4563636363636	"Constitutive"	"chromosome"	"intragenic"
"ST4-74.fa"	3270097	3270098	"ST4-74.fa_3270097_-"	"CDS"	"-"	3270096	3270102	"SL1344_3062"	"speA"	"-"	"SL1344_3062"	"speA"	3269628	3271542	"NSL"	60	100	92.31	66.67	5	6	26	6	81.8181818181818	87.5025	"Constitutive"	"chromosome"	"intragenic"
"ST4-74.fa"	3274594	3274595	"ST4-74.fa_3274594_-"	"CDS"	"-"	3274593	3274599	"SL1344_3066"	"galP"	"+"	"SL1344_3066"	"galP"	3274080	3275436	"NSL"	66.67	92.31	86.11	88.89	3	13	36	9	87.5025	86.666	"Constitutive"	"chromosome"	"intragenic"
"ST4-74.fa"	3277464	3277465	"ST4-74.fa_3277464_-"	"CDS"	"-"	3277463	3277469	"SL1344_3069"	"yggJ"	"+"	"SL1344_3069"	"yggJ"	3276842	3277622	"NSL"	50	60	78.57	100	4	5	14	6	55.5555555555556	84.999	"Constitutive"	"chromosome"	"intragenic"
"ST4-74.fa"	3277972	3277973	"ST4-74.fa_3277972_-"	"CDS"	"-"	3277971	3277977	"SL1344_3070"	"gshB"	"+"	"SL1344_3070"	"gshB"	3277641	3278589	"NSL"	100	100	100	100	5	15	45	13	100	100	"Constitutive"	"chromosome"	"intragenic"
"ST4-74.fa"	3281326	3281327	"ST4-74.fa_3281326_+"	"CDS"	"+"	3281322	3281328	"SL1344_3074"	"pilT"	"-"	"SL1344_3074"	"pilT"	3280648	3281629	"NSL"	50	64.71	44.19	50	6	17	43	6	60.8726086956522	44.9014285714286	"Constitutive"	"chromosome"	"intragenic"
"ST4-74.fa"	3282022	3282023	"ST4-74.fa_3282022_-"	"CDS"	"-"	3282021	3282027	"SL1344_3075"	"yggS"	"+"	"SL1344_3075"	"yggS"	3281646	3282351	"NSL"	80	86.67	79.59	93.33	5	15	49	15	85.0025	82.8103125	"Constitutive"	"chromosome"	"intragenic"
"ST4-74.fa"	3282682	3282683	"ST4-74.fa_3282682_-"	"CDS"	"-"	3282681	3282687	"SL1344_3076"	"yggT"	"+"	"SL1344_3076"	"yggT"	3282369	3282936	"NSL"	87.5	92.31	90.7	92.86	8	13	43	14	90.477619047619	91.2305263157895	"Constitutive"	"chromosome"	"intragenic"
"ST4-74.fa"	3283516	3283517	"ST4-74.fa_3283516_+"	"CDS"	"+"	3283512	3283518	"SL1344_3078"	"yggV"	"+"	"SL1344_3078"	"yggV"	3283230	3283824	"NSL"	87.5	93.33	81.58	90	8	15	38	10	91.3021739130435	83.3341666666667	"Constitutive"	"chromosome"	"intragenic"
"ST4-74.fa"	3285629	3285630	"ST4-74.fa_3285629_+"	"CDS"	"+"	3285625	3285631	"SL1344_3080"	"yggM"	"-"	"SL1344_3080"	"yggM"	3285043	3286051	"NSL"	100	100	94.92	100	11	13	59	13	100	95.8372222222222	"Constitutive"	"chromosome"	"intragenic"
"ST4-74.fa"	3285671	3285672	"ST4-74.fa_3285671_-"	"CDS"	"-"	3285670	3285676	"SL1344_3080"	"yggM"	"-"	"SL1344_3080"	"yggM"	3285043	3286051	"NSL"	100	66.67	86.67	66.67	4	9	45	12	76.9253846153846	82.4594736842105	"Constitutive"	"chromosome"	"intragenic"
"ST4-74.fa"	328866	328867	"ST4-74.fa_328866_+"	"CDS"	"+"	328862	328868	"SL1344_0282"	"sciU"	"+"	"SL1344_0282"	"sciU"	328490	328907	"NSR"	100	88.89	84.38	88.89	9	9	32	9	94.445	85.37	"Constitutive"	"chromosome"	"intragenic"
"ST4-74.fa"	3291072	3291073	"ST4-74.fa_3291072_+"	"CDS"	"+"	3291068	3291074	"SL1344_3087"	"mltC"	"+"	"SL1344_3087"	"mltC"	3290855	3291941	"NSL"	100	90.91	87.5	100	6	11	48	4	94.1182352941177	88.4615384615385	"Constitutive"	"chromosome"	"intragenic"
"ST4-74.fa"	3302412	3302413	"ST4-74.fa_3302412_-"	"CDS"	"-"	3302411	3302417	"SL1344_3096"	"STM3122"	"-"	"SL1344_3096"	"STM3122"	3301288	3303028	"NSL"	0	91.67	85.19	100	2	12	27	5	78.5742857142857	87.5040625	"Constitutive"	"chromosome"	"intragenic"
"ST4-74.fa"	3302698	3302699	"ST4-74.fa_3302698_+"	"CDS"	"+"	3302694	3302700	"SL1344_3096"	"STM3122"	"-"	"SL1344_3096"	"STM3122"	3301288	3303028	"NSL"	50	85.71	94.29	80	6	14	35	5	74.997	92.50375	"Constitutive"	"chromosome"	"intragenic"
"ST4-74.fa"	3303947	3303948	"ST4-74.fa_3303947_-"	"CDS"	"-"	3303946	3303952	"SL1344_3097"	"STM3123"	"-"	"SL1344_3097"	"STM3123"	3303096	3304281	"NSL"	100	87.5	91.89	100	7	16	37	4	91.304347826087	92.6812195121951	"Constitutive"	"chromosome"	"intragenic"
"ST4-74.fa"	3305551	3305552	"ST4-74.fa_3305551_-"	"intergenic"	"-"	3305550	3305556	"STnc3880"	"no"	"+-"	"SL1344_3099"	"STM3125"	3305515	3305579	"NSL"	85.71	88.89	75.86	75	7	9	29	4	87.49875	75.7557575757576	"Constitutive"	"chromosome"	"intergenic"
"ST4-74.fa"	3306499	3306500	"ST4-74.fa_3306499_+"	"CDS"	"+"	3306495	3306501	"SL1344_3100"	"STM3126"	"-"	"SL1344_3100"	"STM3126"	3306114	3307614	"NSL"	77.78	78.95	77.78	85.71	9	19	36	7	78.5739285714286	79.0709302325581	"Constitutive"	"chromosome"	"intragenic"
"ST4-74.fa"	3307312	3307313	"ST4-74.fa_3307312_+"	"CDS"	"+"	3307308	3307314	"SL1344_3100"	"STM3126"	"-"	"SL1344_3100"	"STM3126"	3306114	3307614	"NSL"	75	72.22	76.32	85.71	8	18	38	7	73.0753846153846	77.7806666666667	"Constitutive"	"chromosome"	"intragenic"
"ST4-74.fa"	3308690	3308691	"ST4-74.fa_3308690_-"	"CDS"	"-"	3308689	3308695	"SL1344_3102"	"ordL"	"-"	"SL1344_3102"	"ordL"	3308211	3309513	"NSL"	80	75	81.08	66.67	5	8	37	6	76.9230769230769	79.0693023255814	"Constitutive"	"chromosome"	"intragenic"
"ST4-74.fa"	3310026	3310027	"ST4-74.fa_3310026_+"	"CDS"	"+"	3310022	3310028	"SL1344_3103"	"STM3129"	"+"	"SL1344_3103"	"STM3129"	3309674	3311159	"NSL"	66.67	55.56	80	66.67	6	9	45	6	60.004	78.4317647058824	"Constitutive"	"chromosome"	"intragenic"
"ST4-74.fa"	3310368	3310369	"ST4-74.fa_3310368_-"	"CDS"	"-"	3310367	3310373	"SL1344_3103"	"STM3129"	"+"	"SL1344_3103"	"STM3129"	3309674	3311159	"NSL"	100	100	94.55	100	7	9	55	3	100	94.8318965517241	"Constitutive"	"chromosome"	"intragenic"
"ST4-74.fa"	3312092	3312093	"ST4-74.fa_3312092_-"	"CDS"	"-"	3312091	3312097	"SL1344_3105"	"STM3131"	"-"	"SL1344_3105"	"STM3131"	3311674	3312160	"NSL"	66.67	85.71	89.36	72.73	6	14	47	11	79.998	86.2060344827586	"Constitutive"	"chromosome"	"intragenic"
"ST4-74.fa"	3312180	3312181	"ST4-74.fa_3312180_+"	"intergenic"	"+"	3312176	3312182	"SL1344_3105"	"STM3131"	"--"	"STnc1170"	"no"	3312160	3312428	"NSL"	100	84.21	86.36	100	7	19	44	11	88.4611538461538	89.088	"Constitutive"	"chromosome"	"intergenic"
"ST4-74.fa"	331301	331302	"ST4-74.fa_331301_+"	"CDS"	"+"	331297	331303	"SL1344_0284"	"vgrS"	"+"	"SL1344_0284"	"vgrS"	329848	332038	"NSR"	88.89	85.71	94.64	87.5	9	7	56	8	87.49875	93.7475	"Constitutive"	"chromosome"	"intragenic"
"ST4-74.fa"	3314517	3314518	"ST4-74.fa_3314517_-"	"CDS"	"-"	3314516	3314522	"SL1344_3107"	"STM3133"	"-"	"SL1344_3107"	"STM3133"	3313847	3314726	"NSL"	100	84.62	100	100	7	13	43	6	90.003	100	"Constitutive"	"chromosome"	"intragenic"
"ST4-74.fa"	3316169	3316170	"ST4-74.fa_3316169_+"	"CDS"	"+"	3316165	3316171	"SL1344_3108"	"exuT"	"-"	"SL1344_3108"	"exuT"	3315121	3316426	"NSL"	85.71	84.21	84.85	90	7	19	33	10	84.6138461538461	86.0476744186046	"Constitutive"	"chromosome"	"intragenic"
"ST4-74.fa"	3317404	3317405	"ST4-74.fa_3317404_+"	"CDS"	"+"	3317400	3317406	"SL1344_3109"	"uxuA"	"+"	"SL1344_3109"	"uxuA"	3316830	3318015	"NSL"	87.5	94.12	91.84	100	8	17	49	10	92.0016	93.2230508474576	"Constitutive"	"chromosome"	"intragenic"
"ST4-74.fa"	3317863	3317864	"ST4-74.fa_3317863_-"	"CDS"	"-"	3317862	3317868	"SL1344_3109"	"uxuA"	"+"	"SL1344_3109"	"uxuA"	3316830	3318015	"NSL"	75	100	90.57	100	4	12	53	8	93.75	91.8067213114754	"Constitutive"	"chromosome"	"intragenic"
"ST4-74.fa"	3318330	3318331	"ST4-74.fa_3318330_-"	"CDS"	"-"	3318329	3318335	"SL1344_3110"	"uxuB"	"+"	"SL1344_3110"	"uxuB"	3318125	3319598	"NSL"	100	66.67	81.82	100	2	6	44	5	75.0025	83.6751020408163	"Constitutive"	"chromosome"	"intragenic"
"ST4-74.fa"	3318567	3318568	"ST4-74.fa_3318567_-"	"CDS"	"-"	3318566	3318572	"SL1344_3110"	"uxuB"	"+"	"SL1344_3110"	"uxuB"	3318125	3319598	"NSL"	83.33	100	98.11	100	6	8	53	7	92.8557142857143	98.3305	"Constitutive"	"chromosome"	"intragenic"
"ST4-74.fa"	3319829	3319830	"ST4-74.fa_3319829_-"	"CDS"	"-"	3319828	3319834	"SL1344_3111"	"uxaC"	"+"	"SL1344_3111"	"uxaC"	3319609	3321022	"NSL"	83.33	81.82	88.1	87.5	6	11	42	8	82.3529411764706	88.004	"Constitutive"	"chromosome"	"intragenic"
"ST4-74.fa"	3320771	3320772	"ST4-74.fa_3320771_+"	"CDS"	"+"	3320767	3320773	"SL1344_3111"	"uxaC"	"+"	"SL1344_3111"	"uxaC"	3319609	3321022	"NSL"	75	60	80	77.78	4	15	50	9	63.1578947368421	79.6613559322034	"Constitutive"	"chromosome"	"intragenic"
"ST4-74.fa"	3321568	3321569	"ST4-74.fa_3321568_-"	"CDS"	"-"	3321567	3321573	"SL1344_3112"	"STM3138"	"-"	"SL1344_3112"	"STM3138"	3321321	3322380	"NSL"	66.67	83.33	88.1	100	3	12	42	5	79.998	89.3659574468085	"Constitutive"	"chromosome"	"intragenic"
"ST4-74.fa"	3322411	3322412	"ST4-74.fa_3322411_-"	"intergenic"	"-"	3322410	3322416	"SL1344_3112"	"STM3138"	"-+"	"STnc3890"	"no"	3322380	3322950	"NSL"	85.71	77.78	78.57	75	7	9	42	8	81.249375	77.9988	"Constitutive"	"chromosome"	"intergenic"
"ST4-74.fa"	3325391	3325392	"ST4-74.fa_3325391_+"	"CDS"	"+"	3325387	3325393	"SL1344_3114"	"yghU"	"+"	"SL1344_3114"	"yghU"	3325132	3325999	"NSL"	60	66.67	66.67	90.91	5	18	45	11	65.22	71.4314285714286	"Constitutive"	"chromosome"	"intragenic"
"ST4-74.fa"	3327453	3327454	"ST4-74.fa_3327453_-"	"CDS"	"-"	3327452	3327458	"SL1344_3116"	"STM3142"	"-"	"SL1344_3116"	"STM3142"	3326776	3327829	"NSL"	25	63.64	45.71	80	4	11	35	5	53.336	49.99625	"Constitutive"	"chromosome"	"intragenic"
"ST4-74.fa"	3333045	3333046	"ST4-74.fa_3333045_-"	"CDS"	"-"	3333044	3333050	"SL1344_3123"	"hybA"	"-"	"SL1344_3123"	"hybA"	3332357	3333344	"NSL"	25	57.14	62.16	50	4	14	37	8	49.9977777777778	59.9982222222222	"Constitutive"	"chromosome"	"intragenic"
"ST4-74.fa"	3337313	3337314	"ST4-74.fa_3337313_+"	"CDS"	"+"	3337309	3337315	"SL1344_3127"	"yqhA"	"-"	"SL1344_3127"	"yqhA"	3336976	3337471	"NSL"	100	92.86	90.57	84.21	5	14	53	19	94.7389473684211	88.8916666666667	"Constitutive"	"chromosome"	"intragenic"
"ST4-74.fa"	3337391	3337392	"ST4-74.fa_3337391_+"	"CDS"	"+"	3337387	3337393	"SL1344_3127"	"yqhA"	"-"	"SL1344_3127"	"yqhA"	3336976	3337471	"NSL"	100	94.12	94.74	94.12	5	17	57	17	95.4563636363636	94.5975675675676	"Constitutive"	"chromosome"	"intragenic"
"ST4-74.fa"	3338335	3338336	"ST4-74.fa_3338335_-"	"intergenic"	"-"	3338334	3338340	"SL1344_3128"	"STM3154"	"-+"	"SL1344_3129"	"STM3155"	3338266	3338357	"NSL"	100	64.29	79.25	77.78	2	14	53	9	68.75375	79.0366129032258	"Constitutive"	"chromosome"	"intergenic"
"ST4-74.fa"	33403	33404	"ST4-74.fa_33403_-"	"CDS"	"-"	33402	33408	"SL1344_0031"	"STM0030"	"+"	"SL1344_0031"	"STM0030"	33363	34368	"NSR"	100	90.91	96.67	100	7	22	60	9	93.1041379310345	97.104347826087	"Constitutive"	"chromosome"	"intragenic"
"ST4-74.fa"	3341237	3341238	"ST4-74.fa_3341237_-"	"CDS"	"-"	3341236	3341242	"SL1344_3133"	"exbB"	"-"	"SL1344_3133"	"exbB"	3340711	3341446	"NSL"	60	70	79.07	100	5	10	43	5	66.6666666666667	81.2502083333333	"Constitutive"	"chromosome"	"intragenic"
"ST4-74.fa"	3344067	3344068	"ST4-74.fa_3344067_-"	"CDS"	"-"	3344066	3344072	"SL1344_3137"	"yqhC"	"-"	"SL1344_3137"	"yqhC"	3343747	3344665	"NSL"	100	92.86	90.38	85.71	8	14	52	7	95.4563636363636	89.8259322033898	"Constitutive"	"chromosome"	"intragenic"
"ST4-74.fa"	3344072	3344073	"ST4-74.fa_3344072_+"	"CDS"	"+"	3344068	3344074	"SL1344_3137"	"yqhC"	"-"	"SL1344_3137"	"yqhC"	3343747	3344665	"NSL"	100	93.75	91.8	90	11	16	61	10	96.2962962962963	91.5464788732394	"Constitutive"	"chromosome"	"intragenic"
"ST4-74.fa"	3345509	3345510	"ST4-74.fa_3345509_-"	"CDS"	"-"	3345508	3345514	"SL1344_3138"	"yqhD"	"+"	"SL1344_3138"	"yqhD"	3344839	3346003	"NSL"	100	100	96.43	100	6	15	56	7	100	96.8266666666667	"Constitutive"	"chromosome"	"intragenic"
"ST4-74.fa"	3346550	3346551	"ST4-74.fa_3346550_-"	"CDS"	"-"	3346549	3346555	"SL1344_3139"	"dkgA"	"+"	"SL1344_3139"	"dkgA"	3346108	3346936	"NSL"	75	92.31	86.44	100	4	13	59	8	88.2370588235294	88.0591044776119	"Constitutive"	"chromosome"	"intragenic"
"ST4-74.fa"	3346703	3346704	"ST4-74.fa_3346703_+"	"CDS"	"+"	3346699	3346705	"SL1344_3139"	"dkgA"	"+"	"SL1344_3139"	"dkgA"	3346108	3346936	"NSL"	75	57.14	87.5	72.73	8	14	56	11	63.6345454545455	85.0750746268657	"Constitutive"	"chromosome"	"intragenic"
"ST4-74.fa"	3346922	3346923	"ST4-74.fa_3346922_+"	"CDS"	"+"	3346918	3346924	"SL1344_3139"	"dkgA"	"+"	"SL1344_3139"	"dkgA"	3346108	3346936	"NSL"	66.67	64.29	80	83.33	6	14	50	6	65.004	80.3567857142857	"Constitutive"	"chromosome"	"intragenic"
"ST4-74.fa"	3347415	3347416	"ST4-74.fa_3347415_-"	"CDS"	"-"	3347414	3347420	"SL1344_3140"	"STM3166"	"+"	"SL1344_3140"	"STM3166"	3347285	3348587	"NSL"	66.67	75	81.48	83.33	3	8	54	12	72.7281818181818	81.8163636363636	"Constitutive"	"chromosome"	"intragenic"
"ST4-74.fa"	3347556	3347557	"ST4-74.fa_3347556_-"	"CDS"	"-"	3347555	3347561	"SL1344_3140"	"STM3166"	"+"	"SL1344_3140"	"STM3166"	3347285	3348587	"NSL"	75	72.73	82.98	77.78	4	11	47	9	73.3353333333334	82.1442857142857	"Constitutive"	"chromosome"	"intragenic"
"ST4-74.fa"	3347688	3347689	"ST4-74.fa_3347688_-"	"CDS"	"-"	3347687	3347693	"SL1344_3140"	"STM3166"	"+"	"SL1344_3140"	"STM3166"	3347285	3348587	"NSL"	50	90	60.98	50	4	10	41	8	78.5714285714286	59.1873469387755	"Constitutive"	"chromosome"	"intragenic"
"ST4-74.fa"	3350029	3350030	"ST4-74.fa_3350029_-"	"CDS"	"-"	3350028	3350034	"SL1344_3142"	"ygiR"	"-"	"SL1344_3142"	"ygiR"	3349641	3351813	"NSL"	100	93.33	93.33	80	5	15	45	10	94.9975	90.9063636363636	"Constitutive"	"chromosome"	"intragenic"
"ST4-74.fa"	3350125	3350126	"ST4-74.fa_3350125_+"	"CDS"	"+"	3350121	3350127	"SL1344_3142"	"ygiR"	"-"	"SL1344_3142"	"ygiR"	3349641	3351813	"NSL"	100	63.64	84.78	88.89	4	11	46	9	73.336	85.4525454545455	"Constitutive"	"chromosome"	"intragenic"
"ST4-74.fa"	3351166	3351167	"ST4-74.fa_3351166_-"	"CDS"	"-"	3351165	3351171	"SL1344_3142"	"ygiR"	"-"	"SL1344_3142"	"ygiR"	3349641	3351813	"NSL"	50	100	96	90.91	2	16	50	11	94.4444444444444	95.082131147541	"Constitutive"	"chromosome"	"intragenic"
"ST4-74.fa"	3351796	3351797	"ST4-74.fa_3351796_+"	"CDS"	"+"	3351792	3351798	"SL1344_3142"	"ygiR"	"-"	"SL1344_3142"	"ygiR"	3349641	3351813	"NSL"	80	46.67	67.35	83.33	5	15	49	6	55.0025	69.0932727272727	"Constitutive"	"chromosome"	"intragenic"
"ST4-74.fa"	3355807	3355808	"ST4-74.fa_3355807_-"	"CDS"	"-"	3355806	3355812	"SL1344_3146"	"sufI"	"-"	"SL1344_3146"	"sufI"	3355170	3356583	"NSL"	83.33	80	78.57	90.91	6	15	42	11	80.9514285714286	81.1311320754717	"Constitutive"	"chromosome"	"intragenic"
"ST4-74.fa"	3356756	3356757	"ST4-74.fa_3356756_-"	"CDS"	"-"	3356755	3356761	"SL1344_3147"	"plsC"	"-"	"SL1344_3147"	"plsC"	3356656	3357394	"NSL"	60	95.65	86.67	100	5	23	45	6	89.2839285714286	88.2382352941176	"Constitutive"	"chromosome"	"intragenic"
"ST4-74.fa"	3359295	3359296	"ST4-74.fa_3359295_-"	"CDS"	"-"	3359294	3359300	"SL1344_3148"	"parC"	"-"	"SL1344_3148"	"parC"	3357650	3359909	"NSL"	71.43	86.36	87.88	100	7	22	33	6	82.7562068965517	89.7446153846154	"Constitutive"	"chromosome"	"intragenic"
"ST4-74.fa"	3360870	3360871	"ST4-74.fa_3360870_-"	"CDS"	"-"	3360869	3360875	"SL1344_3149"	"STM3175"	"-"	"SL1344_3149"	"STM3175"	3360019	3360886	"NSL"	83.33	53.85	88.89	100	6	13	27	5	63.1594736842105	90.6259375	"Constitutive"	"chromosome"	"intragenic"
"ST4-74.fa"	3360875	3360876	"ST4-74.fa_3360875_+"	"CDS"	"+"	3360871	3360877	"SL1344_3149"	"STM3175"	"-"	"SL1344_3149"	"STM3175"	3360019	3360886	"NSL"	100	91.67	88.24	100	9	12	68	9	95.24	89.6145454545454	"Constitutive"	"chromosome"	"intragenic"
"ST4-74.fa"	3361727	3361728	"ST4-74.fa_3361727_-"	"CDS"	"-"	3361726	3361732	"SL1344_3151"	"ygiX"	"+"	"SL1344_3151"	"ygiX"	3361501	3362161	"NSL"	87.5	92.86	79.49	92.31	8	14	39	13	90.9109090909091	82.695	"Constitutive"	"chromosome"	"intragenic"
"ST4-74.fa"	3362659	3362660	"ST4-74.fa_3362659_-"	"CDS"	"-"	3362658	3362664	"SL1344_3152"	"ygiY"	"+"	"SL1344_3152"	"ygiY"	3362157	3363507	"NSL"	83.33	84.62	70	83.33	6	13	30	6	84.2126315789474	72.2216666666667	"Constitutive"	"chromosome"	"intragenic"
"ST4-74.fa"	3363031	3363032	"ST4-74.fa_3363031_+"	"CDS"	"+"	3363027	3363033	"SL1344_3152"	"ygiY"	"+"	"SL1344_3152"	"ygiY"	3362157	3363507	"NSL"	100	100	92.98	82.35	9	15	57	17	100	90.537972972973	"Constitutive"	"chromosome"	"intragenic"
"ST4-74.fa"	3364022	3364023	"ST4-74.fa_3364022_+"	"CDS"	"+"	3364018	3364024	"SL1344_3153"	"mdaB"	"+"	"SL1344_3153"	"mdaB"	3363613	3364195	"NSL"	88.89	87.5	79.55	62.5	9	8	44	8	88.2358823529412	76.9269230769231	"Constitutive"	"chromosome"	"intragenic"
"ST4-74.fa"	3364768	3364769	"ST4-74.fa_3364768_-"	"CDS"	"-"	3364767	3364773	"SL1344_3155"	"parE"	"-"	"SL1344_3155"	"parE"	3364665	3366558	"NSL"	87.5	95	93.1	100	8	20	29	10	92.8571428571429	94.8692307692308	"Constitutive"	"chromosome"	"intragenic"
"ST4-74.fa"	3365749	3365750	"ST4-74.fa_3365749_+"	"CDS"	"+"	3365745	3365751	"SL1344_3155"	"parE"	"-"	"SL1344_3155"	"parE"	3364665	3366558	"NSL"	88.89	85.71	93.33	81.82	9	14	45	11	86.9543478260869	91.0691071428572	"Constitutive"	"chromosome"	"intragenic"
"ST4-74.fa"	3366292	3366293	"ST4-74.fa_3366292_+"	"CDS"	"+"	3366288	3366294	"SL1344_3155"	"parE"	"-"	"SL1344_3155"	"parE"	3364665	3366558	"NSL"	83.33	84.62	86.96	57.14	6	13	46	7	84.2126315789474	83.0215094339623	"Constitutive"	"chromosome"	"intragenic"
"ST4-74.fa"	3366754	3366755	"ST4-74.fa_3366754_+"	"CDS"	"+"	3366750	3366756	"SL1344_3156"	"yqiA"	"-"	"SL1344_3156"	"yqiA"	3366585	3367167	"NSL"	100	83.33	92.16	100	9	12	51	7	90.4742857142857	93.1062068965517	"Constitutive"	"chromosome"	"intragenic"
"ST4-74.fa"	3367464	3367465	"ST4-74.fa_3367464_-"	"CDS"	"-"	3367463	3367469	"SL1344_3157"	"cpdA"	"-"	"SL1344_3157"	"cpdA"	3367166	3367994	"NSL"	100	94.12	94.74	77.78	8	17	38	9	96.0016	91.4923404255319	"Constitutive"	"chromosome"	"intragenic"
"ST4-74.fa"	3367821	3367822	"ST4-74.fa_3367821_+"	"CDS"	"+"	3367817	3367823	"SL1344_3157"	"cpdA"	"-"	"SL1344_3157"	"cpdA"	3367166	3367994	"NSL"	75	70.59	86	81.82	8	17	50	11	72.0012	85.2462295081967	"Constitutive"	"chromosome"	"intragenic"
"ST4-74.fa"	3369242	3369243	"ST4-74.fa_3369242_+"	"intergenic"	"+"	3369238	3369244	"SL1344_3159"	"nudF"	"-+"	"SL1344_3160"	"tolC"	3369070	3369270	"NSL"	100	84.62	84.62	80	10	13	52	10	91.3069565217391	83.8748387096774	"Constitutive"	"chromosome"	"intergenic"
"ST4-74.fa"	3369646	3369647	"ST4-74.fa_3369646_+"	"CDS"	"+"	3369642	3369648	"SL1344_3160"	"tolC"	"+"	"SL1344_3160"	"tolC"	3369270	3370746	"NSL"	100	85	94.23	100	10	20	52	11	90	95.2374603174603	"Constitutive"	"chromosome"	"intragenic"
"ST4-74.fa"	3369655	3369656	"ST4-74.fa_3369655_-"	"CDS"	"-"	3369654	3369660	"SL1344_3160"	"tolC"	"+"	"SL1344_3160"	"tolC"	3369270	3370746	"NSL"	100	85	91.23	77.78	11	20	57	9	90.3225806451613	89.3959090909091	"Constitutive"	"chromosome"	"intragenic"
"ST4-74.fa"	3370642	3370643	"ST4-74.fa_3370642_+"	"CDS"	"+"	3370638	3370644	"SL1344_3160"	"tolC"	"+"	"SL1344_3160"	"tolC"	3369270	3370746	"NSL"	62.5	50	55.81	90.91	8	10	43	11	55.5555555555556	62.96	"Constitutive"	"chromosome"	"intragenic"
"ST4-74.fa"	3372047	3372048	"ST4-74.fa_3372047_+"	"CDS"	"+"	3372043	3372049	"SL1344_3162"	"ygiC"	"+"	"SL1344_3162"	"ygiC"	3371635	3372799	"NSL"	44.44	75	71.05	75	9	8	38	8	58.8211764705882	71.7369565217391	"Constitutive"	"chromosome"	"intragenic"
"ST4-74.fa"	3372083	3372084	"ST4-74.fa_3372083_+"	"CDS"	"+"	3372079	3372085	"SL1344_3162"	"ygiC"	"+"	"SL1344_3162"	"ygiC"	3371635	3372799	"NSL"	100	60	88.24	88.89	8	15	51	9	73.9130434782609	88.3375	"Constitutive"	"chromosome"	"intragenic"
"ST4-74.fa"	3372308	3372309	"ST4-74.fa_3372308_+"	"CDS"	"+"	3372304	3372310	"SL1344_3162"	"ygiC"	"+"	"SL1344_3162"	"ygiC"	3371635	3372799	"NSL"	75	86.67	87.23	100	8	15	47	11	82.6108695652174	89.6518965517241	"Constitutive"	"chromosome"	"intragenic"
"ST4-74.fa"	3372710	3372711	"ST4-74.fa_3372710_+"	"CDS"	"+"	3372706	3372712	"SL1344_3162"	"ygiC"	"+"	"SL1344_3162"	"ygiC"	3371635	3372799	"NSL"	100	72.73	86.67	100	8	11	45	9	84.2121052631579	88.8916666666667	"Constitutive"	"chromosome"	"intragenic"
"ST4-74.fa"	3372746	3372747	"ST4-74.fa_3372746_-"	"CDS"	"-"	3372745	3372751	"SL1344_3162"	"ygiC"	"+"	"SL1344_3162"	"ygiC"	3371635	3372799	"NSL"	83.33	72.73	74.07	62.5	6	11	27	8	76.4711764705882	71.4254285714286	"Constitutive"	"chromosome"	"intragenic"
"ST4-74.fa"	3377325	3377326	"ST4-74.fa_3377325_-"	"CDS"	"-"	3377324	3377330	"SL1344_3166"	"STM3193"	"+"	"SL1344_3166"	"STM3193"	3377021	3377693	"NSL"	66.67	46.15	68.29	80	6	13	41	10	52.63	70.5860784313726	"Constitutive"	"chromosome"	"intragenic"
"ST4-74.fa"	3378557	3378558	"ST4-74.fa_3378557_+"	"CDS"	"+"	3378553	3378559	"SL1344_3168"	"ribB"	"-"	"SL1344_3168"	"ribB"	3378555	3379209	"NSL"	85.71	81.82	100	100	14	11	49	11	83.9984	100	"Constitutive"	"chromosome"	"intragenic"
"ST4-74.fa"	3378557	3378558	"ST4-74.fa_3378557_+"	"intergenic"	"+"	3378553	3378559	"SL1344_3167"	"STM3194"	"+-"	"SL1344_3168"	"ribB"	3378385	3378555	"NSL"	85.71	81.82	100	100	14	11	49	11	83.9984	100	"Constitutive"	"chromosome"	"intergenic"
"ST4-74.fa"	3381383	3381384	"ST4-74.fa_3381383_-"	"CDS"	"-"	3381382	3381388	"SL1344_3172"	"yqiK"	"+"	"SL1344_3172"	"yqiK"	3381124	3382804	"NSL"	100	94.12	93.33	77.78	7	17	45	9	95.835	90.7383333333333	"Constitutive"	"chromosome"	"intragenic"
"ST4-74.fa"	3382268	3382269	"ST4-74.fa_3382268_-"	"CDS"	"-"	3382267	3382273	"SL1344_3172"	"yqiK"	"+"	"SL1344_3172"	"yqiK"	3381124	3382804	"NSL"	75	93.75	90	75	4	16	40	8	90	87.5	"Constitutive"	"chromosome"	"intragenic"
"ST4-74.fa"	3382682	3382683	"ST4-74.fa_3382682_-"	"CDS"	"-"	3382681	3382687	"SL1344_3172"	"yqiK"	"+"	"SL1344_3172"	"yqiK"	3381124	3382804	"NSL"	85.71	89.47	78.57	77.78	7	19	42	9	88.4576923076923	78.4305882352941	"Constitutive"	"chromosome"	"intragenic"
"ST4-74.fa"	3386953	3386954	"ST4-74.fa_3386953_-"	"CDS"	"-"	3386952	3386958	"SL1344_3174"	"glnE"	"-"	"SL1344_3174"	"glnE"	3384744	3387588	"NSL"	85.71	50	82.5	100	7	12	40	1	63.1563157894737	82.9268292682927	"Constitutive"	"chromosome"	"intragenic"
"ST4-74.fa"	3386971	3386972	"ST4-74.fa_3386971_+"	"CDS"	"+"	3386967	3386973	"SL1344_3174"	"glnE"	"-"	"SL1344_3174"	"glnE"	3384744	3387588	"NSL"	90	91.67	81.25	70	10	12	48	10	90.9109090909091	79.3103448275862	"Constitutive"	"chromosome"	"intragenic"
"ST4-74.fa"	3387632	3387633	"ST4-74.fa_3387632_-"	"intergenic"	"-"	3387631	3387637	"SL1344_3174"	"glnE"	"--"	"SL1344_3175"	"ygiF"	3387588	3387705	"NSL"	100	90	97.87	0	6	10	47	1	93.75	95.8310416666667	"Constitutive"	"chromosome"	"intergenic"
"ST4-74.fa"	3390844	3390845	"ST4-74.fa_3390844_-"	"CDS"	"-"	3390843	3390849	"SL1344_3177"	"cca"	"+"	"SL1344_3177"	"cca"	3389925	3391167	"NSL"	85.71	89.47	82.69	83.33	7	19	52	6	88.4576923076923	82.7562068965517	"Constitutive"	"chromosome"	"intragenic"
"ST4-74.fa"	3391377	3391378	"ST4-74.fa_3391377_+"	"CDS"	"+"	3391373	3391379	"SL1344_3178"	"bacA"	"-"	"SL1344_3178"	"bacA"	3391271	3392096	"NSL"	66.67	100	84.85	81.82	6	8	33	11	85.7157142857143	84.0925	"Constitutive"	"chromosome"	"intragenic"
"ST4-74.fa"	3393416	3393417	"ST4-74.fa_3393416_-"	"intergenic"	"-"	3393415	3393421	"SL1344_3180"	"ygiH"	"+-"	"SL1344_3182"	"gcp"	3393268	3393518	"NSL"	100	66.67	75.68	33.33	4	18	37	3	72.73	72.50375	"Constitutive"	"chromosome"	"intergenic"
"ST4-74.fa"	3393434	3393435	"ST4-74.fa_3393434_-"	"intergenic"	"-"	3393433	3393439	"SL1344_3180"	"ygiH"	"+-"	"SL1344_3182"	"gcp"	3393268	3393518	"NSL"	0	58.33	65.79	60	2	12	38	5	49.9971428571429	65.1167441860465	"Constitutive"	"chromosome"	"intergenic"
"ST4-74.fa"	3395274	3395275	"ST4-74.fa_3395274_-"	"CDS"	"-"	3395273	3395279	"SL1344_3184"	"dnaG"	"+"	"SL1344_3184"	"dnaG"	3395210	3396956	"NSL"	100	78.57	61.9	37.5	1	14	42	8	79.9986666666667	57.996	"Constitutive"	"chromosome"	"intragenic"
"ST4-74.fa"	3396636	3396637	"ST4-74.fa_3396636_+"	"CDS"	"+"	3396632	3396638	"SL1344_3184"	"dnaG"	"+"	"SL1344_3184"	"dnaG"	3395210	3396956	"NSL"	90.91	84.62	88.64	66.67	11	13	44	6	87.5029166666666	86.0036	"Constitutive"	"chromosome"	"intragenic"
"ST4-74.fa"	3396870	3396871	"ST4-74.fa_3396870_-"	"CDS"	"-"	3396869	3396875	"SL1344_3184"	"dnaG"	"+"	"SL1344_3184"	"dnaG"	3395210	3396956	"NSL"	80	66.67	85.71	100	5	15	49	2	70.0025	86.2703921568627	"Constitutive"	"chromosome"	"intragenic"
"ST4-74.fa"	3397967	3397968	"ST4-74.fa_3397967_-"	"CDS"	"-"	3397966	3397972	"SL1344_3185"	"rpoD"	"+"	"SL1344_3185"	"rpoD"	3397105	3398953	"NSL"	100	69.23	76.47	50	6	13	34	4	78.9468421052632	73.6836842105263	"Constitutive"	"chromosome"	"intragenic"
"ST4-74.fa"	3398447	3398448	"ST4-74.fa_3398447_+"	"CDS"	"+"	3398443	3398449	"SL1344_3185"	"rpoD"	"+"	"SL1344_3185"	"rpoD"	3397105	3398953	"NSL"	87.5	87.5	93.18	83.33	8	16	44	6	87.5	91.998	"Constitutive"	"chromosome"	"intragenic"
"ST4-74.fa"	3400569	3400570	"ST4-74.fa_3400569_+"	"CDS"	"+"	3400565	3400571	"SL1344_3187"	"yqjH"	"-"	"SL1344_3187"	"yqjH"	3399863	3400631	"NSL"	100	78.57	91.3	80	7	14	46	5	85.7133333333333	90.1921568627451	"Constitutive"	"chromosome"	"intragenic"
"ST4-74.fa"	3401214	3401215	"ST4-74.fa_3401214_+"	"CDS"	"+"	3401210	3401216	"SL1344_3188"	"yqjI"	"+"	"SL1344_3188"	"yqjI"	3400862	3401510	"NSL"	100	71.43	97.67	85.71	8	14	43	7	81.8190909090909	95.9956	"Constitutive"	"chromosome"	"intragenic"
"ST4-74.fa"	340282	340283	"ST4-74.fa_340282_+"	"CDS"	"+"	340278	340284	"SL1344_0293"	"STM0297"	"+"	"SL1344_0293"	"STM0297"	340232	340373	"NSR"	60	60	81.08	71.43	5	5	37	7	60	79.5447727272727	"Constitutive"	"chromosome"	"intragenic"
"ST4-74.fa"	3404213	3404214	"ST4-74.fa_3404213_+"	"CDS"	"+"	3404209	3404215	"SL1344_3190"	"aer"	"-"	"SL1344_3190"	"aer"	3403459	3404980	"NSL"	100	100	93.94	80	6	13	33	5	100	92.1057894736842	"Constitutive"	"chromosome"	"intragenic"
"ST4-74.fa"	3407450	3407451	"ST4-74.fa_3407450_+"	"CDS"	"+"	3407446	3407452	"SL1344_3192"	"fadH"	"+"	"SL1344_3192"	"fadH"	3406959	3408978	"NSL"	100	100	85.71	100	4	6	28	3	100	87.0929032258064	"Constitutive"	"chromosome"	"intragenic"
"ST4-74.fa"	3407809	3407810	"ST4-74.fa_3407809_-"	"CDS"	"-"	3407808	3407814	"SL1344_3192"	"fadH"	"+"	"SL1344_3192"	"fadH"	3406959	3408978	"NSL"	100	100	97.78	100	7	12	45	9	100	98.15	"Constitutive"	"chromosome"	"intragenic"
"ST4-74.fa"	3410049	3410050	"ST4-74.fa_3410049_+"	"CDS"	"+"	3410045	3410051	"SL1344_3193"	"ygjO"	"-"	"SL1344_3193"	"ygjO"	3409058	3410195	"NSL"	80	83.33	97.44	75	5	6	39	4	81.8163636363636	95.3525581395349	"Constitutive"	"chromosome"	"intragenic"
"ST4-74.fa"	3413822	3413823	"ST4-74.fa_3413822_-"	"CDS"	"-"	3413821	3413827	"SL1344_3197"	"ygjT"	"+"	"SL1344_3197"	"ygjT"	3412981	3413950	"NSL"	100	100	90.57	100	11	14	53	7	100	91.6701666666667	"Constitutive"	"chromosome"	"intragenic"
"ST4-74.fa"	3415255	3415256	"ST4-74.fa_3415255_-"	"CDS"	"-"	3415254	3415260	"SL1344_3198"	"ygjU"	"+"	"SL1344_3198"	"ygjU"	3414204	3415449	"NSL"	100	100	88.24	50	11	9	34	2	100	86.1155555555555	"Constitutive"	"chromosome"	"intragenic"
"ST4-74.fa"	3416076	3416077	"ST4-74.fa_3416076_-"	"CDS"	"-"	3416075	3416081	"SL1344_3199"	"yqjA"	"+"	"SL1344_3199"	"yqjA"	3415898	3416561	"NSL"	76.92	87.5	86.05	66.67	13	16	43	6	82.7572413793103	83.6769387755102	"Constitutive"	"chromosome"	"intragenic"
"ST4-74.fa"	3416457	3416458	"ST4-74.fa_3416457_+"	"CDS"	"+"	3416453	3416459	"SL1344_3199"	"yqjA"	"+"	"SL1344_3199"	"yqjA"	3415898	3416561	"NSL"	87.5	86.67	72.73	88.89	8	15	44	9	86.9586956521739	75.4741509433962	"Constitutive"	"chromosome"	"intragenic"
"ST4-74.fa"	3416606	3416607	"ST4-74.fa_3416606_+"	"CDS"	"+"	3416602	3416608	"SL1344_3200"	"yqjB"	"+"	"SL1344_3200"	"yqjB"	3416564	3416948	"NSL"	100	100	93.33	87.5	8	14	45	8	100	92.45	"Constitutive"	"chromosome"	"intragenic"
"ST4-74.fa"	3418201	3418202	"ST4-74.fa_3418201_+"	"CDS"	"+"	3418197	3418203	"SL1344_3202"	"yqjE"	"+"	"SL1344_3202"	"yqjE"	3417810	3418209	"NSL"	83.33	20	44	66.67	6	5	25	9	54.5436363636364	50.0008823529412	"Constitutive"	"chromosome"	"intragenic"
"ST4-74.fa"	3419212	3419213	"ST4-74.fa_3419212_-"	"CDS"	"-"	3419211	3419217	"SL1344_3205"	"yqjG"	"+"	"SL1344_3205"	"yqjG"	3419202	3420189	"NSL"	100	100	85.71	100	8	10	49	6	100	87.2689090909091	"Constitutive"	"chromosome"	"intragenic"
"ST4-74.fa"	3420496	3420497	"ST4-74.fa_3420496_-"	"CDS"	"-"	3420495	3420501	"SL1344_3206"	"yhaH"	"+"	"SL1344_3206"	"yhaH"	3420312	3420678	"NSL"	77.78	72.73	80	80	9	11	45	5	75.0025	80	"Constitutive"	"chromosome"	"intragenic"
"ST4-74.fa"	3421269	3421270	"ST4-74.fa_3421269_+"	"CDS"	"+"	3421265	3421271	"SL1344_3207"	"yhaJ"	"-"	"SL1344_3207"	"yhaJ"	3420716	3421613	"NSL"	88.89	70	72.97	75	9	10	37	12	78.9478947368421	73.4671428571429	"Constitutive"	"chromosome"	"intragenic"
"ST4-74.fa"	3424902	3424903	"ST4-74.fa_3424902_+"	"CDS"	"+"	3424898	3424904	"SL1344_3211"	"yhaO"	"-"	"SL1344_3211"	"yhaO"	3424055	3425387	"NSL"	80	50	80.65	75	5	12	31	4	58.8235294117647	80.0042857142857	"Constitutive"	"chromosome"	"intragenic"
"ST4-74.fa"	3425077	3425078	"ST4-74.fa_3425077_-"	"CDS"	"-"	3425076	3425082	"SL1344_3211"	"yhaO"	"-"	"SL1344_3211"	"yhaO"	3424055	3425387	"NSL"	90	100	96.49	88.89	10	21	57	9	96.7741935483871	95.4536363636364	"Constitutive"	"chromosome"	"intragenic"
"ST4-74.fa"	3426969	3426970	"ST4-74.fa_3426969_+"	"CDS"	"+"	3426965	3426971	"SL1344_3212"	"tdcG"	"-"	"SL1344_3212"	"tdcG"	3425702	3427067	"NSL"	60	37.5	37.5	14.29	5	16	32	7	42.8571428571429	33.3341025641026	"MEP-specific"	"chromosome"	"intragenic"
"ST4-74.fa"	3428505	3428506	"ST4-74.fa_3428505_+"	"CDS"	"+"	3428501	3428507	"SL1344_3213"	"tdcE"	"-"	"SL1344_3213"	"tdcE"	3427136	3429431	"NSL"	100	76.47	91.43	100	7	17	35	10	83.3329166666667	93.3344444444444	"Constitutive"	"chromosome"	"intragenic"
"ST4-74.fa"	3431492	3431493	"ST4-74.fa_3431492_-"	"CDS"	"-"	3431491	3431497	"SL1344_3215"	"tdcC"	"-"	"SL1344_3215"	"tdcC"	3430738	3432070	"NSL"	85.71	78.95	75.56	62.5	7	19	45	8	80.77	73.588679245283	"Constitutive"	"chromosome"	"intragenic"
"ST4-74.fa"	3435715	3435716	"ST4-74.fa_3435715_-"	"intergenic"	"-"	3435714	3435720	"SL1344_repeat_region_19"	"no"	"+-"	"SL1344_3220"	"garK"	3435556	3435914	"NSL"	100	100	91.3	23.08	3	10	46	13	100	76.2684745762712	"Constitutive"	"chromosome"	"intergenic"
"ST4-74.fa"	3436467	3436468	"ST4-74.fa_3436467_+"	"CDS"	"+"	3436463	3436469	"SL1344_3220"	"garK"	"-"	"SL1344_3220"	"garK"	3435914	3437060	"NSL"	100	68.75	71.43	87.5	4	16	35	8	75	74.4197674418605	"Constitutive"	"chromosome"	"intragenic"
"ST4-74.fa"	3438557	3438558	"ST4-74.fa_3438557_+"	"CDS"	"+"	3438553	3438559	"SL1344_3222"	"garL"	"-"	"SL1344_3222"	"garL"	3438073	3438790	"NSL"	100	83.33	90	91.67	8	18	40	12	88.4592307692308	90.3853846153846	"Constitutive"	"chromosome"	"intragenic"
"ST4-74.fa"	3440942	3440943	"ST4-74.fa_3440942_-"	"CDS"	"-"	3440941	3440947	"SL1344_3223"	"garD"	"+"	"SL1344_3223"	"garD"	3439373	3440945	"NSL"	100	76.47	78.57	87.5	6	17	42	8	82.6082608695652	79.9988	"Constitutive"	"chromosome"	"intragenic"
"ST4-74.fa"	3440942	3440943	"ST4-74.fa_3440942_-"	"intergenic"	"-"	3440941	3440947	"SL1344_3223"	"garD"	"+-"	"SL1344_3224"	"STM3251"	3440945	3441184	"NSL"	100	76.47	78.57	87.5	6	17	42	8	82.6082608695652	79.9988	"Constitutive"	"chromosome"	"intergenic"
"ST4-74.fa"	3441998	3441999	"ST4-74.fa_3441998_-"	"CDS"	"-"	3441997	3442003	"SL1344_3224"	"STM3251"	"-"	"SL1344_3224"	"STM3251"	3441184	3442132	"NSL"	100	70	97.73	84.62	10	20	44	13	80	94.74	"Constitutive"	"chromosome"	"intragenic"
"ST4-74.fa"	3443442	3443443	"ST4-74.fa_3443442_-"	"CDS"	"-"	3443441	3443447	"SL1344_3226"	"gatY"	"+"	"SL1344_3226"	"gatY"	3443309	3444164	"NSL"	100	55.56	73.08	60	6	18	26	5	66.67	70.9703225806452	"Constitutive"	"chromosome"	"intragenic"
"ST4-74.fa"	3445270	3445271	"ST4-74.fa_3445270_-"	"CDS"	"-"	3445269	3445275	"SL1344_3228"	"STM3255"	"+"	"SL1344_3228"	"STM3255"	3445115	3446543	"NSL"	63.64	86.36	94.29	83.33	11	22	35	12	78.7866666666667	91.4917021276596	"Constitutive"	"chromosome"	"intragenic"
"ST4-74.fa"	3445324	3445325	"ST4-74.fa_3445324_-"	"CDS"	"-"	3445323	3445329	"SL1344_3228"	"STM3255"	"+"	"SL1344_3228"	"STM3255"	3445115	3446543	"NSL"	80	82.61	88.24	92.86	10	23	34	14	81.8190909090909	89.5875	"Constitutive"	"chromosome"	"intragenic"
"ST4-74.fa"	3445588	3445589	"ST4-74.fa_3445588_-"	"CDS"	"-"	3445587	3445593	"SL1344_3228"	"STM3255"	"+"	"SL1344_3228"	"STM3255"	3445115	3446543	"NSL"	66.67	72.73	52.94	50	6	11	17	4	70.5911764705883	52.38	"Constitutive"	"chromosome"	"intragenic"
"ST4-74.fa"	3448437	3448438	"ST4-74.fa_3448437_-"	"CDS"	"-"	3448436	3448442	"SL1344_3230"	"STM3257"	"+"	"SL1344_3230"	"STM3257"	3447533	3448805	"NSL"	100	66.67	86.84	92.31	9	18	38	13	77.78	88.2343137254902	"Constitutive"	"chromosome"	"intragenic"
"ST4-74.fa"	3450797	3450798	"ST4-74.fa_3450797_+"	"CDS"	"+"	3450793	3450799	"SL1344_3233"	"gatC"	"+"	"SL1344_3233"	"gatC"	3449602	3450976	"NSL"	80	78.57	77.78	88.89	10	14	36	9	79.1658333333333	80.002	"Constitutive"	"chromosome"	"intragenic"
"ST4-74.fa"	3452969	3452970	"ST4-74.fa_3452969_-"	"intergenic"	"-"	3452968	3452974	"SL1344_3235"	"gatR"	"+-"	"SL1344_3236"	"yraL"	3452947	3453104	"NSL"	77.78	50	87.8	100	9	6	41	7	66.668	89.5791666666667	"Constitutive"	"chromosome"	"intergenic"
"ST4-74.fa"	3454593	3454594	"ST4-74.fa_3454593_+"	"CDS"	"+"	3454589	3454595	"SL1344_3237"	"yraM"	"+"	"SL1344_3237"	"yraM"	3454031	3456074	"NSL"	80	87.5	85.37	75	5	8	41	8	84.6153846153846	83.6769387755102	"Constitutive"	"chromosome"	"intragenic"
"ST4-74.fa"	3455148	3455149	"ST4-74.fa_3455148_+"	"CDS"	"+"	3455144	3455150	"SL1344_3237"	"yraM"	"+"	"SL1344_3237"	"yraM"	3454031	3456074	"NSL"	100	80	96.15	88.89	7	10	52	9	88.2352941176471	95.0788524590164	"Constitutive"	"chromosome"	"intragenic"
"ST4-74.fa"	3456185	3456186	"ST4-74.fa_3456185_-"	"CDS"	"-"	3456184	3456190	"SL1344_3238"	"yraN"	"+"	"SL1344_3238"	"yraN"	3456031	3456427	"NSL"	100	75	69.23	80	6	12	39	10	83.3333333333333	71.4279591836735	"Constitutive"	"chromosome"	"intragenic"
"ST4-74.fa"	3457469	3457470	"ST4-74.fa_3457469_+"	"CDS"	"+"	3457465	3457471	"SL1344_3240"	"yraP"	"+"	"SL1344_3240"	"yraP"	3457048	3457624	"NSL"	100	92.31	95.83	85.71	9	13	48	7	95.4559090909091	94.542	"Constitutive"	"chromosome"	"intragenic"
"ST4-74.fa"	3458789	3458790	"ST4-74.fa_3458789_+"	"CDS"	"+"	3458785	3458791	"SL1344_3242"	"yhbO"	"+"	"SL1344_3242"	"yhbO"	3458456	3458975	"NSL"	100	92.86	88.1	100	11	14	42	8	96.0016	90.004	"Constitutive"	"chromosome"	"intragenic"
"ST4-74.fa"	3458877	3458878	"ST4-74.fa_3458877_+"	"CDS"	"+"	3458873	3458879	"SL1344_3242"	"yhbO"	"+"	"SL1344_3242"	"yhbO"	3458456	3458975	"NSL"	90.91	81.82	89.47	83.33	11	11	38	6	86.365	88.6327272727273	"Constitutive"	"chromosome"	"intragenic"
"ST4-74.fa"	3458901	3458902	"ST4-74.fa_3458901_+"	"CDS"	"+"	3458897	3458903	"SL1344_3242"	"yhbO"	"+"	"SL1344_3242"	"yhbO"	3458456	3458975	"NSL"	90	100	88.89	100	10	8	36	7	94.4444444444444	90.6986046511628	"Constitutive"	"chromosome"	"intragenic"
"ST4-74.fa"	3460528	3460529	"ST4-74.fa_3460528_+"	"CDS"	"+"	3460524	3460530	"SL1344_3246"	"yhbT"	"-"	"SL1344_3246"	"yhbT"	3460236	3460761	"NSL"	66.67	75	69.23	50	3	8	13	4	72.7281818181818	64.7052941176471	"Constitutive"	"chromosome"	"intragenic"
"ST4-74.fa"	3463389	3463390	"ST4-74.fa_3463389_+"	"CDS"	"+"	3463385	3463391	"SL1344_3249"	"yhbW"	"+"	"SL1344_3249"	"yhbW"	3463037	3464045	"NSL"	87.5	100	89.8	83.33	8	11	49	6	94.7368421052632	89.0941818181818	"Constitutive"	"chromosome"	"intragenic"
"ST4-74.fa"	346745	346746	"ST4-74.fa_346745_+"	"CDS"	"+"	346741	346747	"SL1344_0299"	"ybeJ"	"+"	"SL1344_0299"	"ybeJ"	346451	347273	"NSR"	100	66.67	67.86	33.33	2	6	28	3	75.0025	64.5183870967742	"Constitutive"	"chromosome"	"intragenic"
"ST4-74.fa"	3467466	3467467	"ST4-74.fa_3467466_+"	"CDS"	"+"	3467462	3467468	"SL1344_3253"	"deaD"	"-"	"SL1344_3253"	"deaD"	3466889	3468779	"NSL"	81.82	93.33	90.2	100	11	15	51	9	88.4603846153846	91.67	"Constitutive"	"chromosome"	"intragenic"
"ST4-74.fa"	3467574	3467575	"ST4-74.fa_3467574_-"	"CDS"	"-"	3467573	3467579	"SL1344_3253"	"deaD"	"-"	"SL1344_3253"	"deaD"	3466889	3468779	"NSL"	75	94.44	88.1	100	4	18	42	8	90.9054545454545	90.004	"Constitutive"	"chromosome"	"intragenic"
"ST4-74.fa"	3467883	3467884	"ST4-74.fa_3467883_+"	"CDS"	"+"	3467879	3467885	"SL1344_3253"	"deaD"	"-"	"SL1344_3253"	"deaD"	3466889	3468779	"NSL"	100	68.75	77.5	100	8	16	40	3	79.1666666666667	79.0697674418605	"Constitutive"	"chromosome"	"intragenic"
"ST4-74.fa"	3470406	3470407	"ST4-74.fa_3470406_-"	"CDS"	"-"	3470405	3470411	"SL1344_3255"	"pnp"	"-"	"SL1344_3255"	"pnp"	3469951	3472087	"NSL"	100	78.57	90.7	66.67	4	14	43	3	83.3322222222222	89.1328260869565	"Constitutive"	"chromosome"	"intragenic"
"ST4-74.fa"	3471818	3471819	"ST4-74.fa_3471818_+"	"CDS"	"+"	3471814	3471820	"SL1344_3255"	"pnp"	"-"	"SL1344_3255"	"pnp"	3469951	3472087	"NSL"	88.89	93.75	84.78	100	9	16	46	7	92.0004	86.7901886792453	"Constitutive"	"chromosome"	"intragenic"
"ST4-74.fa"	3474666	3474667	"ST4-74.fa_3474666_+"	"CDS"	"+"	3474662	3474668	"SL1344_3259"	"infB"	"-"	"SL1344_3259"	"infB"	3474314	3476993	"NSL"	100	93.75	90.62	92.31	8	16	64	13	95.8333333333333	90.9053246753247	"Constitutive"	"chromosome"	"intragenic"
"ST4-74.fa"	3477891	3477892	"ST4-74.fa_3477891_+"	"CDS"	"+"	3477887	3477893	"SL1344_3260"	"nusA"	"-"	"SL1344_3260"	"nusA"	3477017	3478520	"NSL"	100	94.12	95.38	100	11	17	65	14	96.43	96.1987341772152	"Constitutive"	"chromosome"	"intragenic"
"ST4-74.fa"	3478134	3478135	"ST4-74.fa_3478134_-"	"CDS"	"-"	3478133	3478139	"SL1344_3260"	"nusA"	"-"	"SL1344_3260"	"nusA"	3477017	3478520	"NSL"	70	80	70.27	100	10	10	37	7	75	74.9997727272727	"Constitutive"	"chromosome"	"intragenic"
"ST4-74.fa"	3478233	3478234	"ST4-74.fa_3478233_-"	"CDS"	"-"	3478232	3478238	"SL1344_3260"	"nusA"	"-"	"SL1344_3260"	"nusA"	3477017	3478520	"NSL"	100	90	78.38	87.5	10	20	37	8	93.3333333333333	80.0013333333333	"Constitutive"	"chromosome"	"intragenic"
"ST4-74.fa"	348097	348098	"ST4-74.fa_348097_-"	"CDS"	"-"	348096	348102	"SL1344_0300"	"sinR"	"+"	"SL1344_0300"	"sinR"	348087	349035	"NSR"	93.33	90.48	94	100	15	21	50	7	91.6675	94.7368421052632	"Constitutive"	"chromosome"	"intragenic"
"ST4-74.fa"	3482833	3482834	"ST4-74.fa_3482833_+"	"CDS"	"+"	3482829	3482835	"SL1344_3264"	"secG"	"-"	"SL1344_3264"	"secG"	3482556	3482889	"NSL"	40	73.33	89.74	77.78	10	15	39	9	59.998	87.4975	"Constitutive"	"chromosome"	"intragenic"
"ST4-74.fa"	3483667	3483668	"ST4-74.fa_3483667_-"	"CDS"	"-"	3483666	3483672	"SL1344_3265"	"glmM"	"-"	"SL1344_3265"	"glmM"	3483111	3484449	"NSL"	76.92	86.67	89.47	88.89	13	15	57	9	82.1432142857143	89.3909090909091	"Constitutive"	"chromosome"	"intragenic"
"ST4-74.fa"	3486674	3486675	"ST4-74.fa_3486674_-"	"CDS"	"-"	3486673	3486679	"SL1344_3268"	"ftsH"	"-"	"SL1344_3268"	"ftsH"	3486105	3488040	"NSL"	83.33	92.31	87.76	100	6	13	49	6	89.4742105263158	89.0952727272727	"Constitutive"	"chromosome"	"intragenic"
"ST4-74.fa"	3487603	3487604	"ST4-74.fa_3487603_-"	"CDS"	"-"	3487602	3487608	"SL1344_3268"	"ftsH"	"-"	"SL1344_3268"	"ftsH"	3486105	3488040	"NSL"	16.67	31.25	31.25	44.44	6	16	48	9	27.2736363636364	33.3326315789474	"UM"	"chromosome"	"intragenic"
"ST4-74.fa"	3487705	3487706	"ST4-74.fa_3487705_+"	"CDS"	"+"	3487701	3487707	"SL1344_3268"	"ftsH"	"-"	"SL1344_3268"	"ftsH"	3486105	3488040	"NSL"	100	75	93.18	85.71	2	12	44	7	78.5714285714286	92.1547058823529	"Constitutive"	"chromosome"	"intragenic"
"ST4-74.fa"	3489433	3489434	"ST4-74.fa_3489433_+"	"CDS"	"+"	3489429	3489435	"SL1344_3271"	"greA"	"-"	"SL1344_3271"	"greA"	3489345	3489822	"NSL"	100	81.25	91.53	83.33	4	16	59	6	85	90.7730769230769	"Constitutive"	"chromosome"	"intragenic"
"ST4-74.fa"	3491159	3491160	"ST4-74.fa_3491159_-"	"CDS"	"-"	3491158	3491164	"SL1344_3272"	"dacB"	"+"	"SL1344_3272"	"dacB"	3490069	3491503	"NSL"	100	80	72.5	75	9	10	40	12	89.4736842105263	73.0769230769231	"Constitutive"	"chromosome"	"intragenic"
"ST4-74.fa"	3491432	3491433	"ST4-74.fa_3491432_+"	"CDS"	"+"	3491428	3491434	"SL1344_3272"	"dacB"	"+"	"SL1344_3272"	"dacB"	3490069	3491503	"NSL"	100	90	96.61	66.67	7	10	59	6	94.1176470588235	93.8463076923077	"Constitutive"	"chromosome"	"intragenic"
"ST4-74.fa"	3492640	3492641	"ST4-74.fa_3492640_+"	"CDS"	"+"	3492636	3492642	"SL1344_3273"	"obgE"	"-"	"SL1344_3273"	"obgE"	3491634	3492807	"NSL"	100	100	95.08	100	6	16	61	8	100	95.6504347826087	"Constitutive"	"chromosome"	"intragenic"
"ST4-74.fa"	3493348	3493349	"ST4-74.fa_3493348_+"	"CDS"	"+"	3493344	3493350	"SL1344_3274"	"yhbE"	"-"	"SL1344_3274"	"yhbE"	3492822	3493833	"NSL"	60	100	91.07	75	5	12	56	4	88.2352941176471	89.9986666666667	"Constitutive"	"chromosome"	"intragenic"
"ST4-74.fa"	3494977	3494978	"ST4-74.fa_3494977_-"	"CDS"	"-"	3494976	3494982	"SL1344_3277"	"ispB"	"+"	"SL1344_3277"	"ispB"	3494763	3495735	"NSL"	70	81.25	73.91	66.67	10	16	46	9	76.9230769230769	72.7252727272727	"Constitutive"	"chromosome"	"intragenic"
"ST4-74.fa"	3498298	3498299	"ST4-74.fa_3498298_-"	"CDS"	"-"	3498297	3498303	"SL1344_3281"	"yrbB"	"-"	"SL1344_3281"	"yrbB"	3498066	3498363	"NSL"	100	88.24	96.23	90.91	10	17	53	11	92.5955555555555	95.315625	"Constitutive"	"chromosome"	"intragenic"
"ST4-74.fa"	3498813	3498814	"ST4-74.fa_3498813_-"	"CDS"	"-"	3498812	3498818	"SL1344_3282"	"yrbC"	"-"	"SL1344_3282"	"yrbC"	3498362	3498998	"NSL"	71.43	93.75	84.44	100	7	16	45	9	86.9569565217391	87.0333333333333	"Constitutive"	"chromosome"	"intragenic"
"ST4-74.fa"	3498927	3498928	"ST4-74.fa_3498927_-"	"CDS"	"-"	3498926	3498932	"SL1344_3282"	"yrbC"	"-"	"SL1344_3282"	"yrbC"	3498362	3498998	"NSL"	100	86.67	93.18	81.82	8	15	44	11	91.3065217391304	90.908	"Constitutive"	"chromosome"	"intragenic"
"ST4-74.fa"	3500539	3500540	"ST4-74.fa_3500539_+"	"CDS"	"+"	3500535	3500541	"SL1344_3285"	"yrbF"	"-"	"SL1344_3285"	"yrbF"	3500362	3501175	"NSL"	100	80	72.73	66.67	3	5	33	3	87.5	72.225	"Constitutive"	"chromosome"	"intragenic"
"ST4-74.fa"	3501499	3501500	"ST4-74.fa_3501499_-"	"CDS"	"-"	3501498	3501504	"SL1344_3286"	"yrbG"	"+"	"SL1344_3286"	"yrbG"	3501429	3502365	"NSL"	83.33	57.14	75.56	71.43	6	7	45	7	69.2276923076923	75.0040384615385	"Constitutive"	"chromosome"	"intragenic"
"ST4-74.fa"	3501634	3501635	"ST4-74.fa_3501634_-"	"CDS"	"-"	3501633	3501639	"SL1344_3286"	"yrbG"	"+"	"SL1344_3286"	"yrbG"	3501429	3502365	"NSL"	71.43	85.71	75.47	66.67	7	14	53	9	80.95	74.1925806451613	"Constitutive"	"chromosome"	"intragenic"
"ST4-74.fa"	3502168	3502169	"ST4-74.fa_3502168_-"	"CDS"	"-"	3502167	3502173	"SL1344_3286"	"yrbG"	"+"	"SL1344_3286"	"yrbG"	3501429	3502365	"NSL"	100	100	98.11	100	9	13	53	13	100	98.4822727272727	"Constitutive"	"chromosome"	"intragenic"
"ST4-74.fa"	3503830	3503831	"ST4-74.fa_3503830_-"	"CDS"	"-"	3503829	3503835	"SL1344_3288"	"yrbI"	"+"	"SL1344_3288"	"yrbI"	3503385	3503952	"NSL"	60	100	65.52	60	5	5	29	5	80	64.7082352941176	"Constitutive"	"chromosome"	"intragenic"
"ST4-74.fa"	3504132	3504133	"ST4-74.fa_3504132_-"	"CDS"	"-"	3504131	3504137	"SL1344_3289"	"yrbK"	"+"	"SL1344_3289"	"yrbK"	3503948	3504524	"NSL"	64.29	83.33	83.64	90.91	14	12	55	11	73.0776923076923	84.8516666666667	"Constitutive"	"chromosome"	"intragenic"
"ST4-74.fa"	3504165	3504166	"ST4-74.fa_3504165_+"	"CDS"	"+"	3504161	3504167	"SL1344_3289"	"yrbK"	"+"	"SL1344_3289"	"yrbK"	3503948	3504524	"NSL"	100	83.33	89.29	100	9	12	56	8	90.4742857142857	90.62875	"Constitutive"	"chromosome"	"intragenic"
"ST4-74.fa"	3505624	3505625	"ST4-74.fa_3505624_-"	"CDS"	"-"	3505623	3505629	"SL1344_3291"	"yhbG"	"+"	"SL1344_3291"	"yhbG"	3505053	3505779	"NSL"	71.43	90.91	83.33	92.31	7	11	54	13	83.3344444444444	85.0723880597015	"Constitutive"	"chromosome"	"intragenic"
"ST4-74.fa"	3506424	3506425	"ST4-74.fa_3506424_-"	"CDS"	"-"	3506423	3506429	"SL1344_3292"	"rpoN"	"+"	"SL1344_3292"	"rpoN"	3505826	3507260	"NSL"	100	60	94.23	90.91	8	10	52	11	77.7777777777778	93.6503174603175	"Constitutive"	"chromosome"	"intragenic"
"ST4-74.fa"	350688	350689	"ST4-74.fa_350688_-"	"CDS"	"-"	350687	350693	"SL1344_0303"	"sciZ"	"-"	"SL1344_0303"	"sciZ"	350420	350828	"NSR"	100	83.33	93.33	100	9	18	45	4	88.8866666666667	93.8744897959184	"Constitutive"	"chromosome"	"intragenic"
"ST4-74.fa"	3508259	3508260	"ST4-74.fa_3508259_+"	"CDS"	"+"	3508255	3508261	"SL1344_3295"	"yhbJ"	"+"	"SL1344_3295"	"yhbJ"	3508224	3509079	"NSL"	83.33	76.92	92	100	6	13	50	10	78.9442105263158	93.3333333333333	"Constitutive"	"chromosome"	"intragenic"
"ST4-74.fa"	3508618	3508619	"ST4-74.fa_3508618_-"	"CDS"	"-"	3508617	3508623	"SL1344_3295"	"yhbJ"	"+"	"SL1344_3295"	"yhbJ"	3508224	3509079	"NSL"	100	66.67	90.91	77.78	7	9	55	9	81.251875	89.06359375	"Constitutive"	"chromosome"	"intragenic"
"ST4-74.fa"	3513023	3513024	"ST4-74.fa_3513023_-"	"CDS"	"-"	3513022	3513028	"SL1344_3300"	"arcB"	"-"	"SL1344_3300"	"arcB"	3511908	3514245	"NSL"	83.33	72.73	84.21	88.89	6	11	38	9	76.4711764705882	85.1061702127659	"Constitutive"	"chromosome"	"intragenic"
"ST4-74.fa"	351550	351551	"ST4-74.fa_351550_+"	"CDS"	"+"	351546	351552	"SL1344_0304"	"yafV"	"-"	"SL1344_0304"	"yafV"	351198	351966	"NSR"	60	50	69.23	25	5	2	26	4	57.1428571428571	63.3326666666667	"Constitutive"	"chromosome"	"intragenic"
"ST4-74.fa"	3515985	3515986	"ST4-74.fa_3515985_-"	"CDS"	"-"	3515984	3515990	"SL1344_3302"	"gltB"	"+"	"SL1344_3302"	"gltB"	3515939	3520400	"NSL"	81.82	100	88.24	84.62	11	13	51	13	91.6675	87.5046875	"Constitutive"	"chromosome"	"intragenic"
"ST4-74.fa"	3516723	3516724	"ST4-74.fa_3516723_-"	"CDS"	"-"	3516722	3516728	"SL1344_3302"	"gltB"	"+"	"SL1344_3302"	"gltB"	3515939	3520400	"NSL"	88.89	75	79.55	92.31	9	12	44	13	80.9528571428571	82.4601754385965	"Constitutive"	"chromosome"	"intragenic"
"ST4-74.fa"	3517041	3517042	"ST4-74.fa_3517041_-"	"CDS"	"-"	3517040	3517046	"SL1344_3302"	"gltB"	"+"	"SL1344_3302"	"gltB"	3515939	3520400	"NSL"	93.33	100	95.83	100	15	7	48	15	95.4522727272727	96.8228571428571	"Constitutive"	"chromosome"	"intragenic"
"ST4-74.fa"	3518832	3518833	"ST4-74.fa_3518832_-"	"CDS"	"-"	3518831	3518837	"SL1344_3302"	"gltB"	"+"	"SL1344_3302"	"gltB"	3515939	3520400	"NSL"	77.78	93.33	94.44	100	9	15	54	7	87.49875	95.0780327868852	"Constitutive"	"chromosome"	"intragenic"
"ST4-74.fa"	3518997	3518998	"ST4-74.fa_3518997_-"	"CDS"	"-"	3518996	3519002	"SL1344_3302"	"gltB"	"+"	"SL1344_3302"	"gltB"	3515939	3520400	"NSL"	100	82.35	86.96	57.14	8	17	46	7	87.998	83.0215094339623	"Constitutive"	"chromosome"	"intragenic"
"ST4-74.fa"	3519714	3519715	"ST4-74.fa_3519714_+"	"CDS"	"+"	3519710	3519716	"SL1344_3302"	"gltB"	"+"	"SL1344_3302"	"gltB"	3515939	3520400	"NSL"	100	75	88	80	5	8	50	5	84.6153846153846	87.2727272727273	"Constitutive"	"chromosome"	"intragenic"
"ST4-74.fa"	3520227	3520228	"ST4-74.fa_3520227_-"	"CDS"	"-"	3520226	3520232	"SL1344_3302"	"gltB"	"+"	"SL1344_3302"	"gltB"	3515939	3520400	"NSL"	42.86	95	91.23	100	7	20	57	11	81.4822222222222	92.6486764705882	"Constitutive"	"chromosome"	"intragenic"
"ST4-74.fa"	3521199	3521200	"ST4-74.fa_3521199_-"	"CDS"	"-"	3521198	3521204	"SL1344_3303"	"gltD"	"+"	"SL1344_3303"	"gltD"	3520409	3521828	"NSL"	100	91.3	89.13	85.71	9	23	46	14	93.746875	88.332	"Constitutive"	"chromosome"	"intragenic"
"ST4-74.fa"	3525548	3525549	"ST4-74.fa_3525548_-"	"CDS"	"-"	3525547	3525553	"SL1344_3306"	"codA"	"+"	"SL1344_3306"	"codA"	3524494	3525775	"NSL"	75	85.71	90.24	81.82	12	14	41	11	80.7669230769231	88.4588461538462	"Constitutive"	"chromosome"	"intragenic"
"ST4-74.fa"	3528149	3528150	"ST4-74.fa_3528149_+"	"CDS"	"+"	3528145	3528151	"SL1344_3310"	"nanT"	"-"	"SL1344_3310"	"nanT"	3527929	3529420	"NSL"	77.78	78.57	94.44	100	9	14	36	6	78.2608695652174	95.2342857142857	"Constitutive"	"chromosome"	"intragenic"
"ST4-74.fa"	3528224	3528225	"ST4-74.fa_3528224_-"	"CDS"	"-"	3528223	3528229	"SL1344_3310"	"nanT"	"-"	"SL1344_3310"	"nanT"	3527929	3529420	"NSL"	87.5	100	92.86	90	8	14	42	10	95.4545454545455	92.31	"Constitutive"	"chromosome"	"intragenic"
"ST4-74.fa"	3528251	3528252	"ST4-74.fa_3528251_+"	"CDS"	"+"	3528247	3528253	"SL1344_3310"	"nanT"	"-"	"SL1344_3310"	"nanT"	3527929	3529420	"NSL"	100	91.67	97.73	100	13	12	44	12	96.0016	98.2164285714286	"Constitutive"	"chromosome"	"intragenic"
"ST4-74.fa"	3529977	3529978	"ST4-74.fa_3529977_-"	"CDS"	"-"	3529976	3529982	"SL1344_3311"	"nanA"	"-"	"SL1344_3311"	"nanA"	3529535	3530429	"NSL"	66.67	75	50	60	12	12	36	10	70.835	52.1739130434783	"Constitutive"	"chromosome"	"intragenic"
"ST4-74.fa"	353578	353579	"ST4-74.fa_353578_+"	"CDS"	"+"	353574	353580	"SL1344_0305"	"fadE"	"-"	"SL1344_0305"	"fadE"	352074	354519	"NSR"	88.89	90	94.29	80	9	10	35	5	89.4742105263158	92.50375	"Constitutive"	"chromosome"	"intragenic"
"ST4-74.fa"	3536600	3536601	"ST4-74.fa_3536600_+"	"CDS"	"+"	3536596	3536602	"SL1344_3319"	"yhcB"	"+"	"SL1344_3319"	"yhcB"	3536272	3536677	"NSL"	77.78	84.62	85.71	75	9	13	49	12	81.8218181818182	83.6031147540984	"Constitutive"	"chromosome"	"intragenic"
"ST4-74.fa"	3537184	3537185	"ST4-74.fa_3537184_+"	"CDS"	"+"	3537180	3537186	"SL1344_3320"	"degQ"	"+"	"SL1344_3320"	"degQ"	3536833	3538201	"NSL"	88.89	58.33	76.74	92.31	9	12	43	13	71.4271428571429	80.3544642857143	"Constitutive"	"chromosome"	"intragenic"
"ST4-74.fa"	3537506	3537507	"ST4-74.fa_3537506_-"	"CDS"	"-"	3537505	3537511	"SL1344_3320"	"degQ"	"+"	"SL1344_3320"	"degQ"	3536833	3538201	"NSL"	90	84.62	80.95	72.73	10	13	42	11	86.9591304347826	79.243962264151	"Constitutive"	"chromosome"	"intragenic"
"ST4-74.fa"	3538600	3538601	"ST4-74.fa_3538600_+"	"CDS"	"+"	3538596	3538602	"SL1344_3321"	"degS"	"+"	"SL1344_3321"	"degS"	3538293	3539364	"NSL"	100	90	94.23	88.89	7	10	52	9	94.1176470588235	93.442131147541	"Constitutive"	"chromosome"	"intragenic"
"ST4-74.fa"	3539257	3539258	"ST4-74.fa_3539257_+"	"CDS"	"+"	3539253	3539259	"SL1344_3321"	"degS"	"+"	"SL1344_3321"	"degS"	3538293	3539364	"NSL"	100	100	96.3	100	10	12	54	8	100	96.7774193548387	"Constitutive"	"chromosome"	"intragenic"
"ST4-74.fa"	3539452	3539453	"ST4-74.fa_3539452_+"	"CDS"	"+"	3539448	3539454	"SL1344_3322"	"STM3350"	"-"	"SL1344_3322"	"STM3350"	3539397	3540129	"NSL"	20	37.5	53.33	66.67	5	8	30	6	30.7692307692308	55.5533333333333	"LSP-specific"	"chromosome"	"intragenic"
"ST4-74.fa"	3544764	3544765	"ST4-74.fa_3544764_-"	"CDS"	"-"	3544763	3544769	"SL1344_3327"	"ttdA"	"-"	"SL1344_3327"	"ttdA"	3544283	3545183	"NSL"	75	81.25	86.67	85.71	8	16	45	7	79.1666666666667	86.5407692307692	"Constitutive"	"chromosome"	"intragenic"
"ST4-74.fa"	3545528	3545529	"ST4-74.fa_3545528_+"	"CDS"	"+"	3545524	3545530	"SL1344_3328"	"STM3356"	"-"	"SL1344_3328"	"STM3356"	3545215	3546484	"NSL"	80	76.47	82.22	100	5	17	45	7	77.2722727272727	84.6134615384615	"Constitutive"	"chromosome"	"intragenic"
"ST4-74.fa"	3546209	3546210	"ST4-74.fa_3546209_+"	"CDS"	"+"	3546205	3546211	"SL1344_3328"	"STM3356"	"-"	"SL1344_3328"	"STM3356"	3545215	3546484	"NSL"	100	80	100	87.5	7	15	41	8	86.3636363636364	97.9591836734694	"Constitutive"	"chromosome"	"intragenic"
"ST4-74.fa"	3546696	3546697	"ST4-74.fa_3546696_+"	"CDS"	"+"	3546692	3546698	"SL1344_3329"	"STM3357"	"-"	"SL1344_3329"	"STM3357"	3546694	3547360	"NSL"	50	28.57	62.5	50	2	14	32	4	31.24875	61.1111111111111	"LSP-specific"	"chromosome"	"intragenic"
"ST4-74.fa"	3546696	3546697	"ST4-74.fa_3546696_+"	"intergenic"	"+"	3546692	3546698	"SL1344_3328"	"STM3356"	"--"	"SL1344_3329"	"STM3357"	3546484	3546694	"NSL"	50	28.57	62.5	50	2	14	32	4	31.24875	61.1111111111111	"LSP-specific"	"chromosome"	"intergenic"
"ST4-74.fa"	3549553	3549554	"ST4-74.fa_3549553_+"	"CDS"	"+"	3549549	3549555	"SL1344_3332"	"argR"	"+"	"SL1344_3332"	"argR"	3549447	3549918	"NSL"	75	77.27	89.13	100	12	22	46	6	76.4688235294118	90.3842307692308	"Constitutive"	"chromosome"	"intragenic"
"ST4-74.fa"	3552411	3552412	"ST4-74.fa_3552411_-"	"CDS"	"-"	3552410	3552416	"SL1344_3336"	"yhcP"	"-"	"SL1344_3336"	"yhcP"	3551419	3553387	"NSL"	100	58.33	85.37	83.33	6	12	41	6	72.22	85.1095744680851	"Constitutive"	"chromosome"	"intragenic"
"ST4-74.fa"	3553001	3553002	"ST4-74.fa_3553001_+"	"CDS"	"+"	3552997	3553003	"SL1344_3336"	"yhcP"	"-"	"SL1344_3336"	"yhcP"	3551419	3553387	"NSL"	100	87.5	96.43	100	8	24	56	7	90.625	96.8266666666667	"Constitutive"	"chromosome"	"intragenic"
"ST4-74.fa"	3553948	3553949	"ST4-74.fa_3553948_-"	"CDS"	"-"	3553947	3553953	"SL1344_3337"	"yhcQ"	"-"	"SL1344_3337"	"yhcQ"	3553392	3554325	"NSL"	100	90.91	98.28	100	9	22	58	9	93.5490322580645	98.5110447761194	"Constitutive"	"chromosome"	"intragenic"
"ST4-74.fa"	3554086	3554087	"ST4-74.fa_3554086_-"	"CDS"	"-"	3554085	3554091	"SL1344_3337"	"yhcQ"	"-"	"SL1344_3337"	"yhcQ"	3553392	3554325	"NSL"	100	82.35	87.76	85.71	6	17	49	7	86.9543478260869	87.50375	"Constitutive"	"chromosome"	"intragenic"
"ST4-74.fa"	3554107	3554108	"ST4-74.fa_3554107_-"	"CDS"	"-"	3554106	3554112	"SL1344_3337"	"yhcQ"	"-"	"SL1344_3337"	"yhcQ"	3553392	3554325	"NSL"	100	88.89	89.58	71.43	7	18	48	7	92.0008	87.27	"Constitutive"	"chromosome"	"intragenic"
"ST4-74.fa"	3555925	3555926	"ST4-74.fa_3555925_-"	"CDS"	"-"	3555924	3555930	"SL1344_3340"	"tldD"	"-"	"SL1344_3340"	"tldD"	3555769	3557215	"NSL"	100	84.21	95.56	100	10	19	45	6	89.6548275862069	96.0823529411765	"Constitutive"	"chromosome"	"intragenic"
"ST4-74.fa"	3556967	3556968	"ST4-74.fa_3556967_-"	"CDS"	"-"	3556966	3556972	"SL1344_3340"	"tldD"	"-"	"SL1344_3340"	"tldD"	3555769	3557215	"NSL"	75	75	84.44	100	4	12	45	8	75	86.788679245283	"Constitutive"	"chromosome"	"intragenic"
"ST4-74.fa"	3556972	3556973	"ST4-74.fa_3556972_+"	"CDS"	"+"	3556968	3556974	"SL1344_3340"	"tldD"	"-"	"SL1344_3340"	"tldD"	3555769	3557215	"NSL"	66.67	100	94.92	87.5	6	20	59	8	92.3084615384615	94.0340298507463	"Constitutive"	"chromosome"	"intragenic"
"ST4-74.fa"	3557815	3557816	"ST4-74.fa_3557815_+"	"CDS"	"+"	3557811	3557817	"SL1344_3341"	"yhdP"	"-"	"SL1344_3341"	"yhdP"	3557359	3561073	"NSL"	100	81.25	80.39	71.43	4	16	51	7	85	79.3086206896552	"Constitutive"	"chromosome"	"intragenic"
"ST4-74.fa"	3558074	3558075	"ST4-74.fa_3558074_+"	"CDS"	"+"	3558070	3558076	"SL1344_3341"	"yhdP"	"-"	"SL1344_3341"	"yhdP"	3557359	3561073	"NSL"	60	76.47	93.85	100	5	17	65	8	72.7268181818182	94.5239726027397	"Constitutive"	"chromosome"	"intragenic"
"ST4-74.fa"	356168	356169	"ST4-74.fa_356168_+"	"CDS"	"+"	356164	356170	"SL1344_0307"	"yafJ"	"+"	"SL1344_0307"	"yafJ"	355549	356317	"NSR"	75	83.33	83.61	100	8	12	61	6	79.998	85.0777611940298	"Constitutive"	"chromosome"	"intragenic"
"ST4-74.fa"	3564470	3564471	"ST4-74.fa_3564470_-"	"CDS"	"-"	3564469	3564475	"SL1344_3345"	"mreC"	"-"	"SL1344_3345"	"mreC"	3563818	3564871	"NSL"	83.33	95.24	96.77	90	6	21	62	10	92.5933333333333	95.8297222222222	"Constitutive"	"chromosome"	"intragenic"
"ST4-74.fa"	3567481	3567482	"ST4-74.fa_3567481_-"	"CDS"	"-"	3567480	3567486	"SL1344_3348"	"yhdA"	"-"	"SL1344_3348"	"yhdA"	3566286	3568227	"NSL"	50	56.25	54.55	25	4	16	44	8	55	50.0038461538461	"Constitutive"	"chromosome"	"intragenic"
"ST4-74.fa"	3567826	3567827	"ST4-74.fa_3567826_+"	"CDS"	"+"	3567822	3567828	"SL1344_3348"	"yhdA"	"-"	"SL1344_3348"	"yhdA"	3566286	3568227	"NSL"	75	33.33	68.89	88.89	4	9	45	9	46.1515384615385	72.2233333333333	"Constitutive"	"chromosome"	"intragenic"
"ST4-74.fa"	3571539	3571540	"ST4-74.fa_3571539_-"	"CDS"	"-"	3571538	3571544	"SL1344_3352"	"accB"	"+"	"SL1344_3352"	"accB"	3571514	3571985	"NSL"	100	88.24	89.66	54.55	6	17	58	11	91.3078260869565	84.0627536231884	"Constitutive"	"chromosome"	"intragenic"
"ST4-74.fa"	3574760	3574761	"ST4-74.fa_3574760_+"	"CDS"	"+"	3574756	3574762	"SL1344_3355"	"panF"	"+"	"SL1344_3355"	"panF"	3573685	3575137	"NSL"	75	71.43	100	83.33	8	14	49	6	72.7281818181818	98.1814545454545	"Constitutive"	"chromosome"	"intragenic"
"ST4-74.fa"	3575075	3575076	"ST4-74.fa_3575075_-"	"CDS"	"-"	3575074	3575080	"SL1344_3355"	"panF"	"+"	"SL1344_3355"	"panF"	3573685	3575137	"NSL"	42.86	70.59	63.41	83.33	7	17	41	6	62.5020833333333	65.9529787234043	"Constitutive"	"chromosome"	"intragenic"
"ST4-74.fa"	357638	357639	"ST4-74.fa_357638_-"	"CDS"	"-"	357637	357643	"SL1344_0309"	"dbh"	"+"	"SL1344_0309"	"dbh"	357277	358333	"NSR"	40	60	72.5	50	5	10	40	6	53.3333333333333	69.5652173913043	"Constitutive"	"chromosome"	"intragenic"
"ST4-74.fa"	3576724	3576725	"ST4-74.fa_3576724_-"	"CDS"	"-"	3576723	3576729	"SL1344_3357"	"yhdG"	"+"	"SL1344_3357"	"yhdG"	3576690	3577656	"NSL"	87.5	58.82	86.27	83.33	8	17	51	12	67.9976	85.71	"Constitutive"	"chromosome"	"intragenic"
"ST4-74.fa"	3577742	3577743	"ST4-74.fa_3577742_+"	"CDS"	"+"	3577738	3577744	"SL1344_3358"	"fis"	"+"	"SL1344_3358"	"fis"	3577681	3577978	"NSL"	100	95.45	97.87	100	5	22	47	3	96.2925925925926	97.9978	"Constitutive"	"chromosome"	"intragenic"
"ST4-74.fa"	3579595	3579596	"ST4-74.fa_3579595_-"	"CDS"	"-"	3579594	3579600	"SL1344_3361"	"STM3388"	"+"	"SL1344_3361"	"STM3388"	3579345	3581445	"NSL"	77.78	100	90	91.67	9	15	60	12	91.6675	90.2783333333333	"Constitutive"	"chromosome"	"intragenic"
"ST4-74.fa"	3581655	3581656	"ST4-74.fa_3581655_+"	"CDS"	"+"	3581651	3581657	"SL1344_3362"	"envR"	"-"	"SL1344_3362"	"envR"	3581447	3582110	"NSL"	66.67	72.73	81.82	100	9	22	44	7	70.9706451612903	84.3152941176471	"Constitutive"	"chromosome"	"intragenic"
"ST4-74.fa"	3582953	3582954	"ST4-74.fa_3582953_+"	"CDS"	"+"	3582949	3582955	"SL1344_3363"	"acrE"	"+"	"SL1344_3363"	"acrE"	3582523	3583681	"NSL"	90	89.47	87.5	100	10	19	48	8	89.6527586206897	89.2857142857143	"Constitutive"	"chromosome"	"intragenic"
"ST4-74.fa"	3585394	3585395	"ST4-74.fa_3585394_+"	"CDS"	"+"	3585390	3585396	"SL1344_3364"	"acrF"	"+"	"SL1344_3364"	"acrF"	3583692	3586806	"NSL"	87.5	33.33	67.57	75	8	9	37	8	58.8217647058824	68.8908888888889	"Constitutive"	"chromosome"	"intragenic"
"ST4-74.fa"	3585748	3585749	"ST4-74.fa_3585748_+"	"CDS"	"+"	3585744	3585750	"SL1344_3364"	"acrF"	"+"	"SL1344_3364"	"acrF"	3583692	3586806	"NSL"	88.89	75	95.12	62.5	9	12	41	8	80.9528571428571	89.7942857142857	"Constitutive"	"chromosome"	"intragenic"
"ST4-74.fa"	3585818	3585819	"ST4-74.fa_3585818_-"	"CDS"	"-"	3585817	3585823	"SL1344_3364"	"acrF"	"+"	"SL1344_3364"	"acrF"	3583692	3586806	"NSL"	66.67	86.67	83.64	100	6	15	55	7	80.9557142857143	85.4870967741935	"Constitutive"	"chromosome"	"intragenic"
"ST4-74.fa"	3589624	3589625	"ST4-74.fa_3589624_+"	"rRNA"	"+"	3589620	3589626	"SL1344_rRNA_9"	"no"	"-"	"SL1344_rRNA_9"	"no"	3588584	3591591	"NSL"	87.5	50	78.85	60	8	8	52	5	68.75	77.1964912280702	"Constitutive"	"chromosome"	"intragenic"
"ST4-74.fa"	3592129	3592130	"ST4-74.fa_3592129_-"	"rRNA"	"-"	3592128	3592134	"SL1344_rRNA_10"	"no"	"-"	"SL1344_rRNA_10"	"no"	3591937	3593479	"NSL"	100	84.62	90.48	100	8	13	63	9	90.4790476190476	91.67	"Constitutive"	"chromosome"	"intragenic"
"ST4-74.fa"	3597122	3597123	"ST4-74.fa_3597122_-"	"CDS"	"-"	3597121	3597127	"SL1344_3371"	"smg"	"-"	"SL1344_3371"	"smg"	3596716	3597190	"NSL"	100	85	90.62	80	13	20	64	10	90.9090909090909	89.1848648648649	"Constitutive"	"chromosome"	"intragenic"
"ST4-74.fa"	3600122	3600123	"ST4-74.fa_3600122_-"	"CDS"	"-"	3600121	3600127	"SL1344_3375"	"fmu"	"+"	"SL1344_3375"	"fmu"	3599941	3601231	"NSL"	100	75	89.8	76.92	10	16	49	13	84.6153846153846	87.0993548387097	"Constitutive"	"chromosome"	"intragenic"
"ST4-74.fa"	3601094	3601095	"ST4-74.fa_3601094_+"	"CDS"	"+"	3601090	3601096	"SL1344_3375"	"fmu"	"+"	"SL1344_3375"	"fmu"	3599941	3601231	"NSL"	100	81.82	89.36	100	5	11	47	8	87.50125	90.9076363636364	"Constitutive"	"chromosome"	"intragenic"
"ST4-74.fa"	3601152	3601153	"ST4-74.fa_3601152_-"	"CDS"	"-"	3601151	3601157	"SL1344_3375"	"fmu"	"+"	"SL1344_3375"	"fmu"	3599941	3601231	"NSL"	100	93.75	89.58	100	9	16	48	8	96	91.0685714285714	"Constitutive"	"chromosome"	"intragenic"
"ST4-74.fa"	3601157	3601158	"ST4-74.fa_3601157_+"	"CDS"	"+"	3601153	3601159	"SL1344_3375"	"fmu"	"+"	"SL1344_3375"	"fmu"	3599941	3601231	"NSL"	33.33	76.92	76.92	83.33	6	13	39	6	63.1547368421053	77.7746666666667	"Constitutive"	"chromosome"	"intragenic"
"ST4-74.fa"	3601616	3601617	"ST4-74.fa_3601616_-"	"CDS"	"-"	3601615	3601621	"SL1344_3376"	"sapG"	"+"	"SL1344_3376"	"sapG"	3601252	3602629	"NSL"	87.5	76.92	80.39	100	8	13	51	9	80.9504761904762	83.3315	"Constitutive"	"chromosome"	"intragenic"
"ST4-74.fa"	3601658	3601659	"ST4-74.fa_3601658_-"	"CDS"	"-"	3601657	3601663	"SL1344_3376"	"sapG"	"+"	"SL1344_3376"	"sapG"	3601252	3602629	"NSL"	100	93.75	90	90	8	16	60	10	95.8333333333333	90	"Constitutive"	"chromosome"	"intragenic"
"ST4-74.fa"	3602111	3602112	"ST4-74.fa_3602111_+"	"CDS"	"+"	3602107	3602113	"SL1344_3376"	"sapG"	"+"	"SL1344_3376"	"sapG"	3601252	3602629	"NSL"	100	88.89	93.88	72.73	9	18	49	11	92.5933333333333	90.0025	"Constitutive"	"chromosome"	"intragenic"
"ST4-74.fa"	3602141	3602142	"ST4-74.fa_3602141_+"	"CDS"	"+"	3602137	3602143	"SL1344_3376"	"sapG"	"+"	"SL1344_3376"	"sapG"	3601252	3602629	"NSL"	100	87.5	92.16	100	6	16	51	9	90.9090909090909	93.336	"Constitutive"	"chromosome"	"intragenic"
"ST4-74.fa"	3605822	3605823	"ST4-74.fa_3605822_+"	"CDS"	"+"	3605818	3605824	"SL1344_3383"	"rpsD"	"-"	"SL1344_3383"	"rpsD"	3605797	3606418	"NSL"	100	82.61	82	90.91	6	23	50	11	86.2079310344828	83.6067213114754	"Constitutive"	"chromosome"	"intragenic"
"ST4-74.fa"	3605851	3605852	"ST4-74.fa_3605851_+"	"CDS"	"+"	3605847	3605853	"SL1344_3383"	"rpsD"	"-"	"SL1344_3383"	"rpsD"	3605797	3606418	"NSL"	66.67	76.19	78.26	66.67	9	21	46	9	73.334	76.3634545454545	"Constitutive"	"chromosome"	"intragenic"
"ST4-74.fa"	3607078	3607079	"ST4-74.fa_3607078_-"	"CDS"	"-"	3607077	3607083	"SL1344_3385"	"rpsM"	"-"	"SL1344_3385"	"rpsM"	3606857	3607214	"NSL"	57.14	76.47	61.54	42.86	7	17	52	7	70.8320833333333	59.3237288135593	"Constitutive"	"chromosome"	"intragenic"
"ST4-74.fa"	3607179	3607180	"ST4-74.fa_3607179_-"	"CDS"	"-"	3607178	3607184	"SL1344_3385"	"rpsM"	"-"	"SL1344_3385"	"rpsM"	3606857	3607214	"NSL"	50	78.95	79.25	100	2	19	53	4	76.1928571428571	80.7061403508772	"Constitutive"	"chromosome"	"intragenic"
"ST4-74.fa"	3607184	3607185	"ST4-74.fa_3607184_+"	"CDS"	"+"	3607180	3607186	"SL1344_3385"	"rpsM"	"-"	"SL1344_3385"	"rpsM"	3606857	3607214	"NSL"	100	78.26	69.81	55.56	5	23	53	9	82.1421428571429	67.7414516129032	"Constitutive"	"chromosome"	"intragenic"
"ST4-74.fa"	3607683	3607684	"ST4-74.fa_3607683_+"	"CDS"	"+"	3607679	3607685	"SL1344_3387"	"prlA"	"-"	"SL1344_3387"	"prlA"	3607508	3608840	"NSL"	80	86.36	96	100	5	22	50	10	85.1822222222222	96.6666666666667	"Constitutive"	"chromosome"	"intragenic"
"ST4-74.fa"	3608491	3608492	"ST4-74.fa_3608491_-"	"CDS"	"-"	3608490	3608496	"SL1344_3387"	"prlA"	"-"	"SL1344_3387"	"prlA"	3607508	3608840	"NSL"	57.14	90	57.78	71.43	7	10	45	7	76.4694117647059	59.6175	"Constitutive"	"chromosome"	"intragenic"
"ST4-74.fa"	3609928	3609929	"ST4-74.fa_3609928_+"	"CDS"	"+"	3609924	3609930	"SL1344_3390"	"rpsE"	"-"	"SL1344_3390"	"rpsE"	3609468	3609972	"NSL"	100	93.75	87.72	90.91	5	16	57	11	95.2380952380952	88.2360294117647	"Constitutive"	"chromosome"	"intragenic"
"ST4-74.fa"	3610952	3610953	"ST4-74.fa_3610952_+"	"CDS"	"+"	3610948	3610954	"SL1344_3393"	"rpsH"	"-"	"SL1344_3393"	"rpsH"	3610895	3611288	"NSL"	83.33	86.67	97.92	87.5	6	15	48	8	85.7157142857143	96.4314285714286	"Constitutive"	"chromosome"	"intragenic"
"ST4-74.fa"	361171	361172	"ST4-74.fa_361171_+"	"CDS"	"+"	361167	361173	"SL1344_0312"	"pepD"	"-"	"SL1344_0312"	"pepD"	360450	361908	"NSR"	100	88.89	88.89	100	7	9	45	7	93.750625	90.3855769230769	"Constitutive"	"chromosome"	"intragenic"
"ST4-74.fa"	3611873	3611874	"ST4-74.fa_3611873_+"	"CDS"	"+"	3611869	3611875	"SL1344_3395"	"rplE"	"-"	"SL1344_3395"	"rplE"	3611641	3612181	"NSL"	75	83.33	92.16	83.33	4	18	51	12	81.8154545454545	90.4780952380952	"Constitutive"	"chromosome"	"intragenic"
"ST4-74.fa"	361414	361415	"ST4-74.fa_361414_+"	"CDS"	"+"	361410	361416	"SL1344_0312"	"pepD"	"-"	"SL1344_0312"	"pepD"	360450	361908	"NSR"	81.82	100	90	100	11	14	50	11	92.0008	91.8032786885246	"Constitutive"	"chromosome"	"intragenic"
"ST4-74.fa"	3616489	3616490	"ST4-74.fa_3616489_+"	"CDS"	"+"	3616485	3616491	"SL1344_3406"	"rplD"	"-"	"SL1344_3406"	"rplD"	3616422	3617028	"NSL"	100	88.89	100	81.82	6	18	47	11	91.6675	96.5520689655173	"Constitutive"	"chromosome"	"intragenic"
"ST4-74.fa"	3616588	3616589	"ST4-74.fa_3616588_+"	"CDS"	"+"	3616584	3616590	"SL1344_3406"	"rplD"	"-"	"SL1344_3406"	"rplD"	3616422	3617028	"NSL"	100	100	97.62	92.31	5	23	42	13	100	96.3649090909091	"Constitutive"	"chromosome"	"intragenic"
"ST4-74.fa"	3616675	3616676	"ST4-74.fa_3616675_+"	"CDS"	"+"	3616671	3616677	"SL1344_3406"	"rplD"	"-"	"SL1344_3406"	"rplD"	3616422	3617028	"NSL"	100	45	65.79	50	4	20	38	8	54.1666666666667	63.0439130434783	"Constitutive"	"chromosome"	"intragenic"
"ST4-74.fa"	3617066	3617067	"ST4-74.fa_3617066_+"	"CDS"	"+"	3617062	3617068	"SL1344_3407"	"rplC"	"-"	"SL1344_3407"	"rplC"	3617038	3617668	"NSL"	100	90.91	96.15	100	7	22	52	17	93.1041379310345	97.0985507246377	"Constitutive"	"chromosome"	"intragenic"
"ST4-74.fa"	361741	361742	"ST4-74.fa_361741_+"	"CDS"	"+"	361737	361743	"SL1344_0312"	"pepD"	"-"	"SL1344_0312"	"pepD"	360450	361908	"NSR"	80	70.59	64.1	87.5	5	17	39	8	72.7286363636364	68.0829787234043	"Constitutive"	"chromosome"	"intragenic"
"ST4-74.fa"	3617711	3617712	"ST4-74.fa_3617711_-"	"CDS"	"-"	3617710	3617716	"SL1344_3408"	"rpsJ"	"-"	"SL1344_3408"	"rpsJ"	3617700	3618012	"NSL"	60	38.46	59.09	25	5	13	44	4	44.4433333333333	56.2491666666667	"Constitutive"	"chromosome"	"intragenic"
"ST4-74.fa"	3617821	3617822	"ST4-74.fa_3617821_-"	"CDS"	"-"	3617820	3617826	"SL1344_3408"	"rpsJ"	"-"	"SL1344_3408"	"rpsJ"	3617700	3618012	"NSL"	87.5	100	86.89	66.67	8	13	61	12	95.2380952380952	83.5661643835616	"Constitutive"	"chromosome"	"intragenic"
"ST4-74.fa"	3617857	3617858	"ST4-74.fa_3617857_+"	"CDS"	"+"	3617853	3617859	"SL1344_3408"	"rpsJ"	"-"	"SL1344_3408"	"rpsJ"	3617700	3618012	"NSL"	50	61.54	82.5	15.38	4	13	40	13	58.8247058823529	66.0366037735849	"Constitutive"	"chromosome"	"intragenic"
"ST4-74.fa"	3617962	3617963	"ST4-74.fa_3617962_+"	"CDS"	"+"	3617958	3617964	"SL1344_3408"	"rpsJ"	"-"	"SL1344_3408"	"rpsJ"	3617700	3618012	"NSL"	100	85.71	94.12	86.67	7	21	51	15	89.2825	92.4268181818182	"Constitutive"	"chromosome"	"intragenic"
"ST4-74.fa"	3619880	3619881	"ST4-74.fa_3619880_+"	"CDS"	"+"	3619876	3619882	"SL1344_3412"	"tufA"	"-"	"SL1344_3412"	"tufA"	3619783	3620968	"NSL"	100	78.95	95.92	88.89	9	19	49	9	85.7160714285714	94.8291379310345	"Constitutive"	"chromosome"	"intragenic"
"ST4-74.fa"	3622489	3622490	"ST4-74.fa_3622489_+"	"CDS"	"+"	3622485	3622491	"SL1344_3413"	"fusA"	"-"	"SL1344_3413"	"fusA"	3621039	3623154	"NSL"	100	89.47	90.91	92.86	7	19	55	14	92.305	91.305652173913	"Constitutive"	"chromosome"	"intragenic"
"ST4-74.fa"	3623661	3623662	"ST4-74.fa_3623661_-"	"CDS"	"-"	3623660	3623666	"SL1344_3414"	"rpsG"	"-"	"SL1344_3414"	"rpsG"	3623250	3623721	"NSL"	76.92	64.29	80.43	60	13	14	46	10	70.3711111111111	76.7817857142857	"Constitutive"	"chromosome"	"intragenic"
"ST4-74.fa"	3623949	3623950	"ST4-74.fa_3623949_+"	"CDS"	"+"	3623945	3623951	"SL1344_3415"	"rpsL"	"-"	"SL1344_3415"	"rpsL"	3623816	3624191	"NSL"	100	92.86	90	90.91	9	14	50	11	95.6539130434783	90.1640983606557	"Constitutive"	"chromosome"	"intragenic"
"ST4-74.fa"	3626023	3626024	"ST4-74.fa_3626023_-"	"CDS"	"-"	3626022	3626028	"SL1344_3419"	"yheO"	"-"	"SL1344_3419"	"yheO"	3625353	3626088	"NSL"	90	88.24	97.62	86.67	10	17	42	15	88.8918518518519	94.7384210526316	"Constitutive"	"chromosome"	"intragenic"
"ST4-74.fa"	3626647	3626648	"ST4-74.fa_3626647_+"	"CDS"	"+"	3626643	3626649	"SL1344_3420"	"fkpA"	"-"	"SL1344_3420"	"fkpA"	3626352	3627171	"NSL"	100	86.67	85.71	71.43	7	15	42	7	90.9113636363636	83.67	"Constitutive"	"chromosome"	"intragenic"
"ST4-74.fa"	3626884	3626885	"ST4-74.fa_3626884_-"	"CDS"	"-"	3626883	3626889	"SL1344_3420"	"fkpA"	"-"	"SL1344_3420"	"fkpA"	3626352	3627171	"NSL"	81.82	82.35	95.56	88.89	11	17	45	9	82.1417857142857	94.4483333333333	"Constitutive"	"chromosome"	"intragenic"
"ST4-74.fa"	3626938	3626939	"ST4-74.fa_3626938_-"	"CDS"	"-"	3626937	3626943	"SL1344_3420"	"fkpA"	"-"	"SL1344_3420"	"fkpA"	3626352	3627171	"NSL"	63.64	88.24	90.24	100	11	17	41	9	78.5757142857143	91.9968	"Constitutive"	"chromosome"	"intragenic"
"ST4-74.fa"	3628265	3628266	"ST4-74.fa_3628265_+"	"CDS"	"+"	3628261	3628267	"SL1344_3422"	"slyD"	"-"	"SL1344_3422"	"slyD"	3627796	3628387	"NSL"	57.14	57.14	56.67	62.5	7	21	30	8	57.14	57.8973684210526	"Constitutive"	"chromosome"	"intragenic"
"ST4-74.fa"	3628822	3628823	"ST4-74.fa_3628822_+"	"CDS"	"+"	3628818	3628824	"SL1344_3424"	"kefB"	"-"	"SL1344_3424"	"kefB"	3628692	3630498	"NSL"	71.43	81.25	68.42	71.43	7	16	38	7	78.2613043478261	68.8882222222222	"Constitutive"	"chromosome"	"intragenic"
"ST4-74.fa"	3629437	3629438	"ST4-74.fa_3629437_-"	"CDS"	"-"	3629436	3629442	"SL1344_3424"	"kefB"	"-"	"SL1344_3424"	"kefB"	3628692	3630498	"NSL"	70	60	85.71	83.33	10	15	35	12	64	85.1023404255319	"Constitutive"	"chromosome"	"intragenic"
"ST4-74.fa"	3631738	3631739	"ST4-74.fa_3631738_+"	"CDS"	"+"	3631734	3631740	"SL1344_3426"	"yheS"	"+"	"SL1344_3426"	"yheS"	3631314	3633222	"NSL"	100	95.83	96.72	100	10	24	61	12	97.0564705882353	97.2591780821918	"Constitutive"	"chromosome"	"intragenic"
"ST4-74.fa"	3631915	3631916	"ST4-74.fa_3631915_-"	"CDS"	"-"	3631914	3631920	"SL1344_3426"	"yheS"	"+"	"SL1344_3426"	"yheS"	3631314	3633222	"NSL"	62.5	55.56	57.14	57.14	8	18	28	7	57.6953846153846	57.14	"Constitutive"	"chromosome"	"intragenic"
"ST4-74.fa"	3632374	3632375	"ST4-74.fa_3632374_-"	"CDS"	"-"	3632373	3632379	"SL1344_3426"	"yheS"	"+"	"SL1344_3426"	"yheS"	3631314	3633222	"NSL"	92.31	86.36	82.93	71.43	13	22	41	7	88.57	81.2529166666667	"Constitutive"	"chromosome"	"intragenic"
"ST4-74.fa"	36326	36327	"ST4-74.fa_36326_-"	"CDS"	"-"	36325	36331	"SL1344_0033"	"STM0032"	"+"	"SL1344_0033"	"STM0032"	35338	37057	"NSR"	87.5	71.43	89.13	90.91	8	14	46	11	77.2736363636364	89.4735087719298	"Constitutive"	"chromosome"	"intragenic"
"ST4-74.fa"	3632641	3632642	"ST4-74.fa_3632641_-"	"CDS"	"-"	3632640	3632646	"SL1344_3426"	"yheS"	"+"	"SL1344_3426"	"yheS"	3631314	3633222	"NSL"	100	90	85.71	85.71	9	20	35	7	93.1034482758621	85.71	"Constitutive"	"chromosome"	"intragenic"
"ST4-74.fa"	3632953	3632954	"ST4-74.fa_3632953_+"	"CDS"	"+"	3632949	3632955	"SL1344_3426"	"yheS"	"+"	"SL1344_3426"	"yheS"	3631314	3633222	"NSL"	55.56	41.18	50	37.5	9	17	36	8	46.1576923076923	47.7272727272727	"Constitutive"	"chromosome"	"intragenic"
"ST4-74.fa"	3634885	3634886	"ST4-74.fa_3634885_-"	"CDS"	"-"	3634884	3634890	"SL1344_3429"	"yheT"	"+"	"SL1344_3429"	"yheT"	3634116	3635184	"NSL"	90	92	92.86	100	10	25	42	10	91.4285714285714	94.2330769230769	"Constitutive"	"chromosome"	"intragenic"
"ST4-74.fa"	3635226	3635227	"ST4-74.fa_3635226_-"	"CDS"	"-"	3635225	3635231	"SL1344_3430"	"yheU"	"+"	"SL1344_3430"	"yheU"	3635180	3635399	"NSL"	100	85.71	92.86	100	11	28	42	9	89.7405128205128	94.12	"Constitutive"	"chromosome"	"intragenic"
"ST4-74.fa"	3637278	3637279	"ST4-74.fa_3637278_-"	"CDS"	"-"	3637277	3637283	"SL1344_3433"	"crp"	"+"	"SL1344_3433"	"crp"	3637127	3637760	"NSL"	91.67	88.89	93.55	100	12	18	31	5	90.002	94.4458333333333	"Constitutive"	"chromosome"	"intragenic"
"ST4-74.fa"	3637713	3637714	"ST4-74.fa_3637713_-"	"CDS"	"-"	3637712	3637718	"SL1344_3433"	"crp"	"+"	"SL1344_3433"	"crp"	3637127	3637760	"NSL"	83.33	73.33	86.84	62.5	12	15	38	8	77.7744444444444	82.6069565217391	"Constitutive"	"chromosome"	"intragenic"
"ST4-74.fa"	3637995	3637996	"ST4-74.fa_3637995_-"	"CDS"	"-"	3637994	3638000	"SL1344_3434"	"yhfK"	"+"	"SL1344_3434"	"yhfK"	3637808	3639896	"NSL"	66.67	94.12	84.78	100	12	17	46	8	82.7613793103448	87.0348148148148	"Constitutive"	"chromosome"	"intragenic"
"ST4-74.fa"	3639267	3639268	"ST4-74.fa_3639267_-"	"CDS"	"-"	3639266	3639272	"SL1344_3434"	"yhfK"	"+"	"SL1344_3434"	"yhfK"	3637808	3639896	"NSL"	88.89	87.5	94.59	66.67	9	16	37	9	88.0004	89.1273913043478	"Constitutive"	"chromosome"	"intragenic"
"ST4-74.fa"	3639396	3639397	"ST4-74.fa_3639396_-"	"CDS"	"-"	3639395	3639401	"SL1344_3434"	"yhfK"	"+"	"SL1344_3434"	"yhfK"	3637808	3639896	"NSL"	90.91	66.67	80	71.43	11	18	40	7	75.8644827586207	78.7236170212766	"Constitutive"	"chromosome"	"intragenic"
"ST4-74.fa"	3640878	3640879	"ST4-74.fa_3640878_+"	"CDS"	"+"	3640874	3640880	"SL1344_3435"	"argDb"	"-"	"SL1344_3435"	"argDb"	3639938	3641156	"NSL"	75	69.23	87.27	92.31	4	13	55	13	70.5876470588235	88.2335294117647	"Constitutive"	"chromosome"	"intragenic"
"ST4-74.fa"	3641040	3641041	"ST4-74.fa_3641040_-"	"CDS"	"-"	3641039	3641045	"SL1344_3435"	"argDb"	"-"	"SL1344_3435"	"argDb"	3639938	3641156	"NSL"	83.33	76.92	81.08	100	6	13	37	6	78.9442105263158	83.72	"Constitutive"	"chromosome"	"intragenic"
"ST4-74.fa"	3643589	3643590	"ST4-74.fa_3643589_+"	"CDS"	"+"	3643585	3643591	"SL1344_3440"	"yhfC"	"+"	"SL1344_3440"	"yhfC"	3643553	3644735	"NSL"	50	66.67	92.5	86.67	2	9	40	15	63.6390909090909	90.91	"Constitutive"	"chromosome"	"intragenic"
"ST4-74.fa"	3645310	3645311	"ST4-74.fa_3645310_-"	"CDS"	"-"	3645309	3645315	"SL1344_3441"	"nirB"	"+"	"SL1344_3441"	"nirB"	3644997	3647541	"NSL"	100	84.62	84.78	73.33	8	13	46	15	90.4790476190476	81.9644262295082	"Constitutive"	"chromosome"	"intragenic"
"ST4-74.fa"	3645556	3645557	"ST4-74.fa_3645556_+"	"CDS"	"+"	3645552	3645558	"SL1344_3441"	"nirB"	"+"	"SL1344_3441"	"nirB"	3644997	3647541	"NSL"	100	92.86	94.64	83.33	4	14	56	12	94.4466666666667	92.6441176470588	"Constitutive"	"chromosome"	"intragenic"
"ST4-74.fa"	3646195	3646196	"ST4-74.fa_3646195_-"	"CDS"	"-"	3646194	3646200	"SL1344_3441"	"nirB"	"+"	"SL1344_3441"	"nirB"	3644997	3647541	"NSL"	85.71	86.67	84.44	88.89	14	15	45	9	86.2065517241379	85.1816666666667	"Constitutive"	"chromosome"	"intragenic"
"ST4-74.fa"	3646300	3646301	"ST4-74.fa_3646300_-"	"CDS"	"-"	3646299	3646305	"SL1344_3441"	"nirB"	"+"	"SL1344_3441"	"nirB"	3644997	3647541	"NSL"	83.33	88.24	82.35	90.91	12	17	51	11	86.208275862069	83.8687096774193	"Constitutive"	"chromosome"	"intragenic"
"ST4-74.fa"	3647182	3647183	"ST4-74.fa_3647182_-"	"CDS"	"-"	3647181	3647187	"SL1344_3441"	"nirB"	"+"	"SL1344_3441"	"nirB"	3644997	3647541	"NSL"	100	85.71	93.02	81.82	15	21	43	11	91.6641666666667	90.7385185185185	"Constitutive"	"chromosome"	"intragenic"
"ST4-74.fa"	3647649	3647650	"ST4-74.fa_3647649_+"	"CDS"	"+"	3647645	3647651	"SL1344_3442"	"nirD"	"+"	"SL1344_3442"	"nirD"	3647537	3647864	"NSL"	100	90.91	89.47	88.24	4	11	57	17	93.334	89.1874324324324	"Constitutive"	"chromosome"	"intragenic"
"ST4-74.fa"	3647663	3647664	"ST4-74.fa_3647663_+"	"CDS"	"+"	3647659	3647665	"SL1344_3442"	"nirD"	"+"	"SL1344_3442"	"nirD"	3647537	3647864	"NSL"	66.67	71.43	78.38	100	3	7	37	11	70.002	83.3345833333333	"Constitutive"	"chromosome"	"intragenic"
"ST4-74.fa"	3648996	3648997	"ST4-74.fa_3648996_-"	"CDS"	"-"	3648995	3649001	"SL1344_3444"	"cysG"	"+"	"SL1344_3444"	"cysG"	3648950	3650324	"NSL"	54.55	66.67	79.49	66.67	11	18	39	12	62.0727586206897	76.4735294117647	"Constitutive"	"chromosome"	"intragenic"
"ST4-74.fa"	3650130	3650131	"ST4-74.fa_3650130_-"	"CDS"	"-"	3650129	3650135	"SL1344_3444"	"cysG"	"+"	"SL1344_3444"	"cysG"	3648950	3650324	"NSL"	73.33	82.61	87.04	91.67	15	23	54	12	78.9468421052632	87.8818181818182	"Constitutive"	"chromosome"	"intragenic"
"ST4-74.fa"	3653432	3653433	"ST4-74.fa_3653432_-"	"CDS"	"-"	3653431	3653437	"SL1344_3445"	"bigA"	"+"	"SL1344_3445"	"bigA"	3650652	3656547	"NSL"	63.64	73.08	71.74	42.86	11	26	46	7	70.2735135135135	67.9256603773585	"Constitutive"	"chromosome"	"intragenic"
"ST4-74.fa"	3653437	3653438	"ST4-74.fa_3653437_+"	"CDS"	"+"	3653433	3653439	"SL1344_3445"	"bigA"	"+"	"SL1344_3445"	"bigA"	3650652	3656547	"NSL"	100	93.33	78	95.45	7	15	50	22	95.4522727272727	83.3319444444444	"Constitutive"	"chromosome"	"intragenic"
"ST4-74.fa"	365680	365681	"ST4-74.fa_365680_-"	"intergenic"	"-"	365679	365685	"SL1344_0316"	"phoE"	"-+"	"SL1344_0317"	"proB"	365510	365792	"NSR"	100	83.33	86.67	75	4	12	45	8	87.4975	84.9084905660377	"Constitutive"	"chromosome"	"intergenic"
"ST4-74.fa"	3658321	3658322	"ST4-74.fa_3658321_-"	"CDS"	"-"	3658320	3658326	"SL1344_3448"	"trpS"	"-"	"SL1344_3448"	"trpS"	3657765	3658770	"NSL"	41.67	68.75	72.22	60	12	16	54	10	57.1442857142857	70.310625	"Constitutive"	"chromosome"	"intragenic"
"ST4-74.fa"	3662069	3662070	"ST4-74.fa_3662069_-"	"CDS"	"-"	3662068	3662074	"SL1344_3452"	"damX"	"-"	"SL1344_3452"	"damX"	3661225	3662503	"NSL"	75	94.44	80.56	45.45	16	18	36	11	85.2917647058824	72.3427659574468	"Constitutive"	"chromosome"	"intragenic"
"ST4-74.fa"	366303	366304	"ST4-74.fa_366303_+"	"CDS"	"+"	366299	366305	"SL1344_0317"	"proB"	"+"	"SL1344_0317"	"proB"	365792	366896	"NSR"	100	100	94.87	71.43	6	16	39	7	100	91.3030434782609	"Constitutive"	"chromosome"	"intragenic"
"ST4-74.fa"	3663582	3663583	"ST4-74.fa_3663582_-"	"CDS"	"-"	3663581	3663587	"SL1344_3453"	"aroB"	"-"	"SL1344_3453"	"aroB"	3662600	3663689	"NSL"	86.67	94.44	90.38	85.71	15	18	52	14	90.9081818181818	89.3893939393939	"Constitutive"	"chromosome"	"intragenic"
"ST4-74.fa"	3664162	3664163	"ST4-74.fa_3664162_+"	"CDS"	"+"	3664158	3664164	"SL1344_3454"	"aroK"	"-"	"SL1344_3454"	"aroK"	3663745	3664267	"NSL"	91.67	85.71	87.5	84.62	12	21	56	13	87.8772727272727	86.9573913043478	"Constitutive"	"chromosome"	"intragenic"
"ST4-74.fa"	3668895	3668896	"ST4-74.fa_3668895_+"	"CDS"	"+"	3668891	3668897	"SL1344_3460"	"mrcA"	"+"	"SL1344_3460"	"mrcA"	3668147	3670724	"NSL"	91.67	100	92.16	91.67	12	20	51	12	96.87625	92.0666666666667	"Constitutive"	"chromosome"	"intragenic"
"ST4-74.fa"	3669927	3669928	"ST4-74.fa_3669927_-"	"CDS"	"-"	3669926	3669932	"SL1344_3460"	"mrcA"	"+"	"SL1344_3460"	"mrcA"	3668147	3670724	"NSL"	76.92	64.71	78.18	100	13	17	55	5	70.001	79.9983333333333	"Constitutive"	"chromosome"	"intragenic"
"ST4-74.fa"	3669966	3669967	"ST4-74.fa_3669966_+"	"CDS"	"+"	3669962	3669968	"SL1344_3460"	"mrcA"	"+"	"SL1344_3460"	"mrcA"	3668147	3670724	"NSL"	100	83.33	80.95	75	8	18	42	12	88.4592307692308	79.6277777777778	"Constitutive"	"chromosome"	"intragenic"
"ST4-74.fa"	3670215	3670216	"ST4-74.fa_3670215_-"	"CDS"	"-"	3670214	3670220	"SL1344_3460"	"mrcA"	"+"	"SL1344_3460"	"mrcA"	3668147	3670724	"NSL"	64.29	78.95	74.51	50	14	19	51	6	72.7306060606061	71.93	"Constitutive"	"chromosome"	"intragenic"
"ST4-74.fa"	3670721	3670722	"ST4-74.fa_3670721_-"	"CDS"	"-"	3670720	3670726	"SL1344_3460"	"mrcA"	"+"	"SL1344_3460"	"mrcA"	3668147	3670724	"NSL"	66.67	75	90.57	66.67	18	16	53	6	70.59	88.1394915254237	"Constitutive"	"chromosome"	"intragenic"
"ST4-74.fa"	3670721	3670722	"ST4-74.fa_3670721_-"	"intergenic"	"-"	3670720	3670726	"SL1344_3460"	"mrcA"	"+-"	"SL1344_3461"	"nudE"	3670724	3670819	"NSL"	66.67	75	90.57	66.67	18	16	53	6	70.59	88.1394915254237	"Constitutive"	"chromosome"	"intergenic"
"ST4-74.fa"	3671807	3671808	"ST4-74.fa_3671807_+"	"CDS"	"+"	3671803	3671809	"SL1344_3462"	"igaA"	"+"	"SL1344_3462"	"igaA"	3671705	3673838	"NSL"	85.71	92.86	92.68	100	7	14	41	8	90.4766666666667	93.8751020408163	"Constitutive"	"chromosome"	"intragenic"
"ST4-74.fa"	3672108	3672109	"ST4-74.fa_3672108_-"	"CDS"	"-"	3672107	3672113	"SL1344_3462"	"igaA"	"+"	"SL1344_3462"	"igaA"	3671705	3673838	"NSL"	84.62	80	80.49	100	13	15	41	8	82.145	83.675306122449	"Constitutive"	"chromosome"	"intragenic"
"ST4-74.fa"	3673440	3673441	"ST4-74.fa_3673440_-"	"CDS"	"-"	3673439	3673445	"SL1344_3462"	"igaA"	"+"	"SL1344_3462"	"igaA"	3671705	3673838	"NSL"	83.33	68.75	65.22	75	12	16	46	8	74.9985714285714	66.6688888888889	"Constitutive"	"chromosome"	"intragenic"
"ST4-74.fa"	3673476	3673477	"ST4-74.fa_3673476_+"	"CDS"	"+"	3673472	3673478	"SL1344_3462"	"igaA"	"+"	"SL1344_3462"	"igaA"	3671705	3673838	"NSL"	75	93.75	90	63.64	8	16	40	11	87.5	84.3145098039216	"Constitutive"	"chromosome"	"intragenic"
"ST4-74.fa"	3674356	3674357	"ST4-74.fa_3674356_+"	"CDS"	"+"	3674352	3674358	"SL1344_3463"	"yrfG"	"+"	"SL1344_3463"	"yrfG"	3673902	3674571	"NSL"	100	100	90.24	90	10	17	41	10	100	90.1929411764706	"Constitutive"	"chromosome"	"intragenic"
"ST4-74.fa"	3674551	3674552	"ST4-74.fa_3674551_-"	"CDS"	"-"	3674550	3674556	"SL1344_3463"	"yrfG"	"+"	"SL1344_3463"	"yrfG"	3673902	3674571	"NSL"	61.54	82.35	81.08	83.33	13	17	37	6	73.3323333333333	81.3939534883721	"Constitutive"	"chromosome"	"intragenic"
"ST4-74.fa"	367496	367497	"ST4-74.fa_367496_-"	"CDS"	"-"	367495	367501	"SL1344_0318"	"proA"	"+"	"SL1344_0318"	"proA"	366907	368158	"NSR"	100	100	89.58	86.67	6	13	48	15	100	88.8871428571429	"Constitutive"	"chromosome"	"intragenic"
"ST4-74.fa"	3676516	3676517	"ST4-74.fa_3676516_-"	"CDS"	"-"	3676515	3676521	"SL1344_3466"	"yhgE"	"-"	"SL1344_3466"	"yhgE"	3675995	3677705	"NSL"	77.78	85.71	79.59	100	9	21	49	3	83.331	80.7675	"Constitutive"	"chromosome"	"intragenic"
"ST4-74.fa"	3676521	3676522	"ST4-74.fa_3676521_-"	"CDS"	"-"	3676520	3676526	"SL1344_3466"	"yhgE"	"-"	"SL1344_3466"	"yhgE"	3675995	3677705	"NSL"	33.33	42.86	60.71	71.43	6	14	28	7	40.001	62.854	"Constitutive"	"chromosome"	"intragenic"
"ST4-74.fa"	3676701	3676702	"ST4-74.fa_3676701_+"	"CDS"	"+"	3676697	3676703	"SL1344_3466"	"yhgE"	"-"	"SL1344_3466"	"yhgE"	3675995	3677705	"NSL"	80	100	91.49	90.91	10	11	47	11	90.4761904761905	91.38	"Constitutive"	"chromosome"	"intragenic"
"ST4-74.fa"	3677058	3677059	"ST4-74.fa_3677058_+"	"CDS"	"+"	3677054	3677060	"SL1344_3466"	"yhgE"	"-"	"SL1344_3466"	"yhgE"	3675995	3677705	"NSL"	100	81.25	95.16	91.67	13	16	62	12	89.6551724137931	94.5940540540541	"Constitutive"	"chromosome"	"intragenic"
"ST4-74.fa"	3677490	3677491	"ST4-74.fa_3677490_+"	"CDS"	"+"	3677486	3677492	"SL1344_3466"	"yhgE"	"-"	"SL1344_3466"	"yhgE"	3675995	3677705	"NSL"	87.5	100	81.25	85.71	8	11	48	7	94.7368421052632	81.8176363636364	"Constitutive"	"chromosome"	"intragenic"
"ST4-74.fa"	3682085	3682086	"ST4-74.fa_3682085_-"	"CDS"	"-"	3682084	3682090	"SL1344_3470"	"greB"	"+"	"SL1344_3470"	"greB"	3682072	3682546	"NSL"	100	95.45	84.21	100	4	22	38	5	96.15	86.0460465116279	"Constitutive"	"chromosome"	"intragenic"
"ST4-74.fa"	368581	368582	"ST4-74.fa_368581_-"	"intergenic"	"-"	368580	368586	"SL1344_tRNA_5"	"no"	"+-"	"SL1344_0319"	"STM0325"	368346	368674	"NSR"	100	100	66.67	87.5	3	9	36	8	100	70.4572727272727	"Constitutive"	"chromosome"	"intergenic"
"ST4-74.fa"	3687155	3687156	"ST4-74.fa_3687155_-"	"CDS"	"-"	3687154	3687160	"SL1344_3473"	"feoB"	"+"	"SL1344_3473"	"feoB"	3685657	3687976	"NSL"	100	96	88.89	83.33	8	25	54	12	96.969696969697	87.8790909090909	"Constitutive"	"chromosome"	"intragenic"
"ST4-74.fa"	3687830	3687831	"ST4-74.fa_3687830_-"	"CDS"	"-"	3687829	3687835	"SL1344_3473"	"feoB"	"+"	"SL1344_3473"	"feoB"	3685657	3687976	"NSL"	77.78	88.89	80.43	90	9	18	46	10	85.1866666666667	82.1389285714286	"Constitutive"	"chromosome"	"intragenic"
"ST4-74.fa"	3692173	3692174	"ST4-74.fa_3692173_-"	"CDS"	"-"	3692172	3692178	"SL1344_3479"	"gntT"	"+"	"SL1344_3479"	"gntT"	3691959	3693228	"NSL"	100	92.86	86	91.67	6	14	50	12	95.002	87.0974193548387	"Constitutive"	"chromosome"	"intragenic"
"ST4-74.fa"	3692770	3692771	"ST4-74.fa_3692770_+"	"CDS"	"+"	3692766	3692772	"SL1344_3479"	"gntT"	"+"	"SL1344_3479"	"gntT"	3691959	3693228	"NSL"	90	100	92.5	88.89	10	20	40	9	96.6666666666667	91.8369387755102	"Constitutive"	"chromosome"	"intragenic"
"ST4-74.fa"	3692821	3692822	"ST4-74.fa_3692821_-"	"CDS"	"-"	3692820	3692826	"SL1344_3479"	"gntT"	"+"	"SL1344_3479"	"gntT"	3691959	3693228	"NSL"	100	94.12	85.11	85.71	5	17	47	7	95.4563636363636	85.1877777777778	"Constitutive"	"chromosome"	"intragenic"
"ST4-74.fa"	3693013	3693014	"ST4-74.fa_3693013_-"	"CDS"	"-"	3693012	3693018	"SL1344_3479"	"gntT"	"+"	"SL1344_3479"	"gntT"	3691959	3693228	"NSL"	60	100	100	100	5	11	34	5	87.5	100	"Constitutive"	"chromosome"	"intragenic"
"ST4-74.fa"	3693193	3693194	"ST4-74.fa_3693193_-"	"CDS"	"-"	3693192	3693198	"SL1344_3479"	"gntT"	"+"	"SL1344_3479"	"gntT"	3691959	3693228	"NSL"	83.33	100	95.56	100	6	15	45	10	95.2371428571429	96.3672727272727	"Constitutive"	"chromosome"	"intragenic"
"ST4-74.fa"	3693467	3693468	"ST4-74.fa_3693467_-"	"CDS"	"-"	3693466	3693472	"SL1344_3480"	"malQ"	"-"	"SL1344_3480"	"malQ"	3693346	3695425	"NSL"	66.67	81.25	86.84	87.5	6	16	38	8	77.2736363636364	86.9547826086957	"Constitutive"	"chromosome"	"intragenic"
"ST4-74.fa"	3694031	3694032	"ST4-74.fa_3694031_-"	"CDS"	"-"	3694030	3694036	"SL1344_3480"	"malQ"	"-"	"SL1344_3480"	"malQ"	3693346	3695425	"NSL"	100	72.22	71.88	66.67	3	18	32	6	76.1885714285714	71.0573684210526	"Constitutive"	"chromosome"	"intragenic"
"ST4-74.fa"	3695379	3695380	"ST4-74.fa_3695379_-"	"CDS"	"-"	3695378	3695384	"SL1344_3480"	"malQ"	"-"	"SL1344_3480"	"malQ"	3693346	3695425	"NSL"	100	22.22	80.95	28.57	2	9	21	7	36.3618181818182	67.855	"Constitutive"	"chromosome"	"intragenic"
"ST4-74.fa"	3696142	3696143	"ST4-74.fa_3696142_+"	"CDS"	"+"	3696138	3696144	"SL1344_3481"	"malP"	"-"	"SL1344_3481"	"malP"	3695434	3697828	"NSL"	100	92.86	93.33	83.33	9	14	30	12	95.6539130434783	90.4728571428572	"Constitutive"	"chromosome"	"intragenic"
"ST4-74.fa"	369799	369800	"ST4-74.fa_369799_-"	"CDS"	"-"	369798	369804	"SL1344_0320"	"dhaF"	"+"	"SL1344_0320"	"dhaF"	369392	370107	"NSR"	83.33	100	97.73	88.89	6	16	44	9	95.4536363636364	96.2288679245283	"Constitutive"	"chromosome"	"intragenic"
"ST4-74.fa"	3698944	3698945	"ST4-74.fa_3698944_+"	"CDS"	"+"	3698940	3698946	"SL1344_3482"	"malT"	"+"	"SL1344_3482"	"malT"	3698421	3701127	"Origin"	91.67	95	96.3	100	12	20	54	10	93.75125	96.878125	"Constitutive"	"chromosome"	"intragenic"
"ST4-74.fa"	3704010	3704011	"ST4-74.fa_3704010_+"	"CDS"	"+"	3704006	3704012	"SL1344_3486"	"rtcB"	"-"	"SL1344_3486"	"rtcB"	3702884	3704102	"Origin"	100	100	97.73	90.91	13	17	44	11	100	96.366	"Constitutive"	"chromosome"	"intragenic"
"ST4-74.fa"	3704921	3704922	"ST4-74.fa_3704921_+"	"CDS"	"+"	3704917	3704923	"SL1344_3487"	"STM3521"	"-"	"SL1344_3487"	"STM3521"	3704446	3706000	"Origin"	83.33	85.71	85.71	88.89	12	21	42	9	84.8445454545455	86.2711764705882	"Constitutive"	"chromosome"	"intragenic"
"ST4-74.fa"	3709102	3709103	"ST4-74.fa_3709102_-"	"CDS"	"-"	3709101	3709107	"SL1344_3491"	"glpG"	"-"	"SL1344_3491"	"glpG"	3708621	3709452	"Origin"	87.5	100	77.08	66.67	8	15	48	9	95.6521739130435	75.4363157894737	"Constitutive"	"chromosome"	"intragenic"
"ST4-74.fa"	3710068	3710069	"ST4-74.fa_3710068_-"	"CDS"	"-"	3710067	3710073	"SL1344_3493"	"glpD"	"+"	"SL1344_3493"	"glpD"	3710052	3711561	"Origin"	90	90.91	92	90	10	22	50	10	90.625625	91.6666666666667	"Constitutive"	"chromosome"	"intragenic"
"ST4-74.fa"	3710734	3710735	"ST4-74.fa_3710734_-"	"CDS"	"-"	3710733	3710739	"SL1344_3493"	"glpD"	"+"	"SL1344_3493"	"glpD"	3710052	3711561	"Origin"	100	91.67	96.49	100	11	24	57	9	94.288	96.9686363636363	"Constitutive"	"chromosome"	"intragenic"
"ST4-74.fa"	3716936	3716937	"ST4-74.fa_3716936_-"	"CDS"	"-"	3716935	3716941	"SL1344_3498"	"STM3531"	"+"	"SL1344_3498"	"STM3531"	3716593	3718309	"Origin"	83.33	76.92	61.36	58.33	6	13	44	12	78.9442105263158	60.7107142857143	"Constitutive"	"chromosome"	"intragenic"
"ST4-74.fa"	371751	371752	"ST4-74.fa_371751_-"	"CDS"	"-"	371750	371756	"SL1344_0323"	"STM0328"	"+"	"SL1344_0323"	"STM0328"	370835	372119	"NSR"	80	84.62	86.05	100	5	13	43	12	83.3366666666667	89.0936363636364	"Constitutive"	"chromosome"	"intragenic"
"ST4-74.fa"	3719575	3719576	"ST4-74.fa_3719575_-"	"CDS"	"-"	3719574	3719580	"SL1344_3500"	"STM3533"	"-"	"SL1344_3500"	"STM3533"	3719301	3720057	"Origin"	55.56	75	69.09	50	9	12	55	10	66.6685714285714	66.1530769230769	"Constitutive"	"chromosome"	"intragenic"
"ST4-74.fa"	3720871	3720872	"ST4-74.fa_3720871_+"	"CDS"	"+"	3720867	3720873	"SL1344_3501"	"glgP"	"-"	"SL1344_3501"	"glgP"	3720234	3722682	"Origin"	92.86	94.74	91.67	92.86	14	19	60	14	93.9424242424242	91.8951351351351	"Constitutive"	"chromosome"	"intragenic"
"ST4-74.fa"	3722029	3722030	"ST4-74.fa_3722029_-"	"CDS"	"-"	3722028	3722034	"SL1344_3501"	"glgP"	"-"	"SL1344_3501"	"glgP"	3720234	3722682	"Origin"	85.71	84.62	76.19	61.54	7	13	42	13	85.0015	72.7272727272727	"Constitutive"	"chromosome"	"intragenic"
"ST4-74.fa"	3722347	3722348	"ST4-74.fa_3722347_+"	"CDS"	"+"	3722343	3722349	"SL1344_3501"	"glgP"	"-"	"SL1344_3501"	"glgP"	3720234	3722682	"Origin"	90	100	95.83	80	10	21	48	10	96.7741935483871	93.1006896551724	"Constitutive"	"chromosome"	"intragenic"
"ST4-74.fa"	3723893	3723894	"ST4-74.fa_3723893_+"	"CDS"	"+"	3723889	3723895	"SL1344_3502"	"glgA"	"-"	"SL1344_3502"	"glgA"	3722701	3724135	"Origin"	60	52.94	54.35	63.64	10	17	46	11	55.5548148148148	56.1428070175439	"Constitutive"	"chromosome"	"intragenic"
"ST4-74.fa"	3728486	3728487	"ST4-74.fa_3728486_+"	"CDS"	"+"	3728482	3728488	"SL1344_3505"	"glgB"	"-"	"SL1344_3505"	"glgB"	3727417	3729604	"Origin"	81.82	94.44	86.21	86.67	11	18	58	15	89.6531034482759	86.3045205479452	"Constitutive"	"chromosome"	"intragenic"
"ST4-74.fa"	3728792	3728793	"ST4-74.fa_3728792_-"	"CDS"	"-"	3728791	3728797	"SL1344_3505"	"glgB"	"-"	"SL1344_3505"	"glgB"	3727417	3729604	"Origin"	100	100	85.45	91.67	9	14	55	12	100	86.5640298507463	"Constitutive"	"chromosome"	"intragenic"
"ST4-74.fa"	3730377	3730378	"ST4-74.fa_3730377_+"	"CDS"	"+"	3730373	3730379	"SL1344_3506"	"asd"	"-"	"SL1344_3506"	"asd"	3729950	3731057	"Origin"	87.5	91.67	92.31	76.47	8	12	52	17	90.002	88.4073913043478	"Constitutive"	"chromosome"	"intragenic"
"ST4-74.fa"	3731298	3731299	"ST4-74.fa_3731298_+"	"intergenic"	"+"	3731294	3731300	"SL1344_3506"	"asd"	"--"	"SL1344_3507"	"gntU"	3731057	3731480	"Origin"	100	100	90.48	100	9	14	63	13	100	92.1084210526316	"Constitutive"	"chromosome"	"intergenic"
"ST4-74.fa"	3732126	3732127	"ST4-74.fa_3732126_+"	"CDS"	"+"	3732122	3732128	"SL1344_3507"	"gntU"	"-"	"SL1344_3507"	"gntU"	3731480	3732821	"Origin"	81.82	80	72.34	62.5	11	15	47	8	80.77	70.9087272727273	"Constitutive"	"chromosome"	"intragenic"
"ST4-74.fa"	3732561	3732562	"ST4-74.fa_3732561_-"	"CDS"	"-"	3732560	3732566	"SL1344_3507"	"gntU"	"-"	"SL1344_3507"	"gntU"	3731480	3732821	"Origin"	100	84.62	71.43	63.64	5	13	49	11	88.8922222222222	70.0018333333333	"Constitutive"	"chromosome"	"intragenic"
"ST4-74.fa"	3733100	3733101	"ST4-74.fa_3733100_+"	"CDS"	"+"	3733096	3733102	"SL1344_3508"	"gntK"	"-"	"SL1344_3508"	"gntK"	3732817	3733351	"Origin"	90.91	84.62	94.74	83.33	11	13	57	6	87.5029166666666	93.6533333333333	"Constitutive"	"chromosome"	"intragenic"
"ST4-74.fa"	3734117	3734118	"ST4-74.fa_3734117_+"	"CDS"	"+"	3734113	3734119	"SL1344_3509"	"gntR"	"-"	"SL1344_3509"	"gntR"	3733489	3734485	"Origin"	100	100	93.55	75	10	19	62	8	100	91.43	"Constitutive"	"chromosome"	"intragenic"
"ST4-74.fa"	3737234	3737235	"ST4-74.fa_3737234_-"	"CDS"	"-"	3737233	3737239	"SL1344_3512"	"yhhY"	"+"	"SL1344_3512"	"yhhY"	3736939	3737428	"Origin"	100	94.44	93.1	85.71	9	18	58	7	96.2933333333333	92.3041538461538	"Constitutive"	"chromosome"	"intragenic"
"ST4-74.fa"	3740998	3740999	"ST4-74.fa_3740998_+"	"CDS"	"+"	3740994	3741000	"SL1344_3516"	"STM3550"	"+"	"SL1344_3516"	"STM3550"	3740705	3741740	"Origin"	71.43	85.71	87.72	100	7	14	57	8	80.95	89.2313846153846	"Constitutive"	"chromosome"	"intragenic"
"ST4-74.fa"	374156	374157	"ST4-74.fa_374156_+"	"CDS"	"+"	374152	374158	"SL1344_0325"	"leuD2"	"+"	"SL1344_0325"	"leuD2"	373673	374300	"NSR"	90	95	98.08	91.67	10	20	52	12	93.3333333333333	96.878125	"Constitutive"	"chromosome"	"intragenic"
"ST4-74.fa"	3743138	3743139	"ST4-74.fa_3743138_-"	"CDS"	"-"	3743137	3743143	"SL1344_3517"	"ggt"	"-"	"SL1344_3517"	"ggt"	3741784	3743527	"Origin"	85.71	70.59	75	50	7	17	40	8	75	70.8333333333333	"Constitutive"	"chromosome"	"intragenic"
"ST4-74.fa"	3744936	3744937	"ST4-74.fa_3744936_-"	"CDS"	"-"	3744935	3744941	"SL1344_3520"	"ugpC"	"-"	"SL1344_3520"	"ugpC"	3744818	3745889	"Origin"	85.71	73.33	92.68	100	7	15	41	7	77.2690909090909	93.7475	"Constitutive"	"chromosome"	"intragenic"
"ST4-74.fa"	3745305	3745306	"ST4-74.fa_3745305_-"	"CDS"	"-"	3745304	3745310	"SL1344_3520"	"ugpC"	"-"	"SL1344_3520"	"ugpC"	3744818	3745889	"Origin"	100	88.89	97.83	88.89	8	18	46	9	92.3084615384615	96.3670909090909	"Constitutive"	"chromosome"	"intragenic"
"ST4-74.fa"	3749540	3749541	"ST4-74.fa_3749540_+"	"CDS"	"+"	3749536	3749542	"SL1344_3524"	"kil"	"-"	"SL1344_3524"	"kil"	3749258	3749627	"Origin"	100	70.59	77.36	88.89	5	17	53	9	77.2740909090909	79.0337096774194	"Constitutive"	"chromosome"	"intragenic"
"ST4-74.fa"	3755212	3755213	"ST4-74.fa_3755212_-"	"intergenic"	"-"	3755211	3755217	"sRNA12"	"no"	"-+"	"SL1344_3531"	"yhhK"	3755124	3755246	"Origin"	100	73.33	89.66	84.62	6	15	29	13	80.95	88.1	"Constitutive"	"chromosome"	"intergenic"
"ST4-74.fa"	3755292	3755293	"ST4-74.fa_3755292_+"	"CDS"	"+"	3755288	3755294	"SL1344_3531"	"yhhK"	"+"	"SL1344_3531"	"yhhK"	3755246	3755630	"Origin"	80	85.71	91.11	85.71	10	14	45	7	83.3308333333333	90.3830769230769	"Constitutive"	"chromosome"	"intragenic"
"ST4-74.fa"	3757946	3757947	"ST4-74.fa_3757946_+"	"CDS"	"+"	3757942	3757948	"SL1344_3533"	"rpoH"	"-"	"SL1344_3533"	"rpoH"	3757249	3758104	"Origin"	80	86.96	95.35	100	5	23	43	3	85.7171428571429	95.6532608695652	"Constitutive"	"chromosome"	"intragenic"
"ST4-74.fa"	3764166	3764167	"ST4-74.fa_3764166_-"	"CDS"	"-"	3764165	3764171	"SL1344_3541"	"zntA"	"+"	"SL1344_3541"	"zntA"	3763766	3765965	"Origin"	91.67	88	89.29	100	12	25	56	12	89.1902702702703	91.18	"Constitutive"	"chromosome"	"intragenic"
"ST4-74.fa"	3766711	3766712	"ST4-74.fa_3766711_+"	"CDS"	"+"	3766707	3766713	"SL1344_3542"	"tcp"	"+"	"SL1344_3542"	"tcp"	3766164	3767808	"Origin"	33.33	50	69.77	50	3	8	43	4	45.4536363636364	68.0874468085106	"Constitutive"	"chromosome"	"intragenic"
"ST4-74.fa"	3767671	3767672	"ST4-74.fa_3767671_+"	"CDS"	"+"	3767667	3767673	"SL1344_3542"	"tcp"	"+"	"SL1344_3542"	"tcp"	3766164	3767808	"Origin"	55.56	68.75	69.39	57.14	9	16	49	7	64.0016	67.85875	"Constitutive"	"chromosome"	"intragenic"
"ST4-74.fa"	377021	377022	"ST4-74.fa_377021_-"	"CDS"	"-"	377020	377026	"SL1344_0328"	"STM0333"	"+"	"SL1344_0328"	"STM0333"	376140	377106	"NSR"	100	43.75	70.73	92.31	5	16	41	13	57.1428571428571	75.9251851851852	"Constitutive"	"chromosome"	"intragenic"
"ST4-74.fa"	3770426	3770427	"ST4-74.fa_3770426_-"	"CDS"	"-"	3770425	3770431	"SL1344_3546"	"yhhS"	"-"	"SL1344_3546"	"yhhS"	3769545	3770763	"Origin"	75	95.24	93.75	88.89	4	21	48	9	92.0016	92.9826315789474	"Constitutive"	"chromosome"	"intragenic"
"ST4-74.fa"	377108	377109	"ST4-74.fa_377108_+"	"CDS"	"+"	377104	377110	"SL1344_0328"	"STM0333"	"+"	"SL1344_0328"	"STM0333"	376140	377106	"NSR"	85.71	92.31	87.04	50	7	13	54	4	90	84.4855172413793	"Constitutive"	"chromosome"	"intragenic"
"ST4-74.fa"	377108	377109	"ST4-74.fa_377108_+"	"CDS"	"+"	377104	377110	"SL1344_0329"	"STM0334"	"-"	"SL1344_0329"	"STM0334"	377050	377323	"NSR"	85.71	92.31	87.04	50	7	13	54	4	90	84.4855172413793	"Constitutive"	"chromosome"	"intragenic"
"ST4-74.fa"	3771111	3771112	"ST4-74.fa_3771111_-"	"CDS"	"-"	3771110	3771116	"SL1344_3547"	"yhhT"	"+"	"SL1344_3547"	"yhhT"	3770894	3771944	"Origin"	80	92.31	92.31	100	5	26	52	11	90.3245161290323	93.6526984126984	"Constitutive"	"chromosome"	"intragenic"
"ST4-74.fa"	3773688	3773689	"ST4-74.fa_3773688_+"	"CDS"	"+"	3773684	3773690	"SL1344_3550"	"yhhJ"	"-"	"SL1344_3550"	"yhhJ"	3773156	3774281	"Origin"	87.5	93.33	92.73	94.12	8	15	55	17	91.3021739130435	93.0581944444445	"Constitutive"	"chromosome"	"intragenic"
"ST4-74.fa"	3774105	3774106	"ST4-74.fa_3774105_-"	"CDS"	"-"	3774104	3774110	"SL1344_3550"	"yhhJ"	"-"	"SL1344_3550"	"yhhJ"	3773156	3774281	"Origin"	100	94.12	77.42	91.67	1	17	31	12	94.4466666666667	81.3967441860465	"Constitutive"	"chromosome"	"intragenic"
"ST4-74.fa"	3774201	3774202	"ST4-74.fa_3774201_+"	"CDS"	"+"	3774197	3774203	"SL1344_3550"	"yhhJ"	"-"	"SL1344_3550"	"yhhJ"	3773156	3774281	"Origin"	100	83.33	96.83	100	9	12	63	10	90.4742857142857	97.2642465753425	"Constitutive"	"chromosome"	"intragenic"
"ST4-74.fa"	3774572	3774573	"ST4-74.fa_3774572_+"	"CDS"	"+"	3774568	3774574	"SL1344_3551"	"yhiH"	"-"	"SL1344_3551"	"yhiH"	3774280	3777022	"Origin"	66.67	57.14	85.37	44.44	6	7	41	9	61.5384615384615	78.0026	"Constitutive"	"chromosome"	"intragenic"
"ST4-74.fa"	3777233	3777234	"ST4-74.fa_3777233_-"	"CDS"	"-"	3777232	3777238	"SL1344_3552"	"yhiI"	"-"	"SL1344_3552"	"yhiI"	3777018	3778086	"Origin"	75	82.35	72.22	71.43	8	17	72	7	79.998	72.15	"Constitutive"	"chromosome"	"intragenic"
"ST4-74.fa"	3780458	3780459	"ST4-74.fa_3780458_-"	"CDS"	"-"	3780457	3780463	"SL1344_3554"	"pitA"	"+"	"SL1344_3554"	"pitA"	3779941	3781315	"Origin"	100	94.74	94.12	100	7	19	51	7	96.1561538461538	94.8296551724138	"Constitutive"	"chromosome"	"intragenic"
"ST4-74.fa"	3781939	3781940	"ST4-74.fa_3781939_+"	"intergenic"	"+"	3781935	3781941	"SL1344_3555"	"uspB"	"-+"	"SL1344_3556"	"uspA"	3781790	3782177	"Origin"	75	76.92	64.44	66.67	4	13	45	9	76.4682352941176	64.8116666666667	"Constitutive"	"chromosome"	"intergenic"
"ST4-74.fa"	3782553	3782554	"ST4-74.fa_3782553_-"	"CDS"	"-"	3782552	3782558	"SL1344_3556"	"uspA"	"+"	"SL1344_3556"	"uspA"	3782177	3782612	"Origin"	100	80	92.73	77.78	8	25	55	9	84.8484848484848	90.62765625	"Constitutive"	"chromosome"	"intragenic"
"ST4-74.fa"	3782839	3782840	"ST4-74.fa_3782839_+"	"sRNA"	"+"	3782835	3782841	"STnc350"	"no"	"-"	"STnc350"	"no"	3782694	3782856	"Origin"	80	85	90.16	100	5	20	61	9	84	91.4251428571429	"Constitutive"	"chromosome"	"intragenic"
"ST4-74.fa"	3783132	3783133	"ST4-74.fa_3783132_-"	"CDS"	"-"	3783131	3783137	"SL1344_3557"	"yhiP"	"+"	"SL1344_3557"	"yhiP"	3782936	3784409	"Origin"	100	96.15	94.74	88.89	8	26	57	9	97.0558823529412	93.9422727272727	"Constitutive"	"chromosome"	"intragenic"
"ST4-74.fa"	3786571	3786572	"ST4-74.fa_3786571_-"	"CDS"	"-"	3786570	3786576	"SL1344_3559"	"prlC"	"-"	"SL1344_3559"	"prlC"	3785265	3787308	"Origin"	80	95	93.18	85.71	5	20	44	7	92	92.1547058823529	"Constitutive"	"chromosome"	"intragenic"
"ST4-74.fa"	3789041	3789042	"ST4-74.fa_3789041_-"	"CDS"	"-"	3789040	3789046	"SL1344_3561"	"yhiR"	"+"	"SL1344_3561"	"yhiR"	3788971	3789814	"Origin"	100	86.96	92.5	100	6	23	40	8	89.6579310344828	93.75	"Constitutive"	"chromosome"	"intragenic"
"ST4-74.fa"	3789449	3789450	"ST4-74.fa_3789449_-"	"CDS"	"-"	3789448	3789454	"SL1344_3561"	"yhiR"	"+"	"SL1344_3561"	"yhiR"	3788971	3789814	"Origin"	100	65	81.82	100	4	20	33	6	70.8333333333333	84.6169230769231	"Constitutive"	"chromosome"	"intragenic"
"ST4-74.fa"	3789665	3789666	"ST4-74.fa_3789665_+"	"CDS"	"+"	3789661	3789667	"SL1344_3561"	"yhiR"	"+"	"SL1344_3561"	"yhiR"	3788971	3789814	"Origin"	85.71	90	89.58	100	7	10	48	8	88.2335294117647	91.0685714285714	"Constitutive"	"chromosome"	"intragenic"
"ST4-74.fa"	3790687	3790688	"ST4-74.fa_3790687_-"	"CDS"	"-"	3790686	3790692	"SL1344_3562"	"gor"	"+"	"SL1344_3562"	"gor"	3789918	3791271	"Origin"	75	83.33	85.71	100	4	18	42	8	81.8154545454545	87.9964	"Constitutive"	"chromosome"	"intragenic"
"ST4-74.fa"	3791345	3791346	"ST4-74.fa_3791345_+"	"CDS"	"+"	3791341	3791347	"SL1344_3563"	"STM3598"	"-"	"SL1344_3563"	"STM3598"	3791317	3792361	"Origin"	87.5	28.57	71.74	66.67	8	7	46	3	59.9993333333333	71.4295918367347	"Constitutive"	"chromosome"	"intragenic"
"ST4-74.fa"	3795951	3795952	"ST4-74.fa_3795951_+"	"CDS"	"+"	3795947	3795953	"SL1344_3567"	"STM3602"	"-"	"SL1344_3567"	"STM3602"	3795854	3796574	"Origin"	40	92.31	93.1	100	5	13	58	9	77.7794444444444	94.0268656716418	"Constitutive"	"chromosome"	"intragenic"
"ST4-74.fa"	3797170	3797171	"ST4-74.fa_3797170_-"	"CDS"	"-"	3797169	3797175	"SL1344_3568"	"treF"	"+"	"SL1344_3568"	"treF"	3796899	3798549	"Origin"	85.71	93.75	93.48	85.71	7	16	46	7	91.3030434782609	92.4537735849057	"Constitutive"	"chromosome"	"intragenic"
"ST4-74.fa"	3798418	3798419	"ST4-74.fa_3798418_-"	"CDS"	"-"	3798417	3798423	"SL1344_3568"	"treF"	"+"	"SL1344_3568"	"treF"	3796899	3798549	"Origin"	100	91.67	96.23	76.92	6	12	53	13	94.4466666666667	92.4265151515152	"Constitutive"	"chromosome"	"intragenic"
"ST4-74.fa"	3801910	3801911	"ST4-74.fa_3801910_+"	"intergenic"	"+"	3801906	3801912	"STnc4020"	"no"	"++"	"SL1344_3572"	"yhjC"	3801265	3802026	"Origin"	100	76.92	92.86	100	9	13	70	10	86.3618181818182	93.7525	"Constitutive"	"chromosome"	"intergenic"
"ST4-74.fa"	3802280	3802281	"ST4-74.fa_3802280_-"	"CDS"	"-"	3802279	3802285	"SL1344_3572"	"yhjC"	"+"	"SL1344_3572"	"yhjC"	3802026	3802926	"Origin"	100	90	90.24	83.33	10	10	41	6	95	89.3578723404255	"Constitutive"	"chromosome"	"intragenic"
"ST4-74.fa"	3803536	3803537	"ST4-74.fa_3803536_+"	"CDS"	"+"	3803532	3803538	"SL1344_3573"	"yhjD"	"+"	"SL1344_3573"	"yhjD"	3802998	3804027	"Origin"	77.78	72.73	90.57	100	9	11	53	6	75.0025	91.5289830508475	"Constitutive"	"chromosome"	"intragenic"
"ST4-74.fa"	3807240	3807241	"ST4-74.fa_3807240_+"	"CDS"	"+"	3807236	3807242	"SL1344_3575"	"yhjG"	"-"	"SL1344_3575"	"yhjG"	3805739	3807800	"Origin"	100	92.31	91.07	85.71	7	13	56	14	95.0015	89.998	"Constitutive"	"chromosome"	"intragenic"
"ST4-74.fa"	380759	380760	"ST4-74.fa_380759_+"	"CDS"	"+"	380755	380761	"SL1344_0333"	"stbC"	"-"	"SL1344_0333"	"stbC"	380512	383080	"NSR"	100	91.67	94.44	88.89	8	12	54	9	95.002	93.6471428571429	"Constitutive"	"chromosome"	"intragenic"
"ST4-74.fa"	3808893	3808894	"ST4-74.fa_3808893_+"	"intergenic"	"+"	3808889	3808895	"SL1344_3576"	"yhjH"	"-+"	"SL1344_3577"	"kdgK"	3808677	3808905	"Origin"	77.78	73.33	76.47	88.89	9	15	51	9	74.99875	78.333	"Constitutive"	"chromosome"	"intergenic"
"ST4-74.fa"	3811385	3811386	"ST4-74.fa_3811385_-"	"intergenic"	"-"	3811384	3811390	"SL1344_3578"	"yhjJ"	"--"	"SL1344_3579"	"dctA"	3811376	3811595	"Origin"	66.67	64.29	64.86	71.43	6	14	37	7	65.004	65.9052272727273	"Constitutive"	"chromosome"	"intergenic"
"ST4-74.fa"	3814444	3814445	"ST4-74.fa_3814444_+"	"CDS"	"+"	3814440	3814446	"SL1344_3580"	"yhjK"	"-"	"SL1344_3580"	"yhjK"	3813039	3814959	"Origin"	100	78.57	89.09	100	4	14	55	11	83.3322222222222	90.9083333333333	"Constitutive"	"chromosome"	"intragenic"
"ST4-74.fa"	3814543	3814544	"ST4-74.fa_3814543_+"	"CDS"	"+"	3814539	3814545	"SL1344_3580"	"yhjK"	"-"	"SL1344_3580"	"yhjK"	3813039	3814959	"Origin"	75	81.82	79.41	77.78	4	11	34	9	80.0013333333333	79.0688372093023	"Constitutive"	"chromosome"	"intragenic"
"ST4-74.fa"	3818526	3818527	"ST4-74.fa_3818526_+"	"CDS"	"+"	3818522	3818528	"SL1344_3581"	"yhjL"	"-"	"SL1344_3581"	"yhjL"	3815219	3818762	"Origin"	100	75	75.76	57.14	4	8	33	7	83.3333333333333	72.5015	"Constitutive"	"chromosome"	"intragenic"
"ST4-74.fa"	3818816	3818817	"ST4-74.fa_3818816_-"	"CDS"	"-"	3818815	3818821	"SL1344_3582"	"bcsC"	"-"	"SL1344_3582"	"bcsC"	3818743	3819853	"Origin"	85.71	100	96.23	100	7	12	53	9	94.7352631578947	96.7772580645161	"Constitutive"	"chromosome"	"intragenic"
"ST4-74.fa"	3819132	3819133	"ST4-74.fa_3819132_-"	"CDS"	"-"	3819131	3819137	"SL1344_3582"	"bcsC"	"-"	"SL1344_3582"	"bcsC"	3818743	3819853	"Origin"	83.33	100	86.05	100	6	5	43	6	90.9072727272727	87.7581632653061	"Constitutive"	"chromosome"	"intragenic"
"ST4-74.fa"	3819137	3819138	"ST4-74.fa_3819137_+"	"CDS"	"+"	3819133	3819139	"SL1344_3582"	"bcsC"	"-"	"SL1344_3582"	"bcsC"	3818743	3819853	"Origin"	100	85.71	97.87	91.67	3	14	47	12	88.2317647058823	96.6089830508475	"Constitutive"	"chromosome"	"intragenic"
"ST4-74.fa"	3820175	3820176	"ST4-74.fa_3820175_-"	"CDS"	"-"	3820174	3820180	"SL1344_3583"	"yhjN"	"-"	"SL1344_3583"	"yhjN"	3819856	3822157	"Origin"	90	91.67	85.11	100	10	12	47	6	90.9109090909091	86.7956603773585	"Constitutive"	"chromosome"	"intragenic"
"ST4-74.fa"	3823179	3823180	"ST4-74.fa_3823179_+"	"CDS"	"+"	3823175	3823181	"SL1344_3584"	"bcsA"	"-"	"SL1344_3584"	"bcsA"	3822167	3824792	"Origin"	100	63.16	80	58.33	5	19	35	12	70.835	74.4672340425532	"Constitutive"	"chromosome"	"intragenic"
"ST4-74.fa"	3824301	3824302	"ST4-74.fa_3824301_+"	"CDS"	"+"	3824297	3824303	"SL1344_3584"	"bcsA"	"-"	"SL1344_3584"	"bcsA"	3822167	3824792	"Origin"	57.14	84.21	80.39	83.33	7	19	51	12	76.9219230769231	80.95	"Constitutive"	"chromosome"	"intragenic"
"ST4-74.fa"	3825035	3825036	"ST4-74.fa_3825035_+"	"CDS"	"+"	3825031	3825037	"SL1344_3585"	"yhjQ"	"-"	"SL1344_3585"	"yhjQ"	3824788	3825541	"Origin"	80	72.73	74.19	54.55	5	11	62	11	75.001875	71.2305479452055	"Constitutive"	"chromosome"	"intragenic"
"ST4-74.fa"	3828070	3828071	"ST4-74.fa_3828070_-"	"CDS"	"-"	3828069	3828075	"SL1344_3589"	"yhjU"	"+"	"SL1344_3589"	"yhjU"	3827745	3829425	"Origin"	85.71	95.65	92.98	75	14	23	57	8	91.8889189189189	90.7670769230769	"Constitutive"	"chromosome"	"intragenic"
"ST4-74.fa"	3831686	3831687	"ST4-74.fa_3831686_-"	"CDS"	"-"	3831685	3831691	"SL1344_3592"	"dppF"	"-"	"SL1344_3592"	"dppF"	3831655	3832669	"Origin"	91.67	88.24	85.42	100	12	17	48	3	89.6593103448276	86.2776470588235	"Constitutive"	"chromosome"	"intragenic"
"ST4-74.fa"	3832289	3832290	"ST4-74.fa_3832289_+"	"CDS"	"+"	3832285	3832291	"SL1344_3592"	"dppF"	"-"	"SL1344_3592"	"dppF"	3831655	3832669	"Origin"	83.33	84.62	92.11	87.5	6	13	38	8	84.2126315789474	91.3082608695652	"Constitutive"	"chromosome"	"intragenic"
"ST4-74.fa"	3833906	3833907	"ST4-74.fa_3833906_+"	"CDS"	"+"	3833902	3833908	"SL1344_3594"	"dppC"	"-"	"SL1344_3594"	"dppC"	3833659	3834562	"Origin"	91.67	89.47	92.31	100	12	19	39	6	90.3216129032258	93.3353333333333	"Constitutive"	"chromosome"	"intragenic"
"ST4-74.fa"	3834710	3834711	"ST4-74.fa_3834710_+"	"CDS"	"+"	3834706	3834712	"SL1344_3595"	"dppB"	"-"	"SL1344_3595"	"dppB"	3834571	3835591	"Origin"	83.33	40	50	33.33	6	20	40	3	49.9992307692308	48.836976744186	"Constitutive"	"chromosome"	"intragenic"
"ST4-74.fa"	3835034	3835035	"ST4-74.fa_3835034_+"	"CDS"	"+"	3835030	3835036	"SL1344_3595"	"dppB"	"-"	"SL1344_3595"	"dppB"	3834571	3835591	"Origin"	84.62	95	94.44	87.5	13	20	54	8	90.9109090909091	93.5445161290323	"Constitutive"	"chromosome"	"intragenic"
"ST4-74.fa"	3835136	3835137	"ST4-74.fa_3835136_+"	"CDS"	"+"	3835132	3835138	"SL1344_3595"	"dppB"	"-"	"SL1344_3595"	"dppB"	3834571	3835591	"Origin"	90.91	85	93.33	57.14	11	20	45	7	87.0970967741936	88.4582692307692	"Constitutive"	"chromosome"	"intragenic"
"ST4-74.fa"	3835853	3835854	"ST4-74.fa_3835853_+"	"CDS"	"+"	3835849	3835855	"SL1344_3596"	"dppA"	"-"	"SL1344_3596"	"dppA"	3835747	3837304	"Origin"	84.62	92.31	85.71	85.71	13	13	56	7	88.465	85.71	"Constitutive"	"chromosome"	"intragenic"
"ST4-74.fa"	3836345	3836346	"ST4-74.fa_3836345_+"	"CDS"	"+"	3836341	3836347	"SL1344_3596"	"dppA"	"-"	"SL1344_3596"	"dppA"	3835747	3837304	"Origin"	81.82	83.33	87.27	71.43	11	18	55	7	82.7572413793103	85.4816129032258	"Constitutive"	"chromosome"	"intragenic"
"ST4-74.fa"	3839117	3839118	"ST4-74.fa_3839117_+"	"CDS"	"+"	3839113	3839119	"SL1344_3597"	"STM3631"	"-"	"SL1344_3597"	"STM3631"	3837910	3839236	"Origin"	50	36.36	51.61	20	4	11	31	5	39.9973333333333	47.2197222222222	"Constitutive"	"chromosome"	"intragenic"
"ST4-74.fa"	3841312	3841313	"ST4-74.fa_3841312_-"	"CDS"	"-"	3841311	3841317	"SL1344_3599"	"STM3633"	"+"	"SL1344_3599"	"STM3633"	3840567	3841575	"Origin"	100	95.24	90.91	100	14	21	44	5	97.144	91.8375510204082	"Constitutive"	"chromosome"	"intragenic"
"ST4-74.fa"	3841518	3841519	"ST4-74.fa_3841518_+"	"CDS"	"+"	3841514	3841520	"SL1344_3599"	"STM3633"	"+"	"SL1344_3599"	"STM3633"	3840567	3841575	"Origin"	88.89	78.57	71.05	66.67	9	14	38	6	82.6082608695652	70.4527272727273	"Constitutive"	"chromosome"	"intragenic"
"ST4-74.fa"	3842241	3842242	"ST4-74.fa_3842241_-"	"CDS"	"-"	3842240	3842246	"SL1344_3600"	"yhjW"	"-"	"SL1344_3600"	"yhjW"	3841901	3843593	"Origin"	100	86.36	95.65	85.71	13	22	46	7	91.4262857142857	94.3371698113208	"Constitutive"	"chromosome"	"intragenic"
"ST4-74.fa"	3846187	3846188	"ST4-74.fa_3846187_-"	"CDS"	"-"	3846186	3846192	"SL1344_3604"	"lpfC"	"-"	"SL1344_3604"	"lpfC"	3845430	3847959	"Origin"	100	89.47	85.71	100	7	19	49	5	92.305	87.0331481481481	"Constitutive"	"chromosome"	"intragenic"
"ST4-74.fa"	3847507	3847508	"ST4-74.fa_3847507_+"	"CDS"	"+"	3847503	3847509	"SL1344_3604"	"lpfC"	"-"	"SL1344_3604"	"lpfC"	3845430	3847959	"Origin"	81.82	81.25	82.35	42.86	11	16	51	7	81.4822222222222	77.5839655172414	"Constitutive"	"chromosome"	"intragenic"
"ST4-74.fa"	3847816	3847817	"ST4-74.fa_3847816_-"	"CDS"	"-"	3847815	3847821	"SL1344_3604"	"lpfC"	"-"	"SL1344_3604"	"lpfC"	3845430	3847959	"Origin"	83.33	93.75	92.98	85.71	6	16	57	7	90.9081818181818	92.18484375	"Constitutive"	"chromosome"	"intragenic"
"ST4-74.fa"	3853316	3853317	"ST4-74.fa_3853316_+"	"CDS"	"+"	3853312	3853318	"SL1344_3610"	"bisC"	"-"	"SL1344_3610"	"bisC"	3851635	3853969	"Origin"	54.55	70	56	100	11	10	50	5	61.9071428571429	60	"Constitutive"	"chromosome"	"intragenic"
"ST4-74.fa"	3853691	3853692	"ST4-74.fa_3853691_+"	"CDS"	"+"	3853687	3853693	"SL1344_3610"	"bisC"	"-"	"SL1344_3610"	"bisC"	3851635	3853969	"Origin"	100	70	91.11	100	8	10	45	5	83.3333333333333	91.999	"Constitutive"	"chromosome"	"intragenic"
"ST4-74.fa"	3854647	3854648	"ST4-74.fa_3854647_-"	"CDS"	"-"	3854646	3854652	"SL1344_3611"	"yiaD"	"+"	"SL1344_3611"	"yiaD"	3854154	3854784	"Origin"	71.43	87.5	86.54	100	7	24	52	8	83.8712903225806	88.3346666666667	"Constitutive"	"chromosome"	"intragenic"
"ST4-74.fa"	3856237	3856238	"ST4-74.fa_3856237_+"	"CDS"	"+"	3856233	3856239	"SL1344_3613"	"yiaF"	"-"	"SL1344_3613"	"yiaF"	3856026	3856737	"Origin"	90.91	75	86.54	100	11	16	52	5	81.4818518518519	87.720701754386	"Constitutive"	"chromosome"	"intragenic"
"ST4-74.fa"	3856285	3856286	"ST4-74.fa_3856285_-"	"CDS"	"-"	3856284	3856290	"SL1344_3613"	"yiaF"	"-"	"SL1344_3613"	"yiaF"	3856026	3856737	"Origin"	85.71	84.21	94.23	87.5	7	19	52	8	84.6138461538461	93.3326666666667	"Constitutive"	"chromosome"	"intragenic"
"ST4-74.fa"	3856561	3856562	"ST4-74.fa_3856561_-"	"CDS"	"-"	3856560	3856566	"SL1344_3613"	"yiaF"	"-"	"SL1344_3613"	"yiaF"	3856026	3856737	"Origin"	88.89	90	83.72	88.89	9	20	43	9	89.6555172413793	84.6148076923077	"Constitutive"	"chromosome"	"intragenic"
"ST4-74.fa"	3856639	3856640	"ST4-74.fa_3856639_-"	"CDS"	"-"	3856638	3856644	"SL1344_3613"	"yiaF"	"-"	"SL1344_3613"	"yiaF"	3856026	3856737	"Origin"	83.33	94.44	97.78	80	6	18	45	10	91.6625	94.5472727272727	"Constitutive"	"chromosome"	"intragenic"
"ST4-74.fa"	3858279	3858280	"ST4-74.fa_3858279_+"	"CDS"	"+"	3858275	3858281	"SL1344_3616"	"STM3650"	"+"	"SL1344_3616"	"STM3650"	3858263	3858680	"Origin"	100	94.12	95.65	100	12	17	46	8	96.5531034482759	96.2944444444445	"Constitutive"	"chromosome"	"intragenic"
"ST4-74.fa"	3860884	3860885	"ST4-74.fa_3860884_-"	"intergenic"	"-"	3860883	3860889	"SL1344_3619"	"yafP"	"--"	"SL1344_3620"	"glyS"	3860457	3861085	"Origin"	77.78	82.35	82	92.86	9	17	50	14	80.7680769230769	84.375625	"Constitutive"	"chromosome"	"intergenic"
"ST4-74.fa"	3862844	3862845	"ST4-74.fa_3862844_-"	"CDS"	"-"	3862843	3862849	"SL1344_3620"	"glyS"	"-"	"SL1344_3620"	"glyS"	3861085	3863155	"Origin"	85.71	89.47	100	100	7	19	47	12	88.4576923076923	100	"Constitutive"	"chromosome"	"intragenic"
"ST4-74.fa"	386639	386640	"ST4-74.fa_386639_-"	"CDS"	"-"	386638	386644	"SL1344_0338"	"STM0343"	"+"	"SL1344_0338"	"STM0343"	386593	388168	"NSR"	85.71	84.62	96	100	7	13	50	11	85.0015	96.7213114754098	"Constitutive"	"chromosome"	"intragenic"
"ST4-74.fa"	3868176	3868177	"ST4-74.fa_3868176_-"	"CDS"	"-"	3868175	3868181	"SL1344_3626"	"xylA"	"-"	"SL1344_3626"	"xylA"	3867782	3869105	"Origin"	100	100	95.12	100	5	13	41	12	100	96.2249056603774	"Constitutive"	"chromosome"	"intragenic"
"ST4-74.fa"	3870464	3870465	"ST4-74.fa_3870464_-"	"CDS"	"-"	3870463	3870469	"SL1344_3627"	"xylR"	"+"	"SL1344_3627"	"xylR"	3869467	3870646	"Origin"	83.33	88.24	91.67	92.86	6	17	36	14	86.9591304347826	92.0032	"Constitutive"	"chromosome"	"intragenic"
"ST4-74.fa"	3870725	3870726	"ST4-74.fa_3870725_+"	"CDS"	"+"	3870721	3870727	"SL1344_3628"	"bax"	"-"	"SL1344_3628"	"bax"	3870706	3871531	"Origin"	62.5	90	90.91	88.89	8	10	44	9	77.7777777777778	90.5669811320755	"Constitutive"	"chromosome"	"intragenic"
"ST4-74.fa"	3870830	3870831	"ST4-74.fa_3870830_-"	"CDS"	"-"	3870829	3870835	"SL1344_3628"	"bax"	"-"	"SL1344_3628"	"bax"	3870706	3871531	"Origin"	100	70	75	100	4	10	36	15	78.5714285714286	82.3529411764706	"Constitutive"	"chromosome"	"intragenic"
"ST4-74.fa"	3871226	3871227	"ST4-74.fa_3871226_+"	"CDS"	"+"	3871222	3871228	"SL1344_3628"	"bax"	"-"	"SL1344_3628"	"bax"	3870706	3871531	"Origin"	100	75	88.24	100	5	12	51	7	82.3529411764706	89.6593103448276	"Constitutive"	"chromosome"	"intragenic"
"ST4-74.fa"	3876210	3876211	"ST4-74.fa_3876210_-"	"CDS"	"-"	3876209	3876215	"SL1344_3632"	"yiaJ"	"-"	"SL1344_3632"	"yiaJ"	3875924	3876725	"Origin"	100	66.67	67.57	66.67	11	21	37	12	78.1271875	67.3495918367347	"Constitutive"	"chromosome"	"intragenic"
"ST4-74.fa"	3876754	3876755	"ST4-74.fa_3876754_+"	"intergenic"	"+"	3876750	3876756	"SL1344_3632"	"yiaJ"	"-+"	"SL1344_3633"	"yiaK"	3876725	3876954	"Origin"	62.5	81.82	66	40	8	11	50	5	73.6852631578947	63.6363636363636	"Constitutive"	"chromosome"	"intergenic"
"ST4-74.fa"	3877429	3877430	"ST4-74.fa_3877429_-"	"CDS"	"-"	3877428	3877434	"SL1344_3633"	"yiaK"	"+"	"SL1344_3633"	"yiaK"	3876954	3877953	"Origin"	100	86.36	91.67	78.95	7	22	48	19	89.6524137931034	88.0628358208955	"Constitutive"	"chromosome"	"intragenic"
"ST4-74.fa"	3877765	3877766	"ST4-74.fa_3877765_-"	"CDS"	"-"	3877764	3877770	"SL1344_3633"	"yiaK"	"+"	"SL1344_3633"	"yiaK"	3876954	3877953	"Origin"	100	100	92.59	95	9	22	54	20	100	93.2413513513514	"Constitutive"	"chromosome"	"intragenic"
"ST4-74.fa"	3877990	3877991	"ST4-74.fa_3877990_-"	"CDS"	"-"	3877989	3877995	"SL1344_3634"	"yiaL"	"+"	"SL1344_3634"	"yiaL"	3877964	3878429	"Origin"	100	95.83	94.12	100	8	24	51	19	96.8725	95.716	"Constitutive"	"chromosome"	"intragenic"
"ST4-74.fa"	3879086	3879087	"ST4-74.fa_3879086_-"	"CDS"	"-"	3879085	3879091	"SL1344_3635"	"STM3670"	"+"	"SL1344_3635"	"STM3670"	3878452	3879385	"Origin"	75	76.47	75.76	63.64	4	17	33	11	76.19	72.73	"Constitutive"	"chromosome"	"intragenic"
"ST4-74.fa"	38791	38792	"ST4-74.fa_38791_+"	"CDS"	"+"	38787	38793	"SL1344_0035"	"STM0034"	"-"	"SL1344_0035"	"STM0034"	38772	39534	"NSR"	87.5	100	95.56	66.67	8	21	45	3	96.551724137931	93.754375	"Constitutive"	"chromosome"	"intragenic"
"ST4-74.fa"	3880500	3880501	"ST4-74.fa_3880500_+"	"CDS"	"+"	3880496	3880502	"SL1344_3637"	"yiaN"	"+"	"SL1344_3637"	"yiaN"	3879999	3881277	"Origin"	100	88.24	91.07	90	8	17	56	10	92.0032	90.9078787878788	"Constitutive"	"chromosome"	"intragenic"
"ST4-74.fa"	3881516	3881517	"ST4-74.fa_3881516_+"	"CDS"	"+"	3881512	3881518	"SL1344_3638"	"yiaO"	"+"	"SL1344_3638"	"yiaO"	3881288	3882275	"Origin"	87.5	91.67	91.67	75	8	12	48	12	90.002	88.336	"Constitutive"	"chromosome"	"intragenic"
"ST4-74.fa"	3882111	3882112	"ST4-74.fa_3882111_+"	"CDS"	"+"	3882107	3882113	"SL1344_3638"	"yiaO"	"+"	"SL1344_3638"	"yiaO"	3881288	3882275	"Origin"	66.67	90	71.15	66.67	6	10	52	9	81.25125	70.4890163934426	"Constitutive"	"chromosome"	"intragenic"
"ST4-74.fa"	3891701	3891702	"ST4-74.fa_3891701_-"	"CDS"	"-"	3891700	3891706	"SL1344_3646"	"STM3681"	"+"	"SL1344_3646"	"STM3681"	3890995	3891877	"Origin"	75	90.91	92.59	78.57	12	22	54	14	85.2947058823529	89.7035294117647	"Constitutive"	"chromosome"	"intragenic"
"ST4-74.fa"	3892627	3892628	"ST4-74.fa_3892627_+"	"CDS"	"+"	3892623	3892629	"SL1344_3647"	"selB"	"-"	"SL1344_3647"	"selB"	3892161	3894012	"Origin"	100	88.89	86.36	100	5	18	44	7	91.3052173913044	88.2321568627451	"Constitutive"	"chromosome"	"intragenic"
"ST4-74.fa"	3893089	3893090	"ST4-74.fa_3893089_+"	"CDS"	"+"	3893085	3893091	"SL1344_3647"	"selB"	"-"	"SL1344_3647"	"selB"	3892161	3894012	"Origin"	87.5	73.68	90.62	75	8	19	32	4	77.7748148148148	88.8844444444445	"Constitutive"	"chromosome"	"intragenic"
"ST4-74.fa"	389946	389947	"ST4-74.fa_389946_+"	"CDS"	"+"	389942	389948	"SL1344_0341"	"STM0346"	"+"	"SL1344_0341"	"STM0346"	389873	390398	"NSR"	100	81.82	97.5	100	5	11	40	10	87.50125	98	"Constitutive"	"chromosome"	"intragenic"
"ST4-74.fa"	3899494	3899495	"ST4-74.fa_3899494_-"	"CDS"	"-"	3899493	3899499	"SL1344_3651"	"mtlD"	"+"	"SL1344_3651"	"mtlD"	3898719	3899868	"Origin"	93.33	95.45	88.24	90	15	22	51	10	94.5905405405405	88.5285245901639	"Constitutive"	"chromosome"	"intragenic"
"ST4-74.fa"	3899638	3899639	"ST4-74.fa_3899638_-"	"CDS"	"-"	3899637	3899643	"SL1344_3651"	"mtlD"	"+"	"SL1344_3651"	"mtlD"	3898719	3899868	"Origin"	76.92	77.27	87.76	83.33	13	22	49	6	77.14	87.2767272727273	"Constitutive"	"chromosome"	"intragenic"
"ST4-74.fa"	3904002	3904003	"ST4-74.fa_3904002_+"	"CDS"	"+"	3903998	3904004	"SL1344_3656"	"sadA"	"+"	"SL1344_3656"	"sadA"	3902543	3906929	"Origin"	100	76.92	76.36	100	7	13	55	11	84.998	80.3	"Constitutive"	"chromosome"	"intragenic"
"ST4-74.fa"	3904761	3904762	"ST4-74.fa_3904761_+"	"CDS"	"+"	3904757	3904763	"SL1344_3656"	"sadA"	"+"	"SL1344_3656"	"sadA"	3902543	3906929	"Origin"	88.89	68.75	81.63	100	9	16	49	9	76.0004	84.4805172413793	"Constitutive"	"chromosome"	"intragenic"
"ST4-74.fa"	3907282	3907283	"ST4-74.fa_3907282_-"	"CDS"	"-"	3907281	3907287	"SL1344_3657"	"lctP"	"+"	"SL1344_3657"	"lctP"	3907227	3908883	"Origin"	100	95.45	91.04	100	10	22	67	14	96.871875	92.5886419753086	"Constitutive"	"chromosome"	"intragenic"
"ST4-74.fa"	3908086	3908087	"ST4-74.fa_3908086_+"	"CDS"	"+"	3908082	3908088	"SL1344_3657"	"lctP"	"+"	"SL1344_3657"	"lctP"	3907227	3908883	"Origin"	87.5	73.33	92.06	90	8	15	63	10	78.2586956521739	91.7778082191781	"Constitutive"	"chromosome"	"intragenic"
"ST4-74.fa"	3908812	3908813	"ST4-74.fa_3908812_-"	"CDS"	"-"	3908811	3908817	"SL1344_3657"	"lctP"	"+"	"SL1344_3657"	"lctP"	3907227	3908883	"Origin"	88.89	84	88.24	100	9	25	68	15	85.2944117647059	90.3653012048193	"Constitutive"	"chromosome"	"intragenic"
"ST4-74.fa"	3911410	3911411	"ST4-74.fa_3911410_-"	"intergenic"	"-"	3911409	3911415	"SL1344_3660"	"yibK"	"+-"	"SL1344_3661"	"STM3696"	3911380	3911447	"Origin"	83.33	100	100	93.33	12	25	59	15	94.5935135135135	98.647972972973	"Constitutive"	"chromosome"	"intergenic"
"ST4-74.fa"	391175	391176	"ST4-74.fa_391175_+"	"CDS"	"+"	391171	391177	"SL1344_0342"	"STM0347"	"+"	"SL1344_0342"	"STM0347"	390541	391183	"NSR"	83.33	70	86	100	6	10	50	9	74.99875	88.135593220339	"Constitutive"	"chromosome"	"intragenic"
"ST4-74.fa"	3919014	3919015	"ST4-74.fa_3919014_-"	"CDS"	"-"	3919013	3919019	"SL1344_3670"	"pmgI"	"+"	"SL1344_3670"	"pmgI"	3918878	3920423	"Origin"	93.33	95.83	89.36	83.33	15	24	47	6	94.8684615384615	88.677358490566	"Constitutive"	"chromosome"	"intragenic"
"ST4-74.fa"	3919953	3919954	"ST4-74.fa_3919953_-"	"CDS"	"-"	3919952	3919958	"SL1344_3670"	"pmgI"	"+"	"SL1344_3670"	"pmgI"	3918878	3920423	"Origin"	90.91	87.5	73.81	100	11	24	42	9	88.5717142857143	78.4317647058824	"Constitutive"	"chromosome"	"intragenic"
"ST4-74.fa"	3920727	3920728	"ST4-74.fa_3920727_+"	"CDS"	"+"	3920723	3920729	"SL1344_3671"	"yibP"	"+"	"SL1344_3671"	"yibP"	3920432	3921716	"Origin"	91.67	78.26	61.36	77.78	12	23	44	9	82.8577142857143	64.1483018867925	"Constitutive"	"chromosome"	"intragenic"
"ST4-74.fa"	3924320	3924321	"ST4-74.fa_3924320_+"	"CDS"	"+"	3924316	3924322	"SL1344_3674"	"tdh"	"-"	"SL1344_3674"	"tdh"	3924196	3925222	"Origin"	88.89	94.44	92.31	90	9	18	39	10	92.59	91.8385714285714	"Constitutive"	"chromosome"	"intragenic"
"ST4-74.fa"	3925898	3925899	"ST4-74.fa_3925898_+"	"CDS"	"+"	3925894	3925900	"SL1344_3675"	"kbl"	"-"	"SL1344_3675"	"kbl"	3925231	3926428	"Origin"	83.33	75	85.71	90	6	16	35	10	77.2718181818182	86.6633333333333	"Constitutive"	"chromosome"	"intragenic"
"ST4-74.fa"	3926799	3926800	"ST4-74.fa_3926799_-"	"CDS"	"-"	3926798	3926804	"SL1344_3676"	"rfaD"	"+"	"SL1344_3676"	"rfaD"	3926630	3927563	"Origin"	90.91	89.47	83.33	75	11	19	42	4	89.998	82.605652173913	"Constitutive"	"chromosome"	"intragenic"
"ST4-74.fa"	3928109	3928110	"ST4-74.fa_3928109_-"	"CDS"	"-"	3928108	3928114	"SL1344_3677"	"rfaF"	"+"	"SL1344_3677"	"rfaF"	3927565	3928612	"Origin"	57.14	90	77.78	50	7	10	36	6	76.4694117647059	73.8114285714286	"Constitutive"	"chromosome"	"intragenic"
"ST4-74.fa"	3928544	3928545	"ST4-74.fa_3928544_-"	"CDS"	"-"	3928543	3928549	"SL1344_3677"	"rfaF"	"+"	"SL1344_3677"	"rfaF"	3927565	3928612	"Origin"	91.67	93.75	90.91	100	12	16	44	6	92.8585714285714	92.0008	"Constitutive"	"chromosome"	"intragenic"
"ST4-74.fa"	3931675	3931676	"ST4-74.fa_3931675_-"	"CDS"	"-"	3931674	3931680	"SL1344_3680"	"rfaK"	"-"	"SL1344_3680"	"rfaK"	3930875	3931739	"Origin"	45.45	70	80.65	90	11	20	31	10	61.2887096774194	82.9304878048781	"Constitutive"	"chromosome"	"intragenic"
"ST4-74.fa"	3933082	3933083	"ST4-74.fa_3933082_+"	"CDS"	"+"	3933078	3933084	"SL1344_3682"	"rfaY"	"-"	"SL1344_3682"	"rfaY"	3933080	3933635	"Origin"	100	95	88.1	88.89	7	20	42	9	96.2962962962963	88.2394117647059	"Constitutive"	"chromosome"	"intragenic"
"ST4-74.fa"	3933082	3933083	"ST4-74.fa_3933082_+"	"intergenic"	"+"	3933078	3933084	"SL1344_3681"	"rfaZ"	"--"	"SL1344_3682"	"rfaY"	3932931	3933080	"Origin"	100	95	88.1	88.89	7	20	42	9	96.2962962962963	88.2394117647059	"Constitutive"	"chromosome"	"intergenic"
"ST4-74.fa"	3933259	3933260	"ST4-74.fa_3933259_-"	"CDS"	"-"	3933258	3933264	"SL1344_3682"	"rfaY"	"-"	"SL1344_3682"	"rfaY"	3933080	3933635	"Origin"	81.82	83.33	69.44	75	11	24	36	8	82.8554285714286	70.4509090909091	"Constitutive"	"chromosome"	"intragenic"
"ST4-74.fa"	393388	393389	"ST4-74.fa_393388_-"	"CDS"	"-"	393387	393393	"SL1344_0346"	"STM0351"	"-"	"SL1344_0346"	"STM0351"	393378	396546	"NSR"	77.78	83.33	88.46	100	9	12	52	9	80.9514285714286	90.1626229508197	"Constitutive"	"chromosome"	"intragenic"
"ST4-74.fa"	3934171	3934172	"ST4-74.fa_3934171_-"	"CDS"	"-"	3934170	3934176	"SL1344_3683"	"rfaJ"	"-"	"SL1344_3683"	"rfaJ"	3933801	3934812	"Origin"	66.67	79.17	82.61	88.89	9	24	46	9	75.7609090909091	83.6376363636364	"Constitutive"	"chromosome"	"intragenic"
"ST4-74.fa"	3935184	3935185	"ST4-74.fa_3935184_-"	"CDS"	"-"	3935183	3935189	"SL1344_3684"	"rfaI"	"-"	"SL1344_3684"	"rfaI"	3934829	3935843	"Origin"	83.33	90.48	86.79	81.82	12	21	53	11	87.88	85.93578125	"Constitutive"	"chromosome"	"intragenic"
"ST4-74.fa"	393862	393863	"ST4-74.fa_393862_+"	"CDS"	"+"	393858	393864	"SL1344_0346"	"STM0351"	"-"	"SL1344_0346"	"STM0351"	393378	396546	"NSR"	62.5	87.5	97.56	100	8	8	41	6	75	97.8714893617021	"Constitutive"	"chromosome"	"intragenic"
"ST4-74.fa"	3939954	3939955	"ST4-74.fa_3939954_-"	"CDS"	"-"	3939953	3939959	"SL1344_3689"	"rfaQ"	"-"	"SL1344_3689"	"rfaQ"	3939173	3940208	"Origin"	66.67	76.92	90.48	90	9	13	42	10	72.7268181818182	90.3876923076923	"Constitutive"	"chromosome"	"intragenic"
"ST4-74.fa"	3940698	3940699	"ST4-74.fa_3940698_-"	"intergenic"	"-"	3940697	3940703	"SL1344_3689"	"rfaQ"	"-+"	"SL1344_3690"	"kdtA"	3940208	3940718	"Origin"	81.82	90.91	86.96	81.82	11	11	46	11	86.365	85.9680701754386	"Constitutive"	"chromosome"	"intergenic"
"ST4-74.fa"	3941742	3941743	"ST4-74.fa_3941742_+"	"CDS"	"+"	3941738	3941744	"SL1344_3690"	"kdtA"	"+"	"SL1344_3690"	"kdtA"	3940718	3941930	"Origin"	100	82.61	89.58	83.33	12	23	48	6	88.5722857142857	88.8855555555556	"Constitutive"	"chromosome"	"intragenic"
"ST4-74.fa"	3945115	3945116	"ST4-74.fa_3945115_-"	"CDS"	"-"	3945114	3945120	"SL1344_3696"	"dfp"	"+"	"SL1344_3696"	"dfp"	3944832	3946056	"Origin"	87.5	89.47	91.67	92.86	8	19	48	14	88.8862962962963	91.9387096774194	"Constitutive"	"chromosome"	"intragenic"
"ST4-74.fa"	3950087	3950088	"ST4-74.fa_3950087_+"	"CDS"	"+"	3950083	3950089	"SL1344_3702"	"STM3736"	"-"	"SL1344_3702"	"STM3736"	3949748	3950606	"Origin"	90	90.91	83.33	100	10	22	42	7	90.625625	85.7114285714286	"Constitutive"	"chromosome"	"intragenic"
"ST4-74.fa"	3951133	3951134	"ST4-74.fa_3951133_+"	"CDS"	"+"	3951129	3951135	"SL1344_3703"	"STM3737"	"+"	"SL1344_3703"	"STM3737"	3950724	3951606	"Origin"	100	82.35	91.11	75	10	17	45	8	88.887037037037	88.6783018867925	"Constitutive"	"chromosome"	"intragenic"
"ST4-74.fa"	3953062	3953063	"ST4-74.fa_3953062_-"	"CDS"	"-"	3953061	3953067	"SL1344_3705"	"ligB"	"-"	"SL1344_3705"	"ligB"	3952470	3954156	"Origin"	75	91.67	81.58	80	4	24	38	5	89.2885714285714	81.3962790697674	"Constitutive"	"chromosome"	"intragenic"
"ST4-74.fa"	3953674	3953675	"ST4-74.fa_3953674_+"	"CDS"	"+"	3953670	3953676	"SL1344_3705"	"ligB"	"-"	"SL1344_3705"	"ligB"	3952470	3954156	"Origin"	77.78	85.71	70	66.67	9	7	40	6	81.249375	69.565652173913	"Constitutive"	"chromosome"	"intragenic"
"ST4-74.fa"	3956369	3956370	"ST4-74.fa_3956369_+"	"CDS"	"+"	3956365	3956371	"SL1344_3708"	"spoT"	"+"	"SL1344_3708"	"spoT"	3955384	3957496	"Origin"	83.33	89.47	72.55	100	6	19	51	7	87.9964	75.8629310344827	"Constitutive"	"chromosome"	"intragenic"
"ST4-74.fa"	3957553	3957554	"ST4-74.fa_3957553_-"	"CDS"	"-"	3957552	3957558	"SL1344_3709"	"spoU"	"+"	"SL1344_3709"	"spoU"	3957500	3958190	"Origin"	85.71	43.75	47.22	42.86	7	16	36	7	56.5204347826087	46.5102325581395	"Constitutive"	"chromosome"	"intragenic"
"ST4-74.fa"	3958700	3958701	"ST4-74.fa_3958700_+"	"CDS"	"+"	3958696	3958702	"SL1344_3710"	"recG"	"+"	"SL1344_3710"	"recG"	3958195	3960277	"Origin"	100	95	96.23	92.31	9	20	53	13	96.551724137931	95.4578787878788	"Constitutive"	"chromosome"	"intragenic"
"ST4-74.fa"	3961749	3961750	"ST4-74.fa_3961749_-"	"CDS"	"-"	3961748	3961754	"SL1344_3712"	"gltS"	"-"	"SL1344_3712"	"gltS"	3961133	3962339	"Origin"	100	94.44	92.31	100	12	18	52	15	96.664	94.0316417910448	"Constitutive"	"chromosome"	"intragenic"
"ST4-74.fa"	3964112	3964113	"ST4-74.fa_3964112_-"	"CDS"	"-"	3964111	3964117	"SL1344_3714"	"yicH"	"+"	"SL1344_3714"	"yicH"	3964078	3965788	"Origin"	100	100	97.56	85.71	10	17	41	14	100	94.5436363636364	"Constitutive"	"chromosome"	"intragenic"
"ST4-74.fa"	396786	396787	"ST4-74.fa_396786_+"	"CDS"	"+"	396782	396788	"SL1344_0347"	"STM0352"	"-"	"SL1344_0347"	"STM0352"	396542	397553	"NSR"	100	91.67	100	100	6	12	47	10	94.4466666666667	100	"Constitutive"	"chromosome"	"intragenic"
"ST4-74.fa"	396804	396805	"ST4-74.fa_396804_-"	"CDS"	"-"	396803	396809	"SL1344_0347"	"STM0352"	"-"	"SL1344_0347"	"STM0352"	396542	397553	"NSR"	57.14	100	85.71	100	7	10	49	9	82.3517647058824	87.9274137931035	"Constitutive"	"chromosome"	"intragenic"
"ST4-74.fa"	3968183	3968184	"ST4-74.fa_3968183_+"	"CDS"	"+"	3968179	3968185	"SL1344_3715"	"yicI"	"-"	"SL1344_3715"	"yicI"	3965890	3968209	"Origin"	80	75	83.64	66.67	5	16	55	3	76.1904761904762	82.7622413793103	"Constitutive"	"chromosome"	"intragenic"
"ST4-74.fa"	3968396	3968397	"ST4-74.fa_3968396_-"	"CDS"	"-"	3968395	3968401	"SL1344_3716"	"yicJ"	"-"	"SL1344_3716"	"yicJ"	3968220	3969603	"Origin"	86.67	89.47	97.96	90	15	19	49	10	88.2347058823529	96.6108474576271	"Constitutive"	"chromosome"	"intragenic"
"ST4-74.fa"	3968519	3968520	"ST4-74.fa_3968519_-"	"CDS"	"-"	3968518	3968524	"SL1344_3716"	"yicJ"	"-"	"SL1344_3716"	"yicJ"	3968220	3969603	"Origin"	78.57	82.35	71.43	90.91	14	17	42	11	80.6429032258064	75.4730188679245	"Constitutive"	"chromosome"	"intragenic"
"ST4-74.fa"	3969723	3969724	"ST4-74.fa_3969723_+"	"intergenic"	"+"	3969719	3969725	"SL1344_3716"	"yicJ"	"-+"	"SL1344_tRNA_62"	"no"	3969603	3969890	"Origin"	88.89	89.29	74.07	100	9	28	54	2	89.1927027027027	74.9960714285714	"Constitutive"	"chromosome"	"intergenic"
"ST4-74.fa"	3972275	3972276	"ST4-74.fa_3972275_-"	"CDS"	"-"	3972274	3972280	"SL1344_3718"	"sugR"	"+"	"SL1344_3718"	"sugR"	3971323	3972861	"Origin"	100	95.24	100	88.89	10	21	58	9	96.7754838709677	98.5076119402985	"Constitutive"	"chromosome"	"intragenic"
"ST4-74.fa"	3973420	3973421	"ST4-74.fa_3973420_-"	"CDS"	"-"	3973419	3973425	"SL1344_3720"	"rhuM"	"+"	"SL1344_3720"	"rhuM"	3973047	3974085	"Origin"	100	95.45	93.22	83.33	14	22	59	6	97.2194444444444	92.3070769230769	"Constitutive"	"chromosome"	"intragenic"
"ST4-74.fa"	3973846	3973847	"ST4-74.fa_3973846_+"	"CDS"	"+"	3973842	3973848	"SL1344_3720"	"rhuM"	"+"	"SL1344_3720"	"rhuM"	3973047	3974085	"Origin"	100	95.83	92.68	75	12	24	41	4	97.22	91.1084444444444	"Constitutive"	"chromosome"	"intragenic"
"ST4-74.fa"	3973900	3973901	"ST4-74.fa_3973900_+"	"CDS"	"+"	3973896	3973902	"SL1344_3720"	"rhuM"	"+"	"SL1344_3720"	"rhuM"	3973047	3974085	"Origin"	93.33	85.19	96.08	100	15	27	51	4	88.0971428571429	96.3650909090909	"Constitutive"	"chromosome"	"intragenic"
"ST4-74.fa"	3974781	3974782	"ST4-74.fa_3974781_+"	"intergenic"	"+"	3974777	3974783	"SL1344_3720"	"rhuM"	"++"	"SL1344_3722"	"rmbA"	3974085	3975383	"Origin"	66.67	43.75	57.89	33.33	9	16	38	6	52.0012	54.5409090909091	"Constitutive"	"chromosome"	"intergenic"
"ST4-74.fa"	3977772	3977773	"ST4-74.fa_3977772_-"	"CDS"	"-"	3977771	3977777	"SL1344_3723"	"misL"	"+"	"SL1344_3723"	"misL"	3976075	3978943	"Origin"	81.82	72.73	70.91	75	11	22	55	4	75.76	71.1872881355932	"Constitutive"	"chromosome"	"intragenic"
"ST4-74.fa"	3977826	3977827	"ST4-74.fa_3977826_-"	"CDS"	"-"	3977825	3977831	"SL1344_3723"	"misL"	"+"	"SL1344_3723"	"misL"	3976075	3978943	"Origin"	100	95.24	98.53	100	12	21	68	3	96.9709090909091	98.5921126760563	"Constitutive"	"chromosome"	"intragenic"
"ST4-74.fa"	3977880	3977881	"ST4-74.fa_3977880_-"	"CDS"	"-"	3977879	3977885	"SL1344_3723"	"misL"	"+"	"SL1344_3723"	"misL"	3976075	3978943	"Origin"	90.91	100	98.44	100	11	23	64	3	97.0591176470588	98.5098507462687	"Constitutive"	"chromosome"	"intragenic"
"ST4-74.fa"	3977919	3977920	"ST4-74.fa_3977919_-"	"CDS"	"-"	3977918	3977924	"SL1344_3723"	"misL"	"+"	"SL1344_3723"	"misL"	3976075	3978943	"Origin"	100	94.74	87.5	100	9	19	64	3	96.4307142857143	88.0597014925373	"Constitutive"	"chromosome"	"intragenic"
"ST4-74.fa"	3978449	3978450	"ST4-74.fa_3978449_+"	"CDS"	"+"	3978445	3978451	"SL1344_3723"	"misL"	"+"	"SL1344_3723"	"misL"	3976075	3978943	"Origin"	85.71	92.86	89.29	100	14	28	56	8	90.4766666666667	90.62875	"Constitutive"	"chromosome"	"intragenic"
"ST4-74.fa"	3978964	3978965	"ST4-74.fa_3978964_-"	"intergenic"	"-"	3978963	3978969	"SL1344_3723"	"misL"	"+-"	"SL1344_3724"	"fidL"	3978943	3979037	"Origin"	70	75	80	100	10	16	50	2	73.0769230769231	80.7692307692308	"Constitutive"	"chromosome"	"intergenic"
"ST4-74.fa"	3981493	3981494	"ST4-74.fa_3981493_-"	"CDS"	"-"	3981492	3981498	"SL1344_3726"	"slsA"	"+"	"SL1344_3726"	"slsA"	3981153	3981834	"Origin"	91.67	100	92.98	100	12	17	57	2	96.5531034482759	93.2179661016949	"Constitutive"	"chromosome"	"intragenic"
"ST4-74.fa"	3982117	3982118	"ST4-74.fa_3982117_+"	"CDS"	"+"	3982113	3982119	"SL1344_3727"	"cigR"	"-"	"SL1344_3727"	"cigR"	3982062	3982542	"Origin"	90	92	83.67	100	10	25	49	4	91.4285714285714	84.9024528301887	"Constitutive"	"chromosome"	"intragenic"
"ST4-74.fa"	3984168	3984169	"ST4-74.fa_3984168_+"	"CDS"	"+"	3984164	3984170	"SL1344_3728"	"mgtB"	"-"	"SL1344_3728"	"mgtB"	3982856	3985583	"Origin"	87.5	94.44	80	71.43	16	18	40	7	91.1741176470588	78.7236170212766	"Constitutive"	"chromosome"	"intragenic"
"ST4-74.fa"	3984651	3984652	"ST4-74.fa_3984651_+"	"CDS"	"+"	3984647	3984653	"SL1344_3728"	"mgtB"	"-"	"SL1344_3728"	"mgtB"	3982856	3985583	"Origin"	93.75	75	97.62	66.67	16	20	42	6	83.3333333333333	93.75125	"Constitutive"	"chromosome"	"intragenic"
"ST4-74.fa"	3984675	3984676	"ST4-74.fa_3984675_+"	"CDS"	"+"	3984671	3984677	"SL1344_3728"	"mgtB"	"-"	"SL1344_3728"	"mgtB"	3982856	3985583	"Origin"	100	94.74	98.04	85.71	18	19	51	7	97.2989189189189	96.5518965517241	"Constitutive"	"chromosome"	"intragenic"
"ST4-74.fa"	3987868	3987869	"ST4-74.fa_3987868_-"	"CDS"	"-"	3987867	3987873	"SL1344_3730"	"yicL"	"+"	"SL1344_3730"	"yicL"	3987006	3987909	"Origin"	66.67	44.44	56.1	25	9	9	41	4	55.555	53.3355555555556	"Constitutive"	"chromosome"	"intragenic"
"ST4-74.fa"	3991242	3991243	"ST4-74.fa_3991242_+"	"CDS"	"+"	3991238	3991244	"SL1344_3734"	"STM3769"	"-"	"SL1344_3734"	"STM3769"	3990971	3991829	"Origin"	100	78.95	93.48	85.71	8	19	46	7	85.187037037037	92.4537735849057	"Constitutive"	"chromosome"	"intragenic"
"ST4-74.fa"	3991324	3991325	"ST4-74.fa_3991324_-"	"CDS"	"-"	3991323	3991329	"SL1344_3734"	"STM3769"	"-"	"SL1344_3734"	"STM3769"	3990971	3991829	"Origin"	88.89	100	100	100	9	10	37	4	94.7373684210526	100	"Constitutive"	"chromosome"	"intragenic"
"ST4-74.fa"	399198	399199	"ST4-74.fa_399198_-"	"CDS"	"-"	399197	399203	"SL1344_0348"	"STM0353"	"+"	"SL1344_0348"	"STM0353"	398045	400334	"NSR"	90	81.82	94.12	100	10	11	51	7	85.7152380952381	94.8296551724138	"Constitutive"	"chromosome"	"intragenic"
"ST4-74.fa"	3992243	3992244	"ST4-74.fa_3992243_-"	"CDS"	"-"	3992242	3992248	"SL1344_3735"	"STM3770"	"-"	"SL1344_3735"	"STM3770"	3991828	3992578	"Origin"	83.33	93.33	97.96	100	12	15	49	3	88.8855555555556	98.0776923076923	"Constitutive"	"chromosome"	"intragenic"
"ST4-74.fa"	3993448	3993449	"ST4-74.fa_3993448_+"	"CDS"	"+"	3993444	3993450	"SL1344_3737"	"STM3772"	"-"	"SL1344_3737"	"STM3772"	3993219	3993645	"Origin"	77.78	94.44	88.64	80	9	18	44	5	88.8866666666667	87.7583673469388	"Constitutive"	"chromosome"	"intragenic"
"ST4-74.fa"	3994059	3994060	"ST4-74.fa_3994059_+"	"CDS"	"+"	3994055	3994061	"SL1344_3738"	"STM3773"	"-"	"SL1344_3738"	"STM3773"	3993863	3996662	"Origin"	62.5	90.91	76	40	8	22	50	5	83.334	72.7272727272727	"Constitutive"	"chromosome"	"intragenic"
"ST4-74.fa"	3994720	3994721	"ST4-74.fa_3994720_-"	"CDS"	"-"	3994719	3994725	"SL1344_3738"	"STM3773"	"-"	"SL1344_3738"	"STM3773"	3993863	3996662	"Origin"	63.64	77.78	81.4	75	11	18	43	4	72.4165517241379	80.8553191489362	"Constitutive"	"chromosome"	"intragenic"
"ST4-74.fa"	3995136	3995137	"ST4-74.fa_3995136_+"	"CDS"	"+"	3995132	3995138	"SL1344_3738"	"STM3773"	"-"	"SL1344_3738"	"STM3773"	3993863	3996662	"Origin"	77.78	96	91.43	100	9	25	70	4	91.1770588235294	91.8932432432432	"Constitutive"	"chromosome"	"intragenic"
"ST4-74.fa"	3995775	3995776	"ST4-74.fa_3995775_+"	"CDS"	"+"	3995771	3995777	"SL1344_3738"	"STM3773"	"-"	"SL1344_3738"	"STM3773"	3993863	3996662	"Origin"	77.78	95.45	94.74	100	9	22	57	5	90.32	95.1641935483871	"Constitutive"	"chromosome"	"intragenic"
"ST4-74.fa"	399613	399614	"ST4-74.fa_399613_-"	"CDS"	"-"	399612	399618	"SL1344_0348"	"STM0353"	"+"	"SL1344_0348"	"STM0353"	398045	400334	"NSR"	100	77.78	84.62	75	7	9	26	4	87.50125	83.3373333333333	"Constitutive"	"chromosome"	"intragenic"
"ST4-74.fa"	3998882	3998883	"ST4-74.fa_3998882_-"	"CDS"	"-"	3998881	3998887	"SL1344_3741"	"nepI"	"-"	"SL1344_3741"	"nepI"	3998699	3999892	"Origin"	80	86.36	69.23	75	10	22	52	4	84.3725	69.6421428571429	"Constitutive"	"chromosome"	"intragenic"
"ST4-74.fa"	4000405	4000406	"ST4-74.fa_4000405_+"	"CDS"	"+"	4000401	4000407	"SL1344_3743"	"STM3777"	"+"	"SL1344_3743"	"STM3777"	4000107	4000467	"Origin"	88.89	72	67.65	60	9	25	34	5	76.4708823529412	66.6692307692308	"Constitutive"	"chromosome"	"intragenic"
"ST4-74.fa"	4004130	4004131	"ST4-74.fa_4004130_-"	"CDS"	"-"	4004129	4004135	"SL1344_3748"	"STM3782"	"-"	"SL1344_3748"	"STM3782"	4003543	4004902	"Origin"	100	84.62	76.47	100	7	13	34	4	90.003	78.9468421052632	"Constitutive"	"chromosome"	"intragenic"
"ST4-74.fa"	4005531	4005532	"ST4-74.fa_4005531_+"	"CDS"	"+"	4005527	4005533	"SL1344_3750"	"STM3784"	"-"	"SL1344_3750"	"STM3784"	4005261	4005735	"Origin"	100	100	96.23	85.71	7	19	53	7	100	95.0026666666667	"Constitutive"	"chromosome"	"intragenic"
"ST4-74.fa"	4007035	4007036	"ST4-74.fa_4007035_-"	"CDS"	"-"	4007034	4007040	"SL1344_3752"	"yicN"	"-"	"SL1344_3752"	"yicN"	4006848	4007301	"Origin"	57.14	78.57	62.22	57.14	7	14	45	7	71.4266666666667	61.5361538461539	"Constitutive"	"chromosome"	"intragenic"
"ST4-74.fa"	4007071	4007072	"ST4-74.fa_4007071_+"	"CDS"	"+"	4007067	4007073	"SL1344_3752"	"yicN"	"-"	"SL1344_3752"	"yicN"	4006848	4007301	"Origin"	80	78.57	65.52	100	5	14	29	9	78.9463157894737	73.6863157894737	"Constitutive"	"chromosome"	"intragenic"
"ST4-74.fa"	4007158	4007159	"ST4-74.fa_4007158_-"	"CDS"	"-"	4007157	4007163	"SL1344_3752"	"yicN"	"-"	"SL1344_3752"	"yicN"	4006848	4007301	"Origin"	81.82	94.44	90.38	83.33	11	18	52	6	89.6531034482759	89.6506896551724	"Constitutive"	"chromosome"	"intragenic"
"ST4-74.fa"	4008184	4008185	"ST4-74.fa_4008184_-"	"CDS"	"-"	4008183	4008189	"SL1344_3753"	"uhpT"	"-"	"SL1344_3753"	"uhpT"	4007492	4008884	"Origin"	NA	40	62.07	80	NA	5	29	5	40	64.7067647058823	"Constitutive"	"chromosome"	"intragenic"
"ST4-74.fa"	4008753	4008754	"ST4-74.fa_4008753_+"	"CDS"	"+"	4008749	4008755	"SL1344_3753"	"uhpT"	"-"	"SL1344_3753"	"uhpT"	4007492	4008884	"Origin"	87.5	100	100	80	8	18	58	10	96.1538461538462	97.0588235294118	"Constitutive"	"chromosome"	"intragenic"
"ST4-74.fa"	4009849	4009850	"ST4-74.fa_4009849_+"	"CDS"	"+"	4009845	4009851	"SL1344_3754"	"uhpC"	"-"	"SL1344_3754"	"uhpC"	4009026	4010355	"Origin"	75	95.65	97.87	100	8	23	47	4	90.3209677419355	98.0370588235294	"Constitutive"	"chromosome"	"intragenic"
"ST4-74.fa"	4010260	4010261	"ST4-74.fa_4010260_+"	"CDS"	"+"	4010256	4010262	"SL1344_3754"	"uhpC"	"-"	"SL1344_3754"	"uhpC"	4009026	4010355	"Origin"	100	87.5	91.67	83.33	8	24	36	6	90.625	90.4785714285714	"Constitutive"	"chromosome"	"intragenic"
"ST4-74.fa"	4011142	4011143	"ST4-74.fa_4011142_+"	"CDS"	"+"	4011138	4011144	"SL1344_3755"	"uhpB"	"-"	"SL1344_3755"	"uhpB"	4010364	4011867	"Origin"	87.5	100	98.08	100	8	21	52	5	96.551724137931	98.2484210526316	"Constitutive"	"chromosome"	"intragenic"
"ST4-74.fa"	4011310	4011311	"ST4-74.fa_4011310_+"	"CDS"	"+"	4011306	4011312	"SL1344_3755"	"uhpB"	"-"	"SL1344_3755"	"uhpB"	4010364	4011867	"Origin"	75	64.29	80.77	33.33	4	14	26	3	66.67	75.8624137931034	"Constitutive"	"chromosome"	"intragenic"
"ST4-74.fa"	4012134	4012135	"ST4-74.fa_4012134_+"	"CDS"	"+"	4012130	4012136	"SL1344_3756"	"uhpA"	"-"	"SL1344_3756"	"uhpA"	4011866	4012457	"Origin"	80	91.67	88.1	83.33	5	24	42	6	89.6579310344828	87.50375	"Constitutive"	"chromosome"	"intragenic"
"ST4-74.fa"	4012664	4012665	"ST4-74.fa_4012664_-"	"CDS"	"-"	4012663	4012669	"SL1344_3757"	"STM3791"	"-"	"SL1344_3757"	"STM3791"	4012531	4013545	"Origin"	71.43	89.47	95.12	85.71	7	19	41	14	84.6130769230769	92.7247272727273	"Constitutive"	"chromosome"	"intragenic"
"ST4-74.fa"	4013914	4013915	"ST4-74.fa_4013914_+"	"CDS"	"+"	4013910	4013916	"SL1344_3758"	"STM3792"	"-"	"SL1344_3758"	"STM3792"	4013556	4014873	"Origin"	75	72	68.29	80	8	25	41	10	72.7272727272727	70.5860784313726	"Constitutive"	"chromosome"	"intragenic"
"ST4-74.fa"	4015504	4015505	"ST4-74.fa_4015504_+"	"CDS"	"+"	4015500	4015506	"SL1344_3759"	"STM3793"	"-"	"SL1344_3759"	"STM3793"	4014903	4015824	"Origin"	83.33	81.48	88.24	90.91	12	27	51	11	82.0492307692308	88.7137096774194	"Constitutive"	"chromosome"	"intragenic"
"ST4-74.fa"	4017027	4017028	"ST4-74.fa_4017027_-"	"CDS"	"-"	4017026	4017032	"SL1344_3761"	"ilvN"	"-"	"SL1344_3761"	"ilvN"	4016935	4017226	"Origin"	87.5	100	84.91	90	8	16	53	10	95.8333333333333	85.7179365079365	"Constitutive"	"chromosome"	"intragenic"
"ST4-74.fa"	4017047	4017048	"ST4-74.fa_4017047_-"	"CDS"	"-"	4017046	4017052	"SL1344_3761"	"ilvN"	"-"	"SL1344_3761"	"ilvN"	4016935	4017226	"Origin"	71.43	93.75	90.2	85.71	7	16	51	14	86.9569565217391	89.2329230769231	"Constitutive"	"chromosome"	"intragenic"
"ST4-74.fa"	4017080	4017081	"ST4-74.fa_4017080_-"	"CDS"	"-"	4017079	4017085	"SL1344_3761"	"ilvN"	"-"	"SL1344_3761"	"ilvN"	4016935	4017226	"Origin"	100	93.75	82.61	80	5	16	46	10	95.2380952380952	82.1439285714286	"Constitutive"	"chromosome"	"intragenic"
"ST4-74.fa"	4019476	4019477	"ST4-74.fa_4019476_+"	"intergenic"	"+"	4019472	4019478	"SL1344_ncRNA_97"	"no"	"-+"	"SL1344_3765"	"STM3796A"	4019460	4020011	"Origin"	61.54	77.78	65.62	83.33	13	9	32	12	68.1836363636364	70.45	"Constitutive"	"chromosome"	"intergenic"
"ST4-74.fa"	402125	402126	"ST4-74.fa_402125_-"	"CDS"	"-"	402124	402130	"SL1344_0351"	"STM0356"	"+"	"SL1344_0351"	"STM0356"	401374	402628	"NSR"	81.82	81.82	93.48	100	11	11	46	6	81.82	94.2323076923077	"Constitutive"	"chromosome"	"intragenic"
"ST4-74.fa"	402130	402131	"ST4-74.fa_402130_+"	"CDS"	"+"	402126	402132	"SL1344_0351"	"STM0356"	"+"	"SL1344_0351"	"STM0356"	401374	402628	"NSR"	87.5	100	96.43	100	8	9	56	3	94.1176470588235	96.6115254237288	"Constitutive"	"chromosome"	"intragenic"
"ST4-74.fa"	4021588	4021589	"ST4-74.fa_4021588_-"	"CDS"	"-"	4021587	4021593	"SL1344_3766"	"emrD"	"+"	"SL1344_3766"	"emrD"	4021002	4022187	"Origin"	100	87.5	86.11	87.5	6	16	36	8	90.9090909090909	86.3627272727273	"Constitutive"	"chromosome"	"intragenic"
"ST4-74.fa"	4022125	4022126	"ST4-74.fa_4022125_-"	"CDS"	"-"	4022124	4022130	"SL1344_3766"	"emrD"	"+"	"SL1344_3766"	"emrD"	4021002	4022187	"Origin"	87.5	64.29	85.29	66.67	8	14	34	6	72.73	82.497	"Constitutive"	"chromosome"	"intragenic"
"ST4-74.fa"	4022125	4022126	"ST4-74.fa_4022125_-"	"CDS"	"-"	4022124	4022130	"SL1344_3767"	"STM3799"	"-"	"SL1344_3767"	"STM3799"	4022113	4023199	"Origin"	87.5	64.29	85.29	66.67	8	14	34	6	72.73	82.497	"Constitutive"	"chromosome"	"intragenic"
"ST4-74.fa"	4022825	4022826	"ST4-74.fa_4022825_+"	"CDS"	"+"	4022821	4022827	"SL1344_3767"	"STM3799"	"-"	"SL1344_3767"	"STM3799"	4022113	4023199	"Origin"	85.71	88.24	89.29	100	14	17	56	11	87.0974193548387	91.0483582089552	"Constitutive"	"chromosome"	"intragenic"
"ST4-74.fa"	4024445	4024446	"ST4-74.fa_4024445_-"	"CDS"	"-"	4024444	4024450	"SL1344_3769"	"dsdX"	"+"	"SL1344_3769"	"dsdX"	4024411	4025749	"Origin"	66.67	81.25	87.5	91.67	3	16	32	12	78.9478947368421	88.6372727272727	"Constitutive"	"chromosome"	"intragenic"
"ST4-74.fa"	4024450	4024451	"ST4-74.fa_4024450_+"	"CDS"	"+"	4024446	4024452	"SL1344_3769"	"dsdX"	"+"	"SL1344_3769"	"dsdX"	4024411	4025749	"Origin"	81.82	93.75	86.96	100	11	16	46	5	88.8896296296296	88.238431372549	"Constitutive"	"chromosome"	"intragenic"
"ST4-74.fa"	4025746	4025747	"ST4-74.fa_4025746_-"	"CDS"	"-"	4025745	4025751	"SL1344_3769"	"dsdX"	"+"	"SL1344_3769"	"dsdX"	4024411	4025749	"Origin"	55.56	82.35	91.43	92.31	9	17	35	13	73.0765384615384	91.6683333333333	"Constitutive"	"chromosome"	"intragenic"
"ST4-74.fa"	4025746	4025747	"ST4-74.fa_4025746_-"	"intergenic"	"-"	4025745	4025751	"SL1344_3769"	"dsdX"	"++"	"SL1344_3770"	"dsdA"	4025749	4025766	"Origin"	55.56	82.35	91.43	92.31	9	17	35	13	73.0765384615384	91.6683333333333	"Constitutive"	"chromosome"	"intergenic"
"ST4-74.fa"	4028275	4028276	"ST4-74.fa_4028275_-"	"CDS"	"-"	4028274	4028280	"SL1344_3773"	"yidH"	"-"	"SL1344_3773"	"yidH"	4028049	4028397	"Origin"	100	92.31	86.67	80	3	13	45	10	93.751875	85.4572727272727	"Constitutive"	"chromosome"	"intragenic"
"ST4-74.fa"	4029282	4029283	"ST4-74.fa_4029282_+"	"CDS"	"+"	4029278	4029284	"SL1344_3774"	"yidE"	"-"	"SL1344_3774"	"yidE"	4028840	4030502	"Origin"	75	75	70	50	4	16	30	4	75	67.6470588235294	"Constitutive"	"chromosome"	"intragenic"
"ST4-74.fa"	402937	402938	"ST4-74.fa_402937_-"	"CDS"	"-"	402936	402942	"SL1344_0352"	"mod"	"+"	"SL1344_0352"	"mod"	402816	404775	"NSR"	90	94.12	93.62	85.71	10	17	47	7	92.5940740740741	92.5946296296296	"Constitutive"	"chromosome"	"intragenic"
"ST4-74.fa"	4030038	4030039	"ST4-74.fa_4030038_-"	"CDS"	"-"	4030037	4030043	"SL1344_3774"	"yidE"	"-"	"SL1344_3774"	"yidE"	4028840	4030502	"Origin"	100	92.31	82.35	86.67	7	13	34	15	95.0015	83.6724489795918	"Constitutive"	"chromosome"	"intragenic"
"ST4-74.fa"	4030302	4030303	"ST4-74.fa_4030302_+"	"CDS"	"+"	4030298	4030304	"SL1344_3774"	"yidE"	"-"	"SL1344_3774"	"yidE"	4028840	4030502	"Origin"	85.71	82.35	97.92	100	14	17	48	10	83.8674193548387	98.2786206896552	"Constitutive"	"chromosome"	"intragenic"
"ST4-74.fa"	4030356	4030357	"ST4-74.fa_4030356_-"	"CDS"	"-"	4030355	4030361	"SL1344_3774"	"yidE"	"-"	"SL1344_3774"	"yidE"	4028840	4030502	"Origin"	100	100	90.48	78.57	7	9	42	14	100	87.5025	"Constitutive"	"chromosome"	"intragenic"
"ST4-74.fa"	4040849	4040850	"ST4-74.fa_4040849_-"	"CDS"	"-"	4040848	4040854	"SL1344_3786"	"yhjA"	"-"	"SL1344_3786"	"yhjA"	4039909	4041310	"Origin"	100	84.21	100	90	10	19	54	10	89.6548275862069	98.4375	"Constitutive"	"chromosome"	"intragenic"
"ST4-74.fa"	404158	404159	"ST4-74.fa_404158_+"	"CDS"	"+"	404154	404160	"SL1344_0352"	"mod"	"+"	"SL1344_0352"	"mod"	402816	404775	"NSR"	100	100	94.44	88.89	7	6	54	9	100	93.6471428571429	"Constitutive"	"chromosome"	"intragenic"
"ST4-74.fa"	4043064	4043065	"ST4-74.fa_4043064_-"	"CDS"	"-"	4043063	4043069	"SL1344_3788"	"torA"	"-"	"SL1344_3788"	"torA"	4042124	4044677	"Origin"	100	93.75	93.02	100	9	16	43	12	96	94.5429090909091	"Constitutive"	"chromosome"	"intragenic"
"ST4-74.fa"	4045759	4045760	"ST4-74.fa_4045759_+"	"CDS"	"+"	4045755	4045761	"SL1344_3789"	"torC"	"-"	"SL1344_3789"	"torC"	4044666	4045851	"Origin"	90	84.62	87.5	80	10	13	48	5	86.9591304347826	86.7924528301887	"Constitutive"	"chromosome"	"intragenic"
"ST4-74.fa"	4046125	4046126	"ST4-74.fa_4046125_-"	"CDS"	"-"	4046124	4046130	"SL1344_3790"	"torR"	"+"	"SL1344_3790"	"torR"	4045980	4046673	"Origin"	66.67	60	78.05	54.55	3	15	41	11	61.1116666666667	73.0788461538461	"Constitutive"	"chromosome"	"intragenic"
"ST4-74.fa"	4046844	4046845	"ST4-74.fa_4046844_-"	"CDS"	"-"	4046843	4046849	"SL1344_3791"	"torT"	"-"	"SL1344_3791"	"torT"	4046645	4047686	"Origin"	60	58.33	64.86	60	5	12	37	10	58.8211764705882	63.8259574468085	"Constitutive"	"chromosome"	"intragenic"
"ST4-74.fa"	4048318	4048319	"ST4-74.fa_4048318_+"	"CDS"	"+"	4048314	4048320	"SL1344_3792"	"torS"	"+"	"SL1344_3792"	"torS"	4047765	4050501	"Origin"	91.67	88.24	98.21	75	12	17	56	4	89.6593103448276	96.6626666666667	"Constitutive"	"chromosome"	"intragenic"
"ST4-74.fa"	4049530	4049531	"ST4-74.fa_4049530_+"	"CDS"	"+"	4049526	4049532	"SL1344_3792"	"torS"	"+"	"SL1344_3792"	"torS"	4047765	4050501	"Origin"	62.5	88.89	71.05	80	8	18	38	5	80.77	72.0906976744186	"Constitutive"	"chromosome"	"intragenic"
"ST4-74.fa"	4051340	4051341	"ST4-74.fa_4051340_+"	"CDS"	"+"	4051336	4051342	"SL1344_3793"	"dgoT"	"-"	"SL1344_3793"	"dgoT"	4050526	4051864	"Origin"	83.33	68.75	82.05	83.33	12	16	39	6	74.9985714285714	82.2206666666667	"Constitutive"	"chromosome"	"intragenic"
"ST4-74.fa"	405253	405254	"ST4-74.fa_405253_-"	"CDS"	"-"	405252	405258	"SL1344_0353"	"res"	"+"	"SL1344_0353"	"res"	404781	407757	"NSR"	91.67	83.33	93.48	100	12	12	46	6	87.5	94.2323076923077	"Constitutive"	"chromosome"	"intragenic"
"ST4-74.fa"	4053463	4053464	"ST4-74.fa_4053463_+"	"CDS"	"+"	4053459	4053465	"SL1344_3795"	"dgoA"	"-"	"SL1344_3795"	"dgoA"	4053093	4053711	"Origin"	92.31	86.67	93.88	75	13	15	49	4	89.2885714285714	92.4550943396226	"Constitutive"	"chromosome"	"intragenic"
"ST4-74.fa"	4053809	4053810	"ST4-74.fa_4053809_+"	"CDS"	"+"	4053805	4053811	"SL1344_3796"	"dgoK"	"-"	"SL1344_3796"	"dgoK"	4053694	4054573	"Origin"	84.62	85.71	82.61	60	13	14	46	10	85.1851851851852	78.5725	"Constitutive"	"chromosome"	"intragenic"
"ST4-74.fa"	4054751	4054752	"ST4-74.fa_4054751_-"	"CDS"	"-"	4054750	4054756	"SL1344_3797"	"dgoR"	"-"	"SL1344_3797"	"dgoR"	4054569	4055259	"Origin"	66.67	88.89	94.12	100	3	18	51	8	85.7157142857143	94.9172881355932	"Constitutive"	"chromosome"	"intragenic"
"ST4-74.fa"	4055703	4055704	"ST4-74.fa_4055703_-"	"CDS"	"-"	4055702	4055708	"SL1344_3798"	"yidA"	"-"	"SL1344_3798"	"yidA"	4055519	4056365	"Origin"	85.71	62.5	88.37	71.43	7	16	43	7	69.5639130434783	85.9984	"Constitutive"	"chromosome"	"intragenic"
"ST4-74.fa"	40560	40561	"ST4-74.fa_40560_+"	"CDS"	"+"	40556	40562	"SL1344_0036"	"STM0035"	"+"	"SL1344_0036"	"STM0035"	40130	41624	"NSR"	80	83.33	81.82	75	5	12	33	4	82.3505882352941	81.0827027027027	"Constitutive"	"chromosome"	"intragenic"
"ST4-74.fa"	4056944	4056945	"ST4-74.fa_4056944_-"	"CDS"	"-"	4056943	4056949	"SL1344_3799"	"STM3832"	"+"	"SL1344_3799"	"STM3832"	4056670	4057933	"Origin"	50	78.57	74	53.85	4	14	50	13	72.2211111111111	69.8420634920635	"Constitutive"	"chromosome"	"intragenic"
"ST4-74.fa"	4059558	4059559	"ST4-74.fa_4059558_-"	"CDS"	"-"	4059557	4059563	"SL1344_3801"	"STM3834"	"+"	"SL1344_3801"	"STM3834"	4059254	4060151	"Origin"	57.14	69.23	82.05	62.5	7	13	39	8	64.9985	78.7223404255319	"Constitutive"	"chromosome"	"intragenic"
"ST4-74.fa"	4059828	4059829	"ST4-74.fa_4059828_-"	"CDS"	"-"	4059827	4059833	"SL1344_3801"	"STM3834"	"+"	"SL1344_3801"	"STM3834"	4059254	4060151	"Origin"	88.89	81.25	92.59	71.43	9	16	54	7	84.0004	90.1618032786885	"Constitutive"	"chromosome"	"intragenic"
"ST4-74.fa"	4060338	4060339	"ST4-74.fa_4060338_-"	"CDS"	"-"	4060337	4060343	"SL1344_3802"	"gyrB"	"-"	"SL1344_3802"	"gyrB"	4060169	4062584	"Origin"	85.71	81.82	89.58	85.71	7	11	48	7	83.3327777777778	89.0874545454545	"Constitutive"	"chromosome"	"intragenic"
"ST4-74.fa"	4060923	4060924	"ST4-74.fa_4060923_-"	"CDS"	"-"	4060922	4060928	"SL1344_3802"	"gyrB"	"-"	"SL1344_3802"	"gyrB"	4060169	4062584	"Origin"	100	93.75	90	70	8	16	50	10	95.8333333333333	86.6666666666667	"Constitutive"	"chromosome"	"intragenic"
"ST4-74.fa"	4061175	4061176	"ST4-74.fa_4061175_+"	"CDS"	"+"	4061171	4061177	"SL1344_3802"	"gyrB"	"-"	"SL1344_3802"	"gyrB"	4060169	4062584	"Origin"	100	86.67	88.37	100	15	15	43	9	93.335	90.3828846153846	"Constitutive"	"chromosome"	"intragenic"
"ST4-74.fa"	4065644	4065645	"ST4-74.fa_4065644_+"	"CDS"	"+"	4065640	4065646	"SL1344_3805"	"dnaA"	"-"	"SL1344_3805"	"dnaA"	4064938	4066339	"Origin"	90.91	84.21	80	91.67	11	19	40	12	86.6666666666667	82.6930769230769	"Constitutive"	"chromosome"	"intragenic"
"ST4-74.fa"	406648	406649	"ST4-74.fa_406648_-"	"CDS"	"-"	406647	406653	"SL1344_0353"	"res"	"+"	"SL1344_0353"	"res"	404781	407757	"NSR"	75	66.67	65.38	90	8	18	52	10	69.2330769230769	69.3509677419355	"Constitutive"	"chromosome"	"intragenic"
"ST4-74.fa"	4066540	4066541	"ST4-74.fa_4066540_+"	"intergenic"	"+"	4066536	4066542	"SL1344_3805"	"dnaA"	"-+"	"SL1344_3806"	"rpmH"	4066339	4066999	"Origin"	70.59	75	82.98	75	17	20	47	8	72.9737837837838	81.8192727272727	"Constitutive"	"chromosome"	"intergenic"
"ST4-74.fa"	4067543	4067544	"ST4-74.fa_4067543_-"	"CDS"	"-"	4067542	4067548	"SL1344_3808"	"STM3841"	"+"	"SL1344_3808"	"STM3841"	4067479	4067737	"Origin"	77.78	73.91	76.19	33.33	9	23	42	9	74.9984375	68.6264705882353	"Constitutive"	"chromosome"	"intragenic"
"ST4-74.fa"	4067548	4067549	"ST4-74.fa_4067548_+"	"CDS"	"+"	4067544	4067550	"SL1344_3808"	"STM3841"	"+"	"SL1344_3808"	"STM3841"	4067479	4067737	"Origin"	84.62	75.86	91.07	78.57	13	29	56	14	78.5714285714286	88.57	"Constitutive"	"chromosome"	"intragenic"
"ST4-74.fa"	4069015	4069016	"ST4-74.fa_4069015_-"	"CDS"	"-"	4069014	4069020	"SL1344_3809"	"yidC"	"+"	"SL1344_3809"	"yidC"	4067739	4069386	"Origin"	100	100	88.64	77.78	8	23	44	9	100	86.7958490566038	"Constitutive"	"chromosome"	"intragenic"
"ST4-74.fa"	4069708	4069709	"ST4-74.fa_4069708_+"	"CDS"	"+"	4069704	4069710	"SL1344_3810"	"thdF"	"+"	"SL1344_3810"	"thdF"	4069515	4070892	"Origin"	84.62	76	88.89	100	13	25	54	10	78.948947368421	90.6259375	"Constitutive"	"chromosome"	"intragenic"
"ST4-74.fa"	4069921	4069922	"ST4-74.fa_4069921_-"	"CDS"	"-"	4069920	4069926	"SL1344_3810"	"thdF"	"+"	"SL1344_3810"	"thdF"	4069515	4070892	"Origin"	90.91	93.1	93.18	66.67	11	29	44	9	92.49775	88.6783018867925	"Constitutive"	"chromosome"	"intragenic"
"ST4-74.fa"	4071841	4071842	"ST4-74.fa_4071841_-"	"CDS"	"-"	4071840	4071846	"SL1344_3811"	"intA"	"+"	"SL1344_3811"	"intA"	4071147	4072365	"Origin"	75	80	90.91	55.56	12	20	33	9	78.125	83.335	"Constitutive"	"chromosome"	"intragenic"
"ST4-74.fa"	4074988	4074989	"ST4-74.fa_4074988_+"	"intergenic"	"+"	4074984	4074990	"SL1344_3813"	"STM3846"	"++"	"SL1344_3814"	"yidY"	4074587	4075388	"Origin"	0	16.67	25	55.56	3	12	32	9	13.336	31.7082926829268	"UM"	"chromosome"	"intergenic"
"ST4-74.fa"	407620	407621	"ST4-74.fa_407620_+"	"CDS"	"+"	407616	407622	"SL1344_0353"	"res"	"+"	"SL1344_0353"	"res"	404781	407757	"NSR"	66.67	100	89.36	83.33	3	10	47	6	92.3084615384615	88.677358490566	"Constitutive"	"chromosome"	"intragenic"
"ST4-74.fa"	4076463	4076464	"ST4-74.fa_4076463_-"	"CDS"	"-"	4076462	4076468	"SL1344_3814"	"yidY"	"+"	"SL1344_3814"	"yidY"	4075388	4076576	"Origin"	100	94.12	93.75	86.67	12	17	48	15	96.5531034482759	92.0642857142857	"Constitutive"	"chromosome"	"intragenic"
"ST4-74.fa"	4076505	4076506	"ST4-74.fa_4076505_-"	"CDS"	"-"	4076504	4076510	"SL1344_3814"	"yidY"	"+"	"SL1344_3814"	"yidY"	4075388	4076576	"Origin"	70	64.29	80.65	70	10	14	31	10	66.6691666666667	78.0524390243903	"Constitutive"	"chromosome"	"intragenic"
"ST4-74.fa"	4078930	4078931	"ST4-74.fa_4078930_+"	"CDS"	"+"	4078926	4078932	"SL1344_3817"	"yieF"	"+"	"SL1344_3817"	"yieF"	4078416	4079001	"Origin"	50	66.67	57.14	90.91	6	18	49	11	62.5025	63.3311666666667	"Constitutive"	"chromosome"	"intragenic"
"ST4-74.fa"	4082241	4082242	"ST4-74.fa_4082241_+"	"CDS"	"+"	4082237	4082243	"SL1344_3821"	"pstB"	"-"	"SL1344_3821"	"pstB"	4082051	4082825	"Origin"	100	85.71	84.09	100	10	14	44	10	91.6641666666666	87.0362962962963	"Constitutive"	"chromosome"	"intragenic"
"ST4-74.fa"	4083668	4083669	"ST4-74.fa_4083668_+"	"CDS"	"+"	4083664	4083670	"SL1344_3822"	"pstA"	"-"	"SL1344_3822"	"pstA"	4082911	4083802	"Origin"	100	66.67	77.08	100	7	21	48	10	75.0025	81.031724137931	"Constitutive"	"chromosome"	"intragenic"
"ST4-74.fa"	4083886	4083887	"ST4-74.fa_4083886_+"	"CDS"	"+"	4083882	4083888	"SL1344_3823"	"pstC"	"-"	"SL1344_3823"	"pstC"	4083801	4084761	"Origin"	83.33	86.36	84.09	87.5	6	22	44	8	85.7107142857143	84.6146153846154	"Constitutive"	"chromosome"	"intragenic"
"ST4-74.fa"	4084501	4084502	"ST4-74.fa_4084501_+"	"CDS"	"+"	4084497	4084503	"SL1344_3823"	"pstC"	"-"	"SL1344_3823"	"pstC"	4083801	4084761	"Origin"	66.67	78.57	82	75	6	14	50	8	75	81.0344827586207	"Constitutive"	"chromosome"	"intragenic"
"ST4-74.fa"	4088712	4088713	"ST4-74.fa_4088712_+"	"CDS"	"+"	4088708	4088714	"SL1344_3827"	"STM3860"	"+"	"SL1344_3827"	"STM3860"	4088438	4090196	"Origin"	100	100	96.08	100	14	21	51	9	100	96.668	"Constitutive"	"chromosome"	"intragenic"
"ST4-74.fa"	4089762	4089763	"ST4-74.fa_4089762_+"	"CDS"	"+"	4089758	4089764	"SL1344_3827"	"STM3860"	"+"	"SL1344_3827"	"STM3860"	4088438	4090196	"Origin"	100	100	97.78	85.71	12	16	45	7	100	96.1551923076923	"Constitutive"	"chromosome"	"intragenic"
"ST4-74.fa"	4090527	4090528	"ST4-74.fa_4090527_-"	"CDS"	"-"	4090526	4090532	"SL1344_3828"	"glmS"	"-"	"SL1344_3828"	"glmS"	4090346	4092176	"Origin"	91.67	89.66	91.84	92.86	12	29	49	14	90.2482926829268	92.0666666666667	"Constitutive"	"chromosome"	"intragenic"
"ST4-74.fa"	409131	409132	"ST4-74.fa_409131_-"	"CDS"	"-"	409130	409136	"SL1344_0355"	"STM0360"	"+"	"SL1344_0355"	"STM0360"	408251	409655	"NSR"	87.5	100	93.48	90.91	8	14	46	11	95.4545454545455	92.9840350877193	"Constitutive"	"chromosome"	"intragenic"
"ST4-74.fa"	4093217	4093218	"ST4-74.fa_4093217_+"	"CDS"	"+"	4093213	4093219	"SL1344_3829"	"glmU"	"-"	"SL1344_3829"	"glmU"	4092364	4093735	"Origin"	81.82	80	57.5	100	11	20	40	9	80.6458064516129	65.3061224489796	"Constitutive"	"chromosome"	"intragenic"
"ST4-74.fa"	4097249	4097250	"ST4-74.fa_4097249_+"	"CDS"	"+"	4097245	4097251	"SL1344_3833"	"atpG"	"-"	"SL1344_3833"	"atpG"	4096831	4097695	"Origin"	92.31	95.65	95.24	100	13	23	42	8	94.4438888888889	96.0016	"Constitutive"	"chromosome"	"intragenic"
"ST4-74.fa"	4098517	4098518	"ST4-74.fa_4098517_+"	"CDS"	"+"	4098513	4098519	"SL1344_3834"	"atpA"	"-"	"SL1344_3834"	"atpA"	4097745	4099287	"Origin"	100	89.47	94.87	80	6	19	39	5	91.9972	93.1802272727273	"Constitutive"	"chromosome"	"intragenic"
"ST4-74.fa"	4098790	4098791	"ST4-74.fa_4098790_+"	"CDS"	"+"	4098786	4098792	"SL1344_3834"	"atpA"	"-"	"SL1344_3834"	"atpA"	4097745	4099287	"Origin"	90	88.89	94.44	87.5	10	27	54	8	89.19	93.5445161290323	"Constitutive"	"chromosome"	"intragenic"
"ST4-74.fa"	4098856	4098857	"ST4-74.fa_4098856_-"	"CDS"	"-"	4098855	4098861	"SL1344_3834"	"atpA"	"-"	"SL1344_3834"	"atpA"	4097745	4099287	"Origin"	100	92.31	94.44	100	16	26	54	8	95.2395238095238	95.1574193548387	"Constitutive"	"chromosome"	"intragenic"
"ST4-74.fa"	4099255	4099256	"ST4-74.fa_4099255_+"	"CDS"	"+"	4099251	4099257	"SL1344_3834"	"atpA"	"-"	"SL1344_3834"	"atpA"	4097745	4099287	"Origin"	90.91	96.15	86.67	100	11	26	60	6	94.5921621621622	87.8818181818182	"Constitutive"	"chromosome"	"intragenic"
"ST4-74.fa"	4100488	4100489	"ST4-74.fa_4100488_+"	"CDS"	"+"	4100484	4100490	"SL1344_3837"	"atpE"	"-"	"SL1344_3837"	"atpE"	4100377	4100617	"Origin"	66.67	60	44.83	80	6	15	29	5	61.9057142857143	50.0020588235294	"Constitutive"	"chromosome"	"intragenic"
"ST4-74.fa"	4101557	4101558	"ST4-74.fa_4101557_+"	"CDS"	"+"	4101553	4101559	"SL1344_3839"	"atpI"	"-"	"SL1344_3839"	"atpI"	4101487	4101868	"Origin"	72.73	80.95	88.89	80	11	21	36	5	78.124375	87.8058536585366	"Constitutive"	"chromosome"	"intragenic"
"ST4-74.fa"	4104872	4104873	"ST4-74.fa_4104872_-"	"CDS"	"-"	4104871	4104877	"SL1344_3841"	"gidA"	"-"	"SL1344_3841"	"gidA"	4103209	4105099	"Origin"	85.71	100	93.55	100	7	18	62	6	95.9988	94.1191176470588	"Constitutive"	"chromosome"	"intragenic"
"ST4-74.fa"	4106053	4106054	"ST4-74.fa_4106053_+"	"CDS"	"+"	4106049	4106055	"SL1344_3843"	"asnCb"	"-"	"SL1344_3843"	"asnCb"	4106010	4106469	"Origin"	91.67	96.15	95.92	100	12	26	49	6	94.7352631578947	96.3650909090909	"Constitutive"	"chromosome"	"intragenic"
"ST4-74.fa"	4106965	4106966	"ST4-74.fa_4106965_+"	"CDS"	"+"	4106961	4106967	"SL1344_3844"	"asnA"	"+"	"SL1344_3844"	"asnA"	4106619	4107612	"Origin"	80	82.61	88.64	100	10	23	44	11	81.8190909090909	90.912	"Constitutive"	"chromosome"	"intragenic"
"ST4-74.fa"	4108475	4108476	"ST4-74.fa_4108475_+"	"CDS"	"+"	4108471	4108477	"SL1344_3845"	"yieM"	"-"	"SL1344_3845"	"yieM"	4107616	4109017	"Origin"	100	90	88	92.31	13	20	50	13	93.9393939393939	88.8893650793651	"Constitutive"	"chromosome"	"intragenic"
"ST4-74.fa"	4109883	4109884	"ST4-74.fa_4109883_+"	"CDS"	"+"	4109879	4109885	"SL1344_3846"	"yieN"	"-"	"SL1344_3846"	"yieN"	4109061	4110558	"Origin"	80	78.79	66.67	60	10	33	48	10	79.0713953488372	65.52	"Constitutive"	"chromosome"	"intragenic"
"ST4-74.fa"	4111068	4111069	"ST4-74.fa_4111068_-"	"CDS"	"-"	4111067	4111073	"SL1344_3847"	"kup"	"+"	"SL1344_3847"	"kup"	4110905	4112774	"Origin"	66.67	50	64.71	40	3	10	34	5	53.8469230769231	61.5420512820513	"Constitutive"	"chromosome"	"intragenic"
"ST4-74.fa"	4112100	4112101	"ST4-74.fa_4112100_-"	"CDS"	"-"	4112099	4112105	"SL1344_3847"	"kup"	"+"	"SL1344_3847"	"kup"	4110905	4112774	"Origin"	87.5	82.35	83.67	100	8	17	49	7	83.998	85.71125	"Constitutive"	"chromosome"	"intragenic"
"ST4-74.fa"	4112196	4112197	"ST4-74.fa_4112196_-"	"CDS"	"-"	4112195	4112201	"SL1344_3847"	"kup"	"+"	"SL1344_3847"	"kup"	4110905	4112774	"Origin"	100	70.59	86.49	83.33	4	17	37	6	76.1919047619048	86.0490697674418	"Constitutive"	"chromosome"	"intragenic"
"ST4-74.fa"	4112718	4112719	"ST4-74.fa_4112718_+"	"CDS"	"+"	4112714	4112720	"SL1344_3847"	"kup"	"+"	"SL1344_3847"	"kup"	4110905	4112774	"Origin"	100	100	82.05	100	9	18	39	6	100	84.4433333333333	"Constitutive"	"chromosome"	"intragenic"
"ST4-74.fa"	4113665	4113666	"ST4-74.fa_4113665_-"	"CDS"	"-"	4113664	4113670	"SL1344_3849"	"rbsA"	"+"	"SL1344_3849"	"rbsA"	4113397	4114903	"Origin"	100	100	93.48	100	8	21	46	8	100	94.4459259259259	"Constitutive"	"chromosome"	"intragenic"
"ST4-74.fa"	4113836	4113837	"ST4-74.fa_4113836_+"	"CDS"	"+"	4113832	4113838	"SL1344_3849"	"rbsA"	"+"	"SL1344_3849"	"rbsA"	4113397	4114903	"Origin"	88.89	100	86.11	75	9	21	36	8	96.667	84.09	"Constitutive"	"chromosome"	"intragenic"
"ST4-74.fa"	4114130	4114131	"ST4-74.fa_4114130_+"	"CDS"	"+"	4114126	4114132	"SL1344_3849"	"rbsA"	"+"	"SL1344_3849"	"rbsA"	4113397	4114903	"Origin"	100	70	72.22	100	6	20	36	5	76.9230769230769	75.6078048780488	"Constitutive"	"chromosome"	"intragenic"
"ST4-74.fa"	4116157	4116158	"ST4-74.fa_4116157_-"	"CDS"	"-"	4116156	4116162	"SL1344_3851"	"rbsB"	"+"	"SL1344_3851"	"rbsB"	4115898	4116789	"Origin"	100	81.25	89.36	90	12	16	47	10	89.2857142857143	89.4722807017544	"Constitutive"	"chromosome"	"intragenic"
"ST4-74.fa"	4119019	4119020	"ST4-74.fa_4119019_-"	"CDS"	"-"	4119018	4119024	"SL1344_3854"	"yieO"	"-"	"SL1344_3854"	"yieO"	4118819	4120243	"Origin"	77.78	88.89	95.35	100	9	18	43	8	85.1866666666667	96.0794117647059	"Constitutive"	"chromosome"	"intragenic"
"ST4-74.fa"	4119354	4119355	"ST4-74.fa_4119354_+"	"CDS"	"+"	4119350	4119356	"SL1344_3854"	"yieO"	"-"	"SL1344_3854"	"yieO"	4118819	4120243	"Origin"	100	52.38	85.29	100	7	21	34	6	64.285	87.4965	"Constitutive"	"chromosome"	"intragenic"
"ST4-74.fa"	4122798	4122799	"ST4-74.fa_4122798_+"	"rRNA"	"+"	4122794	4122800	"SL1344_rRNA_11"	"no"	"+"	"SL1344_rRNA_11"	"no"	4121449	4122991	"Origin"	100	96	86	100	6	25	50	5	96.7741935483871	87.2727272727273	"Constitutive"	"chromosome"	"intragenic"
"ST4-74.fa"	4125303	4125304	"ST4-74.fa_4125303_-"	"rRNA"	"-"	4125302	4125308	"SL1344_rRNA_12"	"no"	"+"	"SL1344_rRNA_12"	"no"	4123349	4126338	"Origin"	90.91	80	78.57	52.63	11	15	42	19	84.6157692307692	70.4903278688525	"Constitutive"	"chromosome"	"intragenic"
"ST4-74.fa"	4127046	4127047	"ST4-74.fa_4127046_-"	"intergenic"	"-"	4127045	4127051	"SL1344_tRNA_65"	"no"	"+-"	"SL1344_3858"	"yifA"	4126986	4127090	"Origin"	87.5	76.92	84	90	8	13	50	10	80.9504761904762	85	"Constitutive"	"chromosome"	"intergenic"
"ST4-74.fa"	4127051	4127052	"ST4-74.fa_4127051_+"	"intergenic"	"+"	4127047	4127053	"SL1344_tRNA_65"	"no"	"+-"	"SL1344_3858"	"yifA"	4126986	4127090	"Origin"	100	95.24	95.24	100	11	21	63	9	96.87625	95.835	"Constitutive"	"chromosome"	"intergenic"
"ST4-74.fa"	4127133	4127134	"ST4-74.fa_4127133_+"	"CDS"	"+"	4127129	4127135	"SL1344_3858"	"yifA"	"-"	"SL1344_3858"	"yifA"	4127090	4127939	"Origin"	66.67	76.92	81.82	100	6	13	44	10	73.6831578947368	85.1866666666667	"Constitutive"	"chromosome"	"intragenic"
"ST4-74.fa"	4127334	4127335	"ST4-74.fa_4127334_+"	"CDS"	"+"	4127330	4127336	"SL1344_3858"	"yifA"	"-"	"SL1344_3858"	"yifA"	4127090	4127939	"Origin"	80	66.67	70	75	10	18	40	8	71.4307142857143	70.8333333333333	"Constitutive"	"chromosome"	"intragenic"
"ST4-74.fa"	4130750	4130751	"ST4-74.fa_4130750_-"	"CDS"	"-"	4130749	4130755	"SL1344_3861"	"ilvG"	"+"	"SL1344_3861"	"ilvG"	4130518	4132165	"Origin"	80	78.95	86.79	90	15	19	53	10	79.4132352941177	87.2995238095238	"Constitutive"	"chromosome"	"intragenic"
"ST4-74.fa"	4131314	4131315	"ST4-74.fa_4131314_-"	"CDS"	"-"	4131313	4131319	"SL1344_3861"	"ilvG"	"+"	"SL1344_3861"	"ilvG"	4130518	4132165	"Origin"	88.89	83.33	93.02	88.89	9	18	43	9	85.1833333333333	92.3051923076923	"Constitutive"	"chromosome"	"intragenic"
"ST4-74.fa"	4132854	4132855	"ST4-74.fa_4132854_+"	"CDS"	"+"	4132850	4132856	"SL1344_3863"	"ilvE"	"+"	"SL1344_3863"	"ilvE"	4132442	4133372	"Origin"	77.78	72.22	87.5	75	9	18	32	4	74.0733333333333	86.1111111111111	"Constitutive"	"chromosome"	"intragenic"
"ST4-74.fa"	4133827	4133828	"ST4-74.fa_4133827_-"	"CDS"	"-"	4133826	4133832	"SL1344_3864"	"ilvD"	"+"	"SL1344_3864"	"ilvD"	4133532	4135383	"Origin"	100	95.65	78.72	90	8	23	47	10	96.7725806451613	80.6989473684211	"Constitutive"	"chromosome"	"intragenic"
"ST4-74.fa"	413427	413428	"ST4-74.fa_413427_+"	"CDS"	"+"	413423	413429	"SL1344_0359"	"foxA"	"+"	"SL1344_0359"	"foxA"	412148	414257	"NSR"	100	60	87.76	91.67	2	5	49	12	71.4285714285714	88.5291803278689	"Constitutive"	"chromosome"	"intragenic"
"ST4-74.fa"	41349	41350	"ST4-74.fa_41349_-"	"CDS"	"-"	41348	41354	"SL1344_0036"	"STM0035"	"+"	"SL1344_0036"	"STM0035"	40130	41624	"NSR"	66.67	65.22	87.27	66.67	6	23	55	6	65.52	85.2437704918033	"Constitutive"	"chromosome"	"intragenic"
"ST4-74.fa"	4135701	4135702	"ST4-74.fa_4135701_-"	"CDS"	"-"	4135700	4135706	"SL1344_3865"	"ilvA"	"+"	"SL1344_3865"	"ilvA"	4135385	4136930	"Origin"	100	90	96.43	100	15	20	56	11	94.2857142857143	97.0161194029851	"Constitutive"	"chromosome"	"intragenic"
"ST4-74.fa"	4135980	4135981	"ST4-74.fa_4135980_-"	"CDS"	"-"	4135979	4135985	"SL1344_3865"	"ilvA"	"+"	"SL1344_3865"	"ilvA"	4135385	4136930	"Origin"	92.31	90	87.93	100	13	20	58	5	90.91	88.8879365079365	"Constitutive"	"chromosome"	"intragenic"
"ST4-74.fa"	4138256	4138257	"ST4-74.fa_4138256_+"	"CDS"	"+"	4138252	4138258	"SL1344_3868"	"ilvY"	"-"	"SL1344_3868"	"ilvY"	4137871	4138759	"Origin"	100	80	82.76	80	7	20	29	5	85.1851851851852	82.3541176470588	"Constitutive"	"chromosome"	"intragenic"
"ST4-74.fa"	4138508	4138509	"ST4-74.fa_4138508_-"	"CDS"	"-"	4138507	4138513	"SL1344_3868"	"ilvY"	"-"	"SL1344_3868"	"ilvY"	4137871	4138759	"Origin"	92.86	89.47	92.73	100	14	19	55	7	90.9081818181818	93.5508064516129	"Constitutive"	"chromosome"	"intragenic"
"ST4-74.fa"	4139205	4139206	"ST4-74.fa_4139205_-"	"CDS"	"-"	4139204	4139210	"SL1344_3869"	"ilvC"	"+"	"SL1344_3869"	"ilvC"	4138922	4140398	"Origin"	92.31	94.12	94.74	100	13	17	38	3	93.3356666666667	95.1248780487805	"Constitutive"	"chromosome"	"intragenic"
"ST4-74.fa"	4139442	4139443	"ST4-74.fa_4139442_-"	"CDS"	"-"	4139441	4139447	"SL1344_3869"	"ilvC"	"+"	"SL1344_3869"	"ilvC"	4138922	4140398	"Origin"	92.31	100	97.78	100	13	18	45	3	96.7751612903226	97.91875	"Constitutive"	"chromosome"	"intragenic"
"ST4-74.fa"	4140108	4140109	"ST4-74.fa_4140108_-"	"CDS"	"-"	4140107	4140113	"SL1344_3869"	"ilvC"	"+"	"SL1344_3869"	"ilvC"	4138922	4140398	"Origin"	81.82	85.71	93.33	100	11	14	45	6	83.9984	94.114705882353	"Constitutive"	"chromosome"	"intragenic"
"ST4-74.fa"	4141423	4141424	"ST4-74.fa_4141423_-"	"CDS"	"-"	4141422	4141428	"SL1344_3872"	"rep"	"+"	"SL1344_3872"	"rep"	4141308	4143333	"Origin"	85.71	76.92	91.11	83.33	7	13	45	6	79.9965	90.1947058823529	"Constitutive"	"chromosome"	"intragenic"
"ST4-74.fa"	4141678	4141679	"ST4-74.fa_4141678_-"	"CDS"	"-"	4141677	4141683	"SL1344_3872"	"rep"	"+"	"SL1344_3872"	"rep"	4141308	4143333	"Origin"	87.5	100	100	100	8	16	51	5	95.8333333333333	100	"Constitutive"	"chromosome"	"intragenic"
"ST4-74.fa"	4141711	4141712	"ST4-74.fa_4141711_-"	"CDS"	"-"	4141710	4141716	"SL1344_3872"	"rep"	"+"	"SL1344_3872"	"rep"	4141308	4143333	"Origin"	83.33	71.43	90.7	87.5	6	14	43	8	75	90.1980392156863	"Constitutive"	"chromosome"	"intragenic"
"ST4-74.fa"	4142041	4142042	"ST4-74.fa_4142041_+"	"CDS"	"+"	4142037	4142043	"SL1344_3872"	"rep"	"+"	"SL1344_3872"	"rep"	4141308	4143333	"Origin"	91.67	95.24	93.62	100	12	21	47	7	93.9418181818182	94.447037037037	"Constitutive"	"chromosome"	"intragenic"
"ST4-74.fa"	4142959	4142960	"ST4-74.fa_4142959_+"	"CDS"	"+"	4142955	4142961	"SL1344_3872"	"rep"	"+"	"SL1344_3872"	"rep"	4141308	4143333	"Origin"	100	88.89	94.44	100	13	18	54	9	93.5490322580645	95.2342857142857	"Constitutive"	"chromosome"	"intragenic"
"ST4-74.fa"	4143421	4143422	"ST4-74.fa_4143421_-"	"CDS"	"-"	4143420	4143426	"SL1344_3873"	"gppA"	"-"	"SL1344_3873"	"gppA"	4143372	4144854	"Origin"	66.67	83.33	76.74	87.5	6	12	43	8	77.7766666666667	78.4278431372549	"Constitutive"	"chromosome"	"intragenic"
"ST4-74.fa"	4143880	4143881	"ST4-74.fa_4143880_-"	"CDS"	"-"	4143879	4143885	"SL1344_3873"	"gppA"	"-"	"SL1344_3873"	"gppA"	4143372	4144854	"Origin"	75	92.86	98	66.67	8	14	50	6	86.3654545454545	94.6432142857143	"Constitutive"	"chromosome"	"intragenic"
"ST4-74.fa"	4143940	4143941	"ST4-74.fa_4143940_-"	"CDS"	"-"	4143939	4143945	"SL1344_3873"	"gppA"	"-"	"SL1344_3873"	"gppA"	4143372	4144854	"Origin"	100	75	83.33	85.71	8	12	48	7	85	83.6329090909091	"Constitutive"	"chromosome"	"intragenic"
"ST4-74.fa"	4144042	4144043	"ST4-74.fa_4144042_+"	"CDS"	"+"	4144038	4144044	"SL1344_3873"	"gppA"	"-"	"SL1344_3873"	"gppA"	4143372	4144854	"Origin"	90.91	78.95	92.98	80	11	19	57	5	83.3353333333333	91.9332258064516	"Constitutive"	"chromosome"	"intragenic"
"ST4-74.fa"	4144459	4144460	"ST4-74.fa_4144459_-"	"CDS"	"-"	4144458	4144464	"SL1344_3873"	"gppA"	"-"	"SL1344_3873"	"gppA"	4143372	4144854	"Origin"	85.71	80	89.13	80	7	10	46	10	82.3511764705882	87.4996428571428	"Constitutive"	"chromosome"	"intragenic"
"ST4-74.fa"	4145489	4145490	"ST4-74.fa_4145489_+"	"CDS"	"+"	4145485	4145491	"SL1344_3874"	"rhlB"	"-"	"SL1344_3874"	"rhlB"	4144972	4146238	"Origin"	84.62	88	98.15	85.71	13	25	54	7	86.8436842105263	96.7224590163935	"Constitutive"	"chromosome"	"intragenic"
"ST4-74.fa"	4145804	4145805	"ST4-74.fa_4145804_+"	"CDS"	"+"	4145800	4145806	"SL1344_3874"	"rhlB"	"-"	"SL1344_3874"	"rhlB"	4144972	4146238	"Origin"	66.67	70	89.13	100	9	20	46	5	68.9665517241379	90.1956862745098	"Constitutive"	"chromosome"	"intragenic"
"ST4-74.fa"	4145975	4145976	"ST4-74.fa_4145975_+"	"CDS"	"+"	4145971	4145977	"SL1344_3874"	"rhlB"	"-"	"SL1344_3874"	"rhlB"	4144972	4146238	"Origin"	60	72.22	83.87	75	5	18	31	4	69.5634782608696	82.8562857142857	"Constitutive"	"chromosome"	"intragenic"
"ST4-74.fa"	4147169	4147170	"ST4-74.fa_4147169_-"	"CDS"	"-"	4147168	4147174	"SL1344_3876"	"rho"	"+"	"SL1344_3876"	"rho"	4147129	4148389	"Origin"	87.5	78.95	87.5	66.67	8	19	40	3	81.4833333333333	86.0467441860465	"Constitutive"	"chromosome"	"intragenic"
"ST4-74.fa"	4149442	4149443	"ST4-74.fa_4149442_-"	"CDS"	"-"	4149441	4149447	"SL1344_3877"	"rfe"	"+"	"SL1344_3877"	"rfe"	4148618	4149722	"Origin"	87.5	100	82.93	100	8	16	41	3	95.8333333333333	84.0938636363636	"Constitutive"	"chromosome"	"intragenic"
"ST4-74.fa"	4150157	4150158	"ST4-74.fa_4150157_-"	"CDS"	"-"	4150156	4150162	"SL1344_3878"	"wzzE"	"+"	"SL1344_3878"	"wzzE"	4149733	4150780	"Origin"	100	85.71	98.33	100	11	21	60	7	90.6221875	98.5044776119403	"Constitutive"	"chromosome"	"intragenic"
"ST4-74.fa"	4150968	4150969	"ST4-74.fa_4150968_+"	"CDS"	"+"	4150964	4150970	"SL1344_3879"	"rffE"	"+"	"SL1344_3879"	"rffE"	4150835	4151966	"Origin"	100	88.89	91.67	85.71	14	18	60	7	93.750625	91.0473134328358	"Constitutive"	"chromosome"	"intragenic"
"ST4-74.fa"	4151364	4151365	"ST4-74.fa_4151364_-"	"CDS"	"-"	4151363	4151369	"SL1344_3879"	"rffE"	"+"	"SL1344_3879"	"rffE"	4150835	4151966	"Origin"	90	84.62	92	75	10	13	50	8	86.9591304347826	89.6551724137931	"Constitutive"	"chromosome"	"intragenic"
"ST4-74.fa"	4151805	4151806	"ST4-74.fa_4151805_-"	"CDS"	"-"	4151804	4151810	"SL1344_3879"	"rffE"	"+"	"SL1344_3879"	"rffE"	4150835	4151966	"Origin"	100	80	68.09	66.67	9	15	47	3	87.5	68.0048	"Constitutive"	"chromosome"	"intragenic"
"ST4-74.fa"	4152866	4152867	"ST4-74.fa_4152866_+"	"CDS"	"+"	4152862	4152868	"SL1344_3880"	"rffD"	"+"	"SL1344_3880"	"rffD"	4151962	4153225	"Origin"	100	83.33	90.74	50	8	12	54	2	89.998	89.285	"Constitutive"	"chromosome"	"intragenic"
"ST4-74.fa"	4153822	4153823	"ST4-74.fa_4153822_-"	"CDS"	"-"	4153821	4153827	"SL1344_3881"	"rffG"	"+"	"SL1344_3881"	"rffG"	4153239	4154292	"Origin"	85.71	83.33	84.91	100	14	18	53	8	84.37125	86.8890163934426	"Constitutive"	"chromosome"	"intragenic"
"ST4-74.fa"	4155785	4155786	"ST4-74.fa_4155785_-"	"CDS"	"-"	4155784	4155790	"SL1344_3884"	"rffA"	"+"	"SL1344_3884"	"rffA"	4155208	4156339	"Origin"	84.62	78.95	75.51	81.82	13	19	49	11	81.2534375	76.6668333333333	"Constitutive"	"chromosome"	"intragenic"
"ST4-74.fa"	4159335	4159336	"ST4-74.fa_4159335_+"	"CDS"	"+"	4159331	4159337	"SL1344_3887"	"rffT"	"+"	"SL1344_3887"	"rffT"	4158663	4160022	"Origin"	100	93.75	97.67	75	7	16	43	4	95.6521739130435	95.7406382978724	"Constitutive"	"chromosome"	"intragenic"
"ST4-74.fa"	416096	416097	"ST4-74.fa_416096_-"	"CDS"	"-"	416095	416101	"SL1344_0362"	"prpR"	"-"	"SL1344_0362"	"prpR"	415572	417198	"NSR"	100	75	84.21	100	5	12	38	3	82.3529411764706	85.3653658536585	"Constitutive"	"chromosome"	"intragenic"
"ST4-74.fa"	4163846	4163847	"ST4-74.fa_4163846_+"	"CDS"	"+"	4163842	4163848	"SL1344_3890"	"hemY"	"-"	"SL1344_3890"	"hemY"	4163467	4164607	"Origin"	100	84.21	85.71	62.5	6	19	49	8	87.9996	82.4524561403509	"Constitutive"	"chromosome"	"intragenic"
"ST4-74.fa"	4163951	4163952	"ST4-74.fa_4163951_-"	"CDS"	"-"	4163950	4163956	"SL1344_3890"	"hemY"	"-"	"SL1344_3890"	"hemY"	4163467	4164607	"Origin"	69.23	81.82	90	75	13	22	40	8	77.1437142857143	87.5	"Constitutive"	"chromosome"	"intragenic"
"ST4-74.fa"	4165378	4165379	"ST4-74.fa_4165378_-"	"CDS"	"-"	4165377	4165383	"SL1344_3891"	"hemX"	"-"	"SL1344_3891"	"hemX"	4164666	4165836	"Origin"	85.71	87.5	83.33	85.71	7	16	36	7	86.9552173913043	83.7174418604651	"Constitutive"	"chromosome"	"intragenic"
"ST4-74.fa"	4166587	4166588	"ST4-74.fa_4166587_+"	"CDS"	"+"	4166583	4166589	"SL1344_3892"	"hemD"	"-"	"SL1344_3892"	"hemD"	4165857	4166598	"Origin"	66.67	53.33	61.36	40	3	15	44	5	55.5533333333333	59.1804081632653	"Constitutive"	"chromosome"	"intragenic"
"ST4-74.fa"	41672	41673	"ST4-74.fa_41672_-"	"ncRNA"	"-"	41671	41677	"SL1344_ncRNA_1"	"no"	"+"	"SL1344_ncRNA_1"	"no"	41628	41708	"NSR"	100	82.35	92.68	100	5	17	41	6	86.3613636363636	93.6144680851064	"Constitutive"	"chromosome"	"intragenic"
"ST4-74.fa"	4168375	4168376	"ST4-74.fa_4168375_-"	"CDS"	"-"	4168374	4168380	"SL1344_3894"	"cyaA"	"+"	"SL1344_3894"	"cyaA"	4167912	4170459	"Origin"	75	75	70	100	12	20	40	7	75	74.468085106383	"Constitutive"	"chromosome"	"intragenic"
"ST4-74.fa"	4169044	4169045	"ST4-74.fa_4169044_+"	"CDS"	"+"	4169040	4169046	"SL1344_3894"	"cyaA"	"+"	"SL1344_3894"	"cyaA"	4167912	4170459	"Origin"	91.67	96.15	98.31	100	12	26	59	6	94.7352631578947	98.466	"Constitutive"	"chromosome"	"intragenic"
"ST4-74.fa"	41697	41698	"ST4-74.fa_41697_+"	"ncRNA"	"+"	41693	41699	"SL1344_ncRNA_1"	"no"	"+"	"SL1344_ncRNA_1"	"no"	41628	41708	"NSR"	100	89.47	87.27	100	2	19	55	8	90.4728571428572	88.8865079365079	"Constitutive"	"chromosome"	"intragenic"
"ST4-74.fa"	4173937	4173938	"ST4-74.fa_4173937_+"	"CDS"	"+"	4173933	4173939	"SL1344_3901"	"dapF"	"+"	"SL1344_3901"	"dapF"	4173804	4174632	"Origin"	100	93.75	86.27	100	8	16	51	6	95.8333333333333	87.7152631578947	"Constitutive"	"chromosome"	"intragenic"
"ST4-74.fa"	4177441	4177442	"ST4-74.fa_4177441_+"	"CDS"	"+"	4177437	4177443	"SL1344_3905"	"uvrD"	"+"	"SL1344_3905"	"uvrD"	4177086	4179249	"Origin"	71.43	76.19	76.36	83.33	7	21	55	6	75	77.0455737704918	"Constitutive"	"chromosome"	"intragenic"
"ST4-74.fa"	4178476	4178477	"ST4-74.fa_4178476_-"	"CDS"	"-"	4178475	4178481	"SL1344_3905"	"uvrD"	"+"	"SL1344_3905"	"uvrD"	4177086	4179249	"Origin"	80	100	88.1	100	10	17	42	8	92.5925925925926	90.004	"Constitutive"	"chromosome"	"intragenic"
"ST4-74.fa"	4182407	4182408	"ST4-74.fa_4182407_+"	"CDS"	"+"	4182403	4182409	"SL1344_3909"	"rarD"	"-"	"SL1344_3909"	"rarD"	4181608	4182493	"Origin"	90.91	94.74	75	100	11	19	36	3	93.3356666666667	76.9230769230769	"Constitutive"	"chromosome"	"intragenic"
"ST4-74.fa"	4182579	4182580	"ST4-74.fa_4182579_-"	"CDS"	"-"	4182578	4182584	"SL1344_3910"	"yigI"	"-"	"SL1344_3910"	"yigI"	4182536	4183022	"Origin"	75	70	91.11	66.67	12	20	45	6	71.875	88.2347058823529	"Constitutive"	"chromosome"	"intragenic"
"ST4-74.fa"	4183973	4183974	"ST4-74.fa_4183973_-"	"CDS"	"-"	4183972	4183978	"SL1344_3911"	"pldA"	"+"	"SL1344_3911"	"pldA"	4183291	4184038	"Origin"	88.89	84.21	84.91	88.89	9	19	53	9	85.7142857142857	85.4877419354839	"Constitutive"	"chromosome"	"intragenic"
"ST4-74.fa"	4184371	4184372	"ST4-74.fa_4184371_+"	"CDS"	"+"	4184367	4184373	"SL1344_3912"	"recQ"	"+"	"SL1344_3912"	"recQ"	4184103	4185951	"Origin"	100	100	96.15	100	13	28	52	3	100	96.36	"Constitutive"	"chromosome"	"intragenic"
"ST4-74.fa"	418665	418666	"ST4-74.fa_418665_-"	"CDS"	"-"	418664	418670	"SL1344_0364"	"prpC"	"+"	"SL1344_0364"	"prpC"	418472	419642	"NSR"	100	72.73	91.11	90.91	7	11	45	11	83.335	91.0707142857143	"Constitutive"	"chromosome"	"intragenic"
"ST4-74.fa"	4199488	4199489	"ST4-74.fa_4199488_+"	"CDS"	"+"	4199484	4199490	"SL1344_3924"	"ubiE"	"+"	"SL1344_3924"	"ubiE"	4198836	4199592	"Origin"	100	77.27	90	100	9	22	40	7	83.8690322580645	91.4893617021277	"Constitutive"	"chromosome"	"intragenic"
"ST4-74.fa"	4200468	4200469	"ST4-74.fa_4200468_+"	"CDS"	"+"	4200464	4200470	"SL1344_3926"	"aarF"	"+"	"SL1344_3926"	"aarF"	4200203	4201844	"Origin"	100	95.24	92.86	0	11	21	42	2	96.87625	88.6390909090909	"Constitutive"	"chromosome"	"intragenic"
"ST4-74.fa"	4200801	4200802	"ST4-74.fa_4200801_-"	"CDS"	"-"	4200800	4200806	"SL1344_3926"	"aarF"	"+"	"SL1344_3926"	"aarF"	4200203	4201844	"Origin"	100	95.83	91.67	100	11	24	36	11	97.1405714285714	93.6195744680851	"Constitutive"	"chromosome"	"intragenic"
"ST4-74.fa"	4201521	4201522	"ST4-74.fa_4201521_+"	"CDS"	"+"	4201517	4201523	"SL1344_3926"	"aarF"	"+"	"SL1344_3926"	"aarF"	4200203	4201844	"Origin"	66.67	66.67	79.41	40	9	18	34	5	66.67	74.3574358974359	"Constitutive"	"chromosome"	"intragenic"
"ST4-74.fa"	4202895	4202896	"ST4-74.fa_4202895_-"	"CDS"	"-"	4202894	4202900	"SL1344_3929"	"tatC"	"+"	"SL1344_3929"	"tatC"	4202858	4203638	"Origin"	100	62.5	84.09	100	9	24	44	9	72.7272727272727	86.7916981132075	"Constitutive"	"chromosome"	"intragenic"
"ST4-74.fa"	42041	42042	"ST4-74.fa_42041_-"	"CDS"	"-"	42040	42046	"SL1344_0037"	"STM0036"	"+"	"SL1344_0037"	"STM0036"	41722	42913	"NSR"	100	100	98.18	100	6	20	55	9	100	98.4359375	"Constitutive"	"chromosome"	"intragenic"
"ST4-74.fa"	4207029	4207030	"ST4-74.fa_4207029_-"	"CDS"	"-"	4207028	4207034	"SL1344_3933"	"fre"	"+"	"SL1344_3933"	"fre"	4206707	4207409	"Origin"	100	93.75	90.48	88.89	11	16	42	9	96.2962962962963	90.1994117647059	"Constitutive"	"chromosome"	"intragenic"
"ST4-74.fa"	4208599	4208600	"ST4-74.fa_4208599_+"	"CDS"	"+"	4208595	4208601	"SL1344_3934"	"STM3980"	"+"	"SL1344_3934"	"STM3980"	4207662	4209486	"Origin"	100	88.89	89.09	100	13	27	55	7	92.50075	90.3217741935484	"Constitutive"	"chromosome"	"intragenic"
"ST4-74.fa"	4208680	4208681	"ST4-74.fa_4208680_+"	"CDS"	"+"	4208676	4208682	"SL1344_3934"	"STM3980"	"+"	"SL1344_3934"	"STM3980"	4207662	4209486	"Origin"	93.33	86.21	88.71	100	15	29	62	9	88.6372727272727	90.1411267605634	"Constitutive"	"chromosome"	"intragenic"
"ST4-74.fa"	4214084	4214085	"ST4-74.fa_4214084_-"	"CDS"	"-"	4214083	4214089	"SL1344_3937"	"pepQ"	"+"	"SL1344_3937"	"pepQ"	4213234	4214566	"Origin"	100	95.24	92.98	100	6	21	57	12	96.2977777777778	94.2008695652174	"Constitutive"	"chromosome"	"intragenic"
"ST4-74.fa"	4215957	4215958	"ST4-74.fa_4215957_-"	"CDS"	"-"	4215956	4215962	"SL1344_3939"	"trkH"	"+"	"SL1344_3939"	"trkH"	4215218	4216670	"Origin"	87.5	73.33	85.29	87.5	8	15	34	8	78.2586956521739	85.7109523809524	"Constitutive"	"chromosome"	"intragenic"
"ST4-74.fa"	4218963	4218964	"ST4-74.fa_4218963_+"	"rRNA"	"+"	4218959	4218965	"SL1344_rRNA_14"	"no"	"+"	"SL1344_rRNA_14"	"no"	4217614	4219158	"Origin"	87.5	100	92.31	35.48	8	34	52	31	97.6190476190476	71.0843373493976	"Constitutive"	"chromosome"	"intragenic"
"ST4-74.fa"	4219	4220	"ST4-74.fa_4219_+"	"CDS"	"+"	4215	4221	"SL1344_0004"	"thrC"	"+"	"SL1344_0004"	"thrC"	3733	5020	"NSR"	50	75	77.42	100	4	4	31	5	62.5	80.5561111111111	"Constitutive"	"chromosome"	"intragenic"
"ST4-74.fa"	4221627	4221628	"ST4-74.fa_4221627_-"	"rRNA"	"-"	4221626	4221632	"SL1344_rRNA_15"	"no"	"+"	"SL1344_rRNA_15"	"no"	4219674	4222672	"Origin"	100	100	83.78	21.95	10	12	37	41	100	51.2796153846154	"Constitutive"	"chromosome"	"intragenic"
"ST4-74.fa"	4223573	4223574	"ST4-74.fa_4223573_+"	"CDS"	"+"	4223569	4223575	"SL1344_3941"	"mobB"	"-"	"SL1344_3941"	"mobB"	4223122	4223638	"Origin"	80	72	77.78	66.67	5	25	45	6	73.3333333333333	76.4729411764706	"Constitutive"	"chromosome"	"intragenic"
"ST4-74.fa"	4224350	4224351	"ST4-74.fa_4224350_-"	"CDS"	"-"	4224349	4224355	"SL1344_3943"	"yihD"	"+"	"SL1344_3943"	"yihD"	4224288	4224558	"Origin"	57.14	62.5	76.74	54.55	14	16	43	11	59.9986666666667	72.2198148148148	"Constitutive"	"chromosome"	"intragenic"
"ST4-74.fa"	4224436	4224437	"ST4-74.fa_4224436_-"	"CDS"	"-"	4224435	4224441	"SL1344_3943"	"yihD"	"+"	"SL1344_3943"	"yihD"	4224288	4224558	"Origin"	93.33	81.25	90.91	88.89	15	16	44	9	87.0951612903226	90.5669811320755	"Constitutive"	"chromosome"	"intragenic"
"ST4-74.fa"	4224995	4224996	"ST4-74.fa_4224995_+"	"CDS"	"+"	4224991	4224997	"SL1344_3944"	"rodA"	"+"	"SL1344_3944"	"rodA"	4224634	4225621	"Origin"	77.78	83.33	95.74	100	9	24	47	9	81.8163636363636	96.4246428571429	"Constitutive"	"chromosome"	"intragenic"
"ST4-74.fa"	4225703	4225704	"ST4-74.fa_4225703_+"	"CDS"	"+"	4225699	4225705	"SL1344_3945"	"dsbA"	"+"	"SL1344_3945"	"dsbA"	4225637	4226261	"Origin"	66.67	60	71.43	16.67	6	20	35	6	61.5392307692308	63.4163414634146	"Constitutive"	"chromosome"	"intragenic"
"ST4-74.fa"	4227714	4227715	"ST4-74.fa_4227714_-"	"CDS"	"-"	4227713	4227719	"SL1344_3947"	"polA"	"+"	"SL1344_3947"	"polA"	4227569	4230356	"Origin"	100	89.47	94	100	9	19	50	6	92.8546428571429	94.6428571428571	"Constitutive"	"chromosome"	"intragenic"
"ST4-74.fa"	4228020	4228021	"ST4-74.fa_4228020_-"	"CDS"	"-"	4228019	4228025	"SL1344_3947"	"polA"	"+"	"SL1344_3947"	"polA"	4227569	4230356	"Origin"	77.78	94.74	88.64	85.71	9	19	44	7	89.2885714285714	88.2378431372549	"Constitutive"	"chromosome"	"intragenic"
"ST4-74.fa"	4232643	4232644	"ST4-74.fa_4232643_-"	"CDS"	"-"	4232642	4232648	"SL1344_3951"	"hemN"	"+"	"SL1344_3951"	"hemN"	4232609	4233983	"Origin"	80	85	91.43	57.14	5	20	35	7	84	85.715	"Constitutive"	"chromosome"	"intragenic"
"ST4-74.fa"	4233903	4233904	"ST4-74.fa_4233903_-"	"CDS"	"-"	4233902	4233908	"SL1344_3951"	"hemN"	"+"	"SL1344_3951"	"hemN"	4232609	4233983	"Origin"	100	86.36	90.24	88.89	3	22	41	9	87.9968	89.997	"Constitutive"	"chromosome"	"intragenic"
"ST4-74.fa"	4236837	4236838	"ST4-74.fa_4236837_+"	"intergenic"	"+"	4236833	4236839	"SL1344_3953"	"glnL"	"--"	"STnc800"	"no"	4236763	4236850	"Origin"	73.33	60.71	86.36	100	15	28	44	7	65.1123255813954	88.2321568627451	"Constitutive"	"chromosome"	"intergenic"
"ST4-74.fa"	4240284	4240285	"ST4-74.fa_4240284_-"	"CDS"	"-"	4240283	4240289	"SL1344_3955"	"typA"	"+"	"SL1344_3955"	"typA"	4238822	4240646	"Origin"	66.67	72.22	72.34	75	6	18	47	4	70.8325	72.5486274509804	"Constitutive"	"chromosome"	"intragenic"
"ST4-74.fa"	424876	424877	"ST4-74.fa_424876_+"	"CDS"	"+"	424872	424878	"SL1344_0368"	"yaiU"	"+"	"SL1344_0368"	"yaiU"	424650	427587	"NSR"	100	90.91	83.05	66.67	7	11	59	9	94.445	80.8820588235294	"Constitutive"	"chromosome"	"intragenic"
"ST4-74.fa"	4249516	4249517	"ST4-74.fa_4249516_+"	"CDS"	"+"	4249512	4249518	"SL1344_3964"	"yihP"	"-"	"SL1344_3964"	"yihP"	4248675	4250058	"Origin"	83.33	95.83	88.52	88.89	6	24	61	9	93.33	88.5675714285714	"Constitutive"	"chromosome"	"intragenic"
"ST4-74.fa"	4249882	4249883	"ST4-74.fa_4249882_+"	"CDS"	"+"	4249878	4249884	"SL1344_3964"	"yihP"	"-"	"SL1344_3964"	"yihP"	4248675	4250058	"Origin"	100	77.78	91.11	80	8	18	45	5	84.6169230769231	89.999	"Constitutive"	"chromosome"	"intragenic"
"ST4-74.fa"	4253984	4253985	"ST4-74.fa_4253984_-"	"CDS"	"-"	4253983	4253989	"SL1344_3967"	"yihS"	"-"	"SL1344_3967"	"yihS"	4253044	4254286	"Origin"	53.85	72.73	63.64	75	13	11	33	8	62.5033333333333	65.8565853658537	"Constitutive"	"chromosome"	"intragenic"
"ST4-74.fa"	4254980	4254981	"ST4-74.fa_4254980_-"	"CDS"	"-"	4254979	4254985	"SL1344_3968"	"yihT"	"-"	"SL1344_3968"	"yihT"	4254301	4255180	"Origin"	93.75	92.86	81.82	100	16	14	44	8	93.3346666666667	84.6169230769231	"Constitutive"	"chromosome"	"intragenic"
"ST4-74.fa"	4255112	4255113	"ST4-74.fa_4255112_-"	"CDS"	"-"	4255111	4255117	"SL1344_3968"	"yihT"	"-"	"SL1344_3968"	"yihT"	4254301	4255180	"Origin"	93.75	80	85	100	16	15	40	4	87.0967741935484	86.3636363636364	"Constitutive"	"chromosome"	"intragenic"
"ST4-74.fa"	4255584	4255585	"ST4-74.fa_4255584_+"	"CDS"	"+"	4255580	4255586	"SL1344_3969"	"yihU"	"-"	"SL1344_3969"	"yihU"	4255202	4256099	"Origin"	100	80	90	100	11	20	50	6	87.0967741935484	91.0714285714286	"Constitutive"	"chromosome"	"intragenic"
"ST4-74.fa"	4259260	4259261	"ST4-74.fa_4259260_+"	"CDS"	"+"	4259256	4259262	"SL1344_3973"	"rbn"	"+"	"SL1344_3973"	"rbn"	4258780	4259653	"Origin"	100	68.75	85.71	100	4	16	42	5	75	87.2302127659574	"Constitutive"	"chromosome"	"intragenic"
"ST4-74.fa"	4262321	4262322	"ST4-74.fa_4262321_+"	"CDS"	"+"	4262317	4262323	"SL1344_3978"	"STM4032"	"-"	"SL1344_3978"	"STM4032"	4261927	4262857	"Origin"	66.67	60	58.82	75	3	15	51	8	61.1116666666667	61.0138983050848	"Constitutive"	"chromosome"	"intragenic"
"ST4-74.fa"	426260	426261	"ST4-74.fa_426260_-"	"CDS"	"-"	426259	426265	"SL1344_0368"	"yaiU"	"+"	"SL1344_0368"	"yaiU"	424650	427587	"NSR"	100	81.82	84.13	100	3	11	63	9	85.7157142857143	86.11375	"Constitutive"	"chromosome"	"intragenic"
"ST4-74.fa"	4265903	4265904	"ST4-74.fa_4265903_+"	"CDS"	"+"	4265899	4265905	"SL1344_3983"	"fdoH"	"-"	"SL1344_3983"	"fdoH"	4265281	4266184	"Origin"	83.33	92.86	91.84	83.33	6	14	49	6	90.001	90.9116363636363	"Constitutive"	"chromosome"	"intragenic"
"ST4-74.fa"	4267766	4267767	"ST4-74.fa_4267766_-"	"CDS"	"-"	4267765	4267771	"SL1344_3984"	"fdoG"	"-"	"SL1344_3984"	"fdoG"	4266196	4269247	"Origin"	80	100	93.75	100	10	9	48	5	89.4736842105263	94.3396226415094	"Constitutive"	"chromosome"	"intragenic"
"ST4-74.fa"	4268318	4268319	"ST4-74.fa_4268318_+"	"CDS"	"+"	4268314	4268320	"SL1344_3984"	"fdoG"	"-"	"SL1344_3984"	"fdoG"	4266196	4269247	"Origin"	100	88.24	93.55	80	9	17	62	5	92.3107692307692	92.5388059701492	"Constitutive"	"chromosome"	"intragenic"
"ST4-74.fa"	426868	426869	"ST4-74.fa_426868_+"	"CDS"	"+"	426864	426870	"SL1344_0368"	"yaiU"	"+"	"SL1344_0368"	"yaiU"	424650	427587	"NSR"	100	100	98.21	87.5	10	14	56	8	100	96.87125	"Constitutive"	"chromosome"	"intragenic"
"ST4-74.fa"	426994	426995	"ST4-74.fa_426994_+"	"CDS"	"+"	426990	426996	"SL1344_0368"	"yaiU"	"+"	"SL1344_0368"	"yaiU"	424650	427587	"NSR"	90.91	83.33	100	100	11	12	66	9	86.9552173913043	100	"Constitutive"	"chromosome"	"intragenic"
"ST4-74.fa"	4272939	4272940	"ST4-74.fa_4272939_+"	"intergenic"	"+"	4272935	4272941	"SL1344_3988"	"yiiG"	"+-"	"SL1344_3989"	"STM4041"	4272860	4273214	"Origin"	85.71	90.48	92.59	75	7	21	54	4	89.2875	91.3768965517241	"Constitutive"	"chromosome"	"intergenic"
"ST4-74.fa"	427351	427352	"ST4-74.fa_427351_+"	"CDS"	"+"	427347	427353	"SL1344_0368"	"yaiU"	"+"	"SL1344_0368"	"yaiU"	424650	427587	"NSR"	100	78.57	88.68	85.71	5	14	53	7	84.2094736842105	88.3335	"Constitutive"	"chromosome"	"intragenic"
"ST4-74.fa"	4275109	4275110	"ST4-74.fa_4275109_-"	"CDS"	"-"	4275108	4275114	"SL1344_3992"	"yiiL"	"-"	"SL1344_3992"	"yiiL"	4274934	4275249	"Origin"	90	86.36	90.48	90	10	22	42	10	87.4975	90.3876923076923	"Constitutive"	"chromosome"	"intragenic"
"ST4-74.fa"	4276293	4276294	"ST4-74.fa_4276293_+"	"CDS"	"+"	4276289	4276295	"SL1344_3993"	"STM4044"	"-"	"SL1344_3993"	"STM4044"	4275245	4276394	"Origin"	92.86	90.91	98	100	14	22	50	6	91.6683333333333	98.2142857142857	"Constitutive"	"chromosome"	"intragenic"
"ST4-74.fa"	4276869	4276870	"ST4-74.fa_4276869_+"	"CDS"	"+"	4276865	4276871	"SL1344_3994"	"rhaD"	"-"	"SL1344_3994"	"rhaD"	4276520	4277348	"Origin"	92.86	95.45	100	100	14	22	45	3	94.4427777777778	100	"Constitutive"	"chromosome"	"intragenic"
"ST4-74.fa"	4276908	4276909	"ST4-74.fa_4276908_+"	"CDS"	"+"	4276904	4276910	"SL1344_3994"	"rhaD"	"-"	"SL1344_3994"	"rhaD"	4276520	4277348	"Origin"	100	91.3	100	66.67	15	23	46	6	94.7342105263158	96.1542307692308	"Constitutive"	"chromosome"	"intragenic"
"ST4-74.fa"	4277479	4277480	"ST4-74.fa_4277479_+"	"intergenic"	"+"	4277475	4277481	"SL1344_3994"	"rhaD"	"--"	"SL1344_3995"	"rhaA"	4277348	4277490	"Origin"	80	80.95	86.05	50	10	21	43	2	80.6435483870968	84.4477777777778	"Constitutive"	"chromosome"	"intergenic"
"ST4-74.fa"	4278496	4278497	"ST4-74.fa_4278496_+"	"CDS"	"+"	4278492	4278498	"SL1344_3995"	"rhaA"	"-"	"SL1344_3995"	"rhaA"	4277490	4278750	"Origin"	91.67	90.48	94.44	100	12	21	54	3	90.9127272727273	94.7326315789474	"Constitutive"	"chromosome"	"intragenic"
"ST4-74.fa"	428261	428262	"ST4-74.fa_428261_-"	"CDS"	"-"	428260	428266	"SL1344_0369"	"yaiV"	"+"	"SL1344_0369"	"yaiV"	427672	428296	"NSR"	100	92.31	93.55	100	7	13	62	11	95.0015	94.5219178082192	"Constitutive"	"chromosome"	"intragenic"
"ST4-74.fa"	428266	428267	"ST4-74.fa_428266_+"	"CDS"	"+"	428262	428268	"SL1344_0369"	"yaiV"	"+"	"SL1344_0369"	"yaiV"	427672	428296	"NSR"	80	88.89	93.75	71.43	5	18	64	7	86.9573913043478	91.5494366197183	"Constitutive"	"chromosome"	"intragenic"
"ST4-74.fa"	4282938	4282939	"ST4-74.fa_4282938_+"	"CDS"	"+"	4282934	4282940	"SL1344_3999"	"rhaT"	"-"	"SL1344_3999"	"rhaT"	4282337	4283372	"Origin"	91.67	81.82	92.5	66.67	12	22	40	6	85.2964705882353	89.1308695652174	"Constitutive"	"chromosome"	"intragenic"
"ST4-74.fa"	4285450	4285451	"ST4-74.fa_4285450_+"	"CDS"	"+"	4285446	4285452	"SL1344_4001"	"STM4052"	"-"	"SL1344_4001"	"STM4052"	4284831	4286139	"Origin"	100	90.91	95.65	75	7	22	46	8	93.1041379310345	92.5907407407408	"Constitutive"	"chromosome"	"intragenic"
"ST4-74.fa"	4286231	4286232	"ST4-74.fa_4286231_+"	"CDS"	"+"	4286227	4286233	"SL1344_4002"	"STM4053"	"-"	"SL1344_4002"	"STM4053"	4286131	4286647	"Origin"	100	78.95	78.72	100	11	19	47	6	86.6683333333333	81.1290566037736	"Constitutive"	"chromosome"	"intragenic"
"ST4-74.fa"	428815	428816	"ST4-74.fa_428815_-"	"CDS"	"-"	428814	428820	"SL1344_0370"	"ampH"	"-"	"SL1344_0370"	"ampH"	428340	429471	"NSR"	100	92.31	100	100	9	13	68	7	95.4559090909091	100	"Constitutive"	"chromosome"	"intragenic"
"ST4-74.fa"	4288794	4288795	"ST4-74.fa_4288794_+"	"CDS"	"+"	4288790	4288796	"SL1344_4005"	"yiiM"	"+"	"SL1344_4005"	"yiiM"	4288667	4289357	"Origin"	100	91.3	84.78	85.71	11	23	46	7	94.114705882353	84.9028301886792	"Constitutive"	"chromosome"	"intragenic"
"ST4-74.fa"	429190	429191	"ST4-74.fa_429190_-"	"CDS"	"-"	429189	429195	"SL1344_0370"	"ampH"	"-"	"SL1344_0370"	"ampH"	428340	429471	"NSR"	60	61.54	67.86	83.33	10	13	56	6	60.8704347826087	69.3570967741935	"Constitutive"	"chromosome"	"intragenic"
"ST4-74.fa"	4295445	4295446	"ST4-74.fa_4295445_+"	"CDS"	"+"	4295441	4295447	"SL1344_4012"	"sbp"	"+"	"SL1344_4012"	"sbp"	4294934	4295924	"Origin"	93.75	100	95.38	100	16	20	65	8	97.2222222222222	95.886301369863	"Constitutive"	"chromosome"	"intragenic"
"ST4-74.fa"	4296154	4296155	"ST4-74.fa_4296154_+"	"CDS"	"+"	4296150	4296156	"SL1344_4013"	"cdh-a"	"+"	"SL1344_4013"	"cdh-a"	4296024	4296780	"Origin"	60	73.33	89.8	60	10	15	49	5	67.998	87.0407407407407	"Constitutive"	"chromosome"	"intragenic"
"ST4-74.fa"	4297718	4297719	"ST4-74.fa_4297718_+"	"CDS"	"+"	4297714	4297720	"SL1344_4014"	"STM4065"	"+"	"SL1344_4014"	"STM4065"	4297042	4298377	"Origin"	84.62	82.35	85.96	100	13	17	57	7	83.3336666666667	87.495625	"Constitutive"	"chromosome"	"intragenic"
"ST4-74.fa"	4298646	4298647	"ST4-74.fa_4298646_-"	"CDS"	"-"	4298645	4298651	"SL1344_4015"	"STM4066"	"+"	"SL1344_4015"	"STM4066"	4298387	4299347	"Origin"	87.5	68.42	86.54	100	8	19	52	5	74.0733333333333	87.720701754386	"Constitutive"	"chromosome"	"intragenic"
"ST4-74.fa"	4298910	4298911	"ST4-74.fa_4298910_-"	"CDS"	"-"	4298909	4298915	"SL1344_4015"	"STM4066"	"+"	"SL1344_4015"	"STM4066"	4298387	4299347	"Origin"	66.67	60	62.5	83.33	6	15	40	6	61.9057142857143	65.2169565217391	"Constitutive"	"chromosome"	"intragenic"
"ST4-74.fa"	429905	429906	"ST4-74.fa_429905_-"	"intergenic"	"-"	429904	429910	"SL1344_0370"	"ampH"	"-+"	"SL1344_0371"	"sbmA"	429471	429946	"NSR"	100	85.71	96.15	83.33	8	7	52	6	93.3313333333333	94.8237931034483	"Constitutive"	"chromosome"	"intergenic"
"ST4-74.fa"	4301179	4301180	"ST4-74.fa_4301179_-"	"CDS"	"-"	4301178	4301184	"SL1344_4017"	"STM4068"	"+"	"SL1344_4017"	"STM4068"	4300459	4301182	"Origin"	78.57	94.12	70.45	77.78	14	17	44	9	87.0974193548387	71.6947169811321	"Constitutive"	"chromosome"	"intragenic"
"ST4-74.fa"	4301179	4301180	"ST4-74.fa_4301179_-"	"intergenic"	"-"	4301178	4301184	"SL1344_4017"	"STM4068"	"++"	"SL1344_4018"	"STM4069"	4301182	4301279	"Origin"	78.57	94.12	70.45	77.78	14	17	44	9	87.0974193548387	71.6947169811321	"Constitutive"	"chromosome"	"intergenic"
"ST4-74.fa"	4301514	4301515	"ST4-74.fa_4301514_-"	"CDS"	"-"	4301513	4301519	"SL1344_4019"	"cdh-b"	"+"	"SL1344_4019"	"cdh-b"	4301459	4301591	"Origin"	62.5	66.67	63.33	66.67	8	15	30	6	65.2195652173913	63.8866666666667	"Constitutive"	"chromosome"	"intragenic"
"ST4-74.fa"	4303123	4303124	"ST4-74.fa_4303123_-"	"CDS"	"-"	4303122	4303128	"SL1344_4021"	"ydeV"	"-"	"SL1344_4021"	"ydeV"	4302044	4303637	"Origin"	100	100	100	75	13	10	32	8	100	95	"Constitutive"	"chromosome"	"intragenic"
"ST4-74.fa"	4303764	4303765	"ST4-74.fa_4303764_-"	"CDS"	"-"	4303763	4303769	"SL1344_4022"	"ydeW"	"-"	"SL1344_4022"	"ydeW"	4303724	4304684	"Origin"	88.89	92.86	83.33	66.67	9	14	36	9	91.3065217391304	79.998	"Constitutive"	"chromosome"	"intragenic"
"ST4-74.fa"	4305466	4305467	"ST4-74.fa_4305466_-"	"CDS"	"-"	4305465	4305471	"SL1344_4023"	"ego"	"+"	"SL1344_4023"	"ego"	4304939	4306475	"Origin"	87.5	81.82	84.78	100	16	22	46	6	84.2115789473684	86.5361538461539	"Constitutive"	"chromosome"	"intragenic"
"ST4-74.fa"	4311463	4311464	"ST4-74.fa_4311463_+"	"CDS"	"+"	4311459	4311465	"SL1344_4029"	"STM4080"	"+"	"SL1344_4029"	"STM4080"	4310847	4311612	"Origin"	71.43	50	82.35	75	7	12	34	4	57.8952631578947	81.5763157894737	"Constitutive"	"chromosome"	"intragenic"
"ST4-74.fa"	4312148	4312149	"ST4-74.fa_4312148_+"	"CDS"	"+"	4312144	4312150	"SL1344_4030"	"tpiA"	"-"	"SL1344_4030"	"tpiA"	4311703	4312471	"Origin"	100	93.33	96	80	9	15	50	10	95.83125	93.3333333333333	"Constitutive"	"chromosome"	"intragenic"
"ST4-74.fa"	4313602	4313603	"ST4-74.fa_4313602_-"	"CDS"	"-"	4313601	4313607	"SL1344_4032"	"yiiR"	"+"	"SL1344_4032"	"yiiR"	4313280	4313709	"Origin"	92.31	82.35	89.36	88.89	13	17	47	9	86.666	89.2844642857143	"Constitutive"	"chromosome"	"intragenic"
"ST4-74.fa"	4314749	4314750	"ST4-74.fa_4314749_+"	"CDS"	"+"	4314745	4314751	"SL1344_4034"	"glpX"	"-"	"SL1344_4034"	"glpX"	4314658	4315669	"Origin"	100	62.5	75.68	100	6	8	37	4	78.5714285714286	78.0526829268293	"Constitutive"	"chromosome"	"intragenic"
"ST4-74.fa"	4316549	4316550	"ST4-74.fa_4316549_-"	"CDS"	"-"	4316548	4316554	"SL1344_4035"	"glpK"	"-"	"SL1344_4035"	"glpK"	4315780	4317289	"Origin"	87.5	75	72.09	100	8	12	43	2	80	73.3304444444445	"Constitutive"	"chromosome"	"intragenic"
"ST4-74.fa"	4317068	4317069	"ST4-74.fa_4317068_-"	"CDS"	"-"	4317067	4317073	"SL1344_4035"	"glpK"	"-"	"SL1344_4035"	"glpK"	4315780	4317289	"Origin"	88.89	93.75	94.44	88.89	18	16	54	9	91.1770588235294	93.6471428571429	"Constitutive"	"chromosome"	"intragenic"
"ST4-74.fa"	4317598	4317599	"ST4-74.fa_4317598_+"	"CDS"	"+"	4317594	4317600	"SL1344_4036"	"glpF"	"-"	"SL1344_4036"	"glpF"	4317309	4318155	"Origin"	80	81.82	92.5	100	5	11	40	4	81.25125	93.1818181818182	"Constitutive"	"chromosome"	"intragenic"
"ST4-74.fa"	4320205	4320206	"ST4-74.fa_4320205_+"	"CDS"	"+"	4320201	4320207	"SL1344_4039"	"menA"	"-"	"SL1344_4039"	"menA"	4319592	4320522	"Origin"	91.67	93.33	90.57	88.89	12	15	53	9	92.5922222222222	90.3261290322581	"Constitutive"	"chromosome"	"intragenic"
"ST4-74.fa"	4320967	4320968	"ST4-74.fa_4320967_+"	"CDS"	"+"	4320963	4320969	"SL1344_4040"	"hslU"	"-"	"SL1344_4040"	"hslU"	4320588	4321920	"Origin"	100	77.78	66.67	77.78	5	9	36	9	85.7157142857143	68.892	"Constitutive"	"chromosome"	"intragenic"
"ST4-74.fa"	4320972	4320973	"ST4-74.fa_4320972_+"	"CDS"	"+"	4320968	4320974	"SL1344_4040"	"hslU"	"-"	"SL1344_4040"	"hslU"	4320588	4321920	"Origin"	27.27	28.57	42.42	45.45	11	14	33	11	27.998	43.1775	"LSP-specific"	"chromosome"	"intragenic"
"ST4-74.fa"	4321516	4321517	"ST4-74.fa_4321516_+"	"CDS"	"+"	4321512	4321518	"SL1344_4040"	"hslU"	"-"	"SL1344_4040"	"hslU"	4320588	4321920	"Origin"	100	66.67	82.93	81.82	7	12	41	11	78.9494736842105	82.6951923076923	"Constitutive"	"chromosome"	"intragenic"
"ST4-74.fa"	4323704	4323705	"ST4-74.fa_4323704_-"	"CDS"	"-"	4323703	4323709	"SL1344_4043"	"cytR"	"-"	"SL1344_4043"	"cytR"	4323619	4324645	"Origin"	84.62	85	94	90	13	20	50	10	84.850303030303	93.3333333333333	"Constitutive"	"chromosome"	"intragenic"
"ST4-74.fa"	4327061	4327062	"ST4-74.fa_4327061_+"	"intergenic"	"+"	4327057	4327063	"SL1344_4044"	"priA"	"-+"	"SL1344_4045"	"rpmE"	4326998	4327201	"Origin"	100	87.5	86.96	83.33	12	16	46	6	92.8571428571429	86.5411538461538	"Constitutive"	"chromosome"	"intergenic"
"ST4-74.fa"	4329106	4329107	"ST4-74.fa_4329106_-"	"CDS"	"-"	4329105	4329111	"SL1344_4047"	"STM4098"	"-"	"SL1344_4047"	"STM4098"	4328322	4330113	"Origin"	71.43	53.33	67.74	75	7	15	31	8	59.0890909090909	69.2292307692308	"Constitutive"	"chromosome"	"intragenic"
"ST4-74.fa"	4329848	4329849	"ST4-74.fa_4329848_-"	"CDS"	"-"	4329847	4329853	"SL1344_4047"	"STM4098"	"-"	"SL1344_4047"	"STM4098"	4328322	4330113	"Origin"	100	84.21	93.75	100	7	19	48	8	88.4611538461538	94.6428571428571	"Constitutive"	"chromosome"	"intragenic"
"ST4-74.fa"	433093	433094	"ST4-74.fa_433093_-"	"CDS"	"-"	433092	433098	"SL1344_0375"	"ddlA"	"-"	"SL1344_0375"	"ddlA"	433028	434123	"NSR"	71.43	77.78	87.5	71.43	7	9	48	7	75.001875	85.4547272727273	"Constitutive"	"chromosome"	"intragenic"
"ST4-74.fa"	4331521	4331522	"ST4-74.fa_4331521_+"	"CDS"	"+"	4331517	4331523	"SL1344_4049"	"metB"	"+"	"SL1344_4049"	"metB"	4331151	4332312	"Origin"	90.91	94.12	85.42	60	11	17	48	5	92.8589285714286	83.0218867924528	"Constitutive"	"chromosome"	"intragenic"
"ST4-74.fa"	4333983	4333984	"ST4-74.fa_4333983_+"	"CDS"	"+"	4333979	4333985	"SL1344_4050"	"metL"	"+"	"SL1344_4050"	"metL"	4332314	4334747	"Origin"	90.91	84.62	86.36	75	11	13	44	4	87.5029166666666	85.4133333333333	"Constitutive"	"chromosome"	"intragenic"
"ST4-74.fa"	4334192	4334193	"ST4-74.fa_4334192_+"	"CDS"	"+"	4334188	4334194	"SL1344_4050"	"metL"	"+"	"SL1344_4050"	"metL"	4332314	4334747	"Origin"	90.91	75	86.49	100	11	12	37	3	82.6091304347826	87.50325	"Constitutive"	"chromosome"	"intragenic"
"ST4-74.fa"	4334271	4334272	"ST4-74.fa_4334271_+"	"CDS"	"+"	4334267	4334273	"SL1344_4050"	"metL"	"+"	"SL1344_4050"	"metL"	4332314	4334747	"Origin"	90	100	86.05	100	10	13	43	7	95.6521739130435	88.003	"Constitutive"	"chromosome"	"intragenic"
"ST4-74.fa"	4334388	4334389	"ST4-74.fa_4334388_+"	"CDS"	"+"	4334384	4334390	"SL1344_4050"	"metL"	"+"	"SL1344_4050"	"metL"	4332314	4334747	"Origin"	100	92.86	95.74	100	9	14	47	5	95.6539130434783	96.1496153846154	"Constitutive"	"chromosome"	"intragenic"
"ST4-74.fa"	4338837	4338838	"ST4-74.fa_4338837_-"	"CDS"	"-"	4338836	4338842	"SL1344_4054"	"STM4104"	"+"	"SL1344_4054"	"STM4104"	4338215	4339772	"Origin"	100	100	95	71.43	10	14	40	7	100	91.4895744680851	"Constitutive"	"chromosome"	"intragenic"
"ST4-74.fa"	4339005	4339006	"ST4-74.fa_4339005_-"	"CDS"	"-"	4339004	4339010	"SL1344_4054"	"STM4104"	"+"	"SL1344_4054"	"STM4104"	4338215	4339772	"Origin"	88.89	92.86	97.22	83.33	9	14	36	6	91.3065217391304	95.2357142857143	"Constitutive"	"chromosome"	"intragenic"
"ST4-74.fa"	4342315	4342316	"ST4-74.fa_4342315_-"	"CDS"	"-"	4342314	4342320	"SL1344_4056"	"katG"	"+"	"SL1344_4056"	"katG"	4341021	4343202	"Origin"	100	91.3	89.13	80	6	23	46	10	93.1	87.4996428571428	"Constitutive"	"chromosome"	"intragenic"
"ST4-74.fa"	4342708	4342709	"ST4-74.fa_4342708_+"	"CDS"	"+"	4342704	4342710	"SL1344_4056"	"katG"	"+"	"SL1344_4056"	"katG"	4341021	4343202	"Origin"	88.89	88.24	78	91.67	9	17	50	12	88.465	80.6458064516129	"Constitutive"	"chromosome"	"intragenic"
"ST4-74.fa"	4344616	4344617	"ST4-74.fa_4344616_+"	"CDS"	"+"	4344612	4344618	"SL1344_4058"	"gldA"	"-"	"SL1344_4058"	"gldA"	4344141	4345245	"Origin"	100	95.83	100	90.91	11	24	43	11	97.1405714285714	98.1483333333333	"Constitutive"	"chromosome"	"intragenic"
"ST4-74.fa"	4346525	4346526	"ST4-74.fa_4346525_-"	"CDS"	"-"	4346524	4346530	"SL1344_4060"	"ptsA"	"-"	"SL1344_4060"	"ptsA"	4345929	4348431	"Origin"	75	100	94.44	100	8	11	36	9	89.4736842105263	95.552	"Constitutive"	"chromosome"	"intragenic"
"ST4-74.fa"	4351882	4351883	"ST4-74.fa_4351882_+"	"CDS"	"+"	4351878	4351884	"SL1344_4063"	"pflD"	"+"	"SL1344_4063"	"pflD"	4350252	4352550	"Origin"	88.89	100	93.88	100	9	16	49	5	96.0004	94.4466666666667	"Constitutive"	"chromosome"	"intragenic"
"ST4-74.fa"	4353659	4353660	"ST4-74.fa_4353659_+"	"CDS"	"+"	4353655	4353661	"SL1344_4065"	"frwD"	"+"	"SL1344_4065"	"frwD"	4353395	4353749	"Origin"	100	100	80.95	66.67	9	14	42	3	100	79.998	"Constitutive"	"chromosome"	"intragenic"
"ST4-74.fa"	4354763	4354764	"ST4-74.fa_4354763_-"	"CDS"	"-"	4354762	4354768	"SL1344_4068"	"yijP"	"-"	"SL1344_4068"	"yijP"	4354747	4356481	"Origin"	88.89	95	94.55	75	9	20	55	8	93.1037931034483	92.0674603174603	"Constitutive"	"chromosome"	"intragenic"
"ST4-74.fa"	435514	435515	"ST4-74.fa_435514_+"	"CDS"	"+"	435510	435516	"SL1344_0377"	"STM0382"	"+"	"SL1344_0377"	"STM0382"	435082	436294	"NSR"	87.5	90	84.48	42.86	8	10	58	7	88.8888888888889	79.9978461538462	"Constitutive"	"chromosome"	"intragenic"
"ST4-74.fa"	4355993	4355994	"ST4-74.fa_4355993_+"	"CDS"	"+"	4355989	4355995	"SL1344_4068"	"yijP"	"-"	"SL1344_4068"	"yijP"	4354747	4356481	"Origin"	90.91	94.44	92.68	75	11	18	41	4	93.1010344827586	91.1084444444444	"Constitutive"	"chromosome"	"intragenic"
"ST4-74.fa"	4356311	4356312	"ST4-74.fa_4356311_+"	"CDS"	"+"	4356307	4356313	"SL1344_4068"	"yijP"	"-"	"SL1344_4068"	"yijP"	4354747	4356481	"Origin"	83.33	86.67	90.24	85.71	6	15	41	7	85.7157142857143	89.579375	"Constitutive"	"chromosome"	"intragenic"
"ST4-74.fa"	4356992	4356993	"ST4-74.fa_4356992_-"	"CDS"	"-"	4356991	4356997	"SL1344_4069"	"ppc"	"-"	"SL1344_4069"	"ppc"	4356691	4359343	"Origin"	90	100	75.51	100	10	16	49	3	96.1538461538462	76.9228846153846	"Constitutive"	"chromosome"	"intragenic"
"ST4-74.fa"	435727	435728	"ST4-74.fa_435727_+"	"CDS"	"+"	435723	435729	"SL1344_0377"	"STM0382"	"+"	"SL1344_0377"	"STM0382"	435082	436294	"NSR"	100	75	89.29	83.33	7	12	56	6	84.2105263157895	88.7132258064516	"Constitutive"	"chromosome"	"intragenic"
"ST4-74.fa"	4357652	4357653	"ST4-74.fa_4357652_+"	"CDS"	"+"	4357648	4357654	"SL1344_4069"	"ppc"	"-"	"SL1344_4069"	"ppc"	4356691	4359343	"Origin"	87.5	87.5	86.05	50	16	16	43	6	87.5	81.6357142857143	"Constitutive"	"chromosome"	"intragenic"
"ST4-74.fa"	4358054	4358055	"ST4-74.fa_4358054_+"	"CDS"	"+"	4358050	4358056	"SL1344_4069"	"ppc"	"-"	"SL1344_4069"	"ppc"	4356691	4359343	"Origin"	80	84.21	93.18	100	15	19	44	5	82.3526470588235	93.8759183673469	"Constitutive"	"chromosome"	"intragenic"
"ST4-74.fa"	4362177	4362178	"ST4-74.fa_4362177_+"	"CDS"	"+"	4362173	4362179	"SL1344_4072"	"argB"	"+"	"SL1344_4072"	"argB"	4361963	4362740	"Origin"	83.33	76.92	95.35	100	6	13	43	5	78.9442105263158	95.834375	"Constitutive"	"chromosome"	"intragenic"
"ST4-74.fa"	4362450	4362451	"ST4-74.fa_4362450_+"	"CDS"	"+"	4362446	4362452	"SL1344_4072"	"argB"	"+"	"SL1344_4072"	"argB"	4361963	4362740	"Origin"	85.71	93.33	96.15	100	7	15	52	6	90.9054545454545	96.548275862069	"Constitutive"	"chromosome"	"intragenic"
"ST4-74.fa"	4362489	4362490	"ST4-74.fa_4362489_-"	"CDS"	"-"	4362488	4362494	"SL1344_4072"	"argB"	"+"	"SL1344_4072"	"argB"	4361963	4362740	"Origin"	100	81.82	77.5	80	10	11	40	5	90.4771428571429	77.7777777777778	"Constitutive"	"chromosome"	"intragenic"
"ST4-74.fa"	4364717	4364718	"ST4-74.fa_4364717_+"	"CDS"	"+"	4364713	4364719	"SL1344_4074"	"oxyR"	"+"	"SL1344_4074"	"oxyR"	4364518	4365436	"Origin"	100	88.89	93.48	100	7	9	46	5	93.750625	94.1192156862745	"Constitutive"	"chromosome"	"intragenic"
"ST4-74.fa"	4365125	4365126	"ST4-74.fa_4365125_+"	"CDS"	"+"	4365121	4365127	"SL1344_4074"	"oxyR"	"+"	"SL1344_4074"	"oxyR"	4364518	4365436	"Origin"	75	88.89	98.18	75	8	9	55	4	82.3535294117647	96.6084745762712	"Constitutive"	"chromosome"	"intragenic"
"ST4-74.fa"	4365845	4365846	"ST4-74.fa_4365845_-"	"CDS"	"-"	4365844	4365850	"SL1344_4075"	"udhA"	"-"	"SL1344_4075"	"udhA"	4365418	4366819	"Origin"	92.31	92.86	91.38	100	13	14	58	7	92.5951851851852	92.3083076923077	"Constitutive"	"chromosome"	"intragenic"
"ST4-74.fa"	4366169	4366170	"ST4-74.fa_4366169_-"	"CDS"	"-"	4366168	4366174	"SL1344_4075"	"udhA"	"-"	"SL1344_4075"	"udhA"	4365418	4366819	"Origin"	100	100	93.65	83.33	15	17	63	6	100	92.7526086956522	"Constitutive"	"chromosome"	"intragenic"
"ST4-74.fa"	4366208	4366209	"ST4-74.fa_4366208_+"	"CDS"	"+"	4366204	4366210	"SL1344_4075"	"udhA"	"-"	"SL1344_4075"	"udhA"	4365418	4366819	"Origin"	80	62.5	81.63	100	5	8	49	4	69.2307692307692	83.0164150943396	"Constitutive"	"chromosome"	"intragenic"
"ST4-74.fa"	436787	436788	"ST4-74.fa_436787_-"	"CDS"	"-"	436786	436792	"SL1344_0378"	"yaiB"	"+"	"SL1344_0378"	"yaiB"	436584	436851	"NSR"	75	85.71	86.21	83.33	8	14	58	6	81.8154545454545	85.94	"Constitutive"	"chromosome"	"intragenic"
"ST4-74.fa"	4368126	4368127	"ST4-74.fa_4368126_-"	"CDS"	"-"	4368125	4368131	"SL1344_4078"	"trmA"	"-"	"SL1344_4078"	"trmA"	4368074	4369175	"Origin"	92.86	64.29	79.55	50	14	14	44	4	78.575	77.0875	"Constitutive"	"chromosome"	"intragenic"
"ST4-74.fa"	4368681	4368682	"ST4-74.fa_4368681_-"	"CDS"	"-"	4368680	4368686	"SL1344_4078"	"trmA"	"-"	"SL1344_4078"	"trmA"	4368074	4369175	"Origin"	93.75	84.62	91.67	83.33	16	13	48	6	89.6572413793103	90.7433333333333	"Constitutive"	"chromosome"	"intragenic"
"ST4-74.fa"	4368978	4368979	"ST4-74.fa_4368978_-"	"CDS"	"-"	4368977	4368983	"SL1344_4078"	"trmA"	"-"	"SL1344_4078"	"trmA"	4368074	4369175	"Origin"	100	92.86	97.87	100	11	14	47	6	96.0016	98.1111320754717	"Constitutive"	"chromosome"	"intragenic"
"ST4-74.fa"	4370240	4370241	"ST4-74.fa_4370240_-"	"CDS"	"-"	4370239	4370245	"SL1344_4079"	"btuB"	"+"	"SL1344_4079"	"btuB"	4369506	4371393	"Origin"	66.67	63.64	63.64	100	9	11	44	2	65.0035	65.2208695652174	"Constitutive"	"chromosome"	"intragenic"
"ST4-74.fa"	4372327	4372328	"ST4-74.fa_4372327_+"	"intergenic"	"+"	4372323	4372329	"SL1344_4080"	"murI"	"++"	"SL1344_rRNA_17"	"no"	4372189	4372578	"Origin"	42.86	52.63	54.84	63.64	7	19	31	11	49.9996153846154	57.1447619047619	"Constitutive"	"chromosome"	"intergenic"
"ST4-74.fa"	4373927	4373928	"ST4-74.fa_4373927_+"	"rRNA"	"+"	4373923	4373929	"SL1344_rRNA_17"	"no"	"+"	"SL1344_rRNA_17"	"no"	4372578	4374122	"Origin"	100	100	92.68	21.88	6	23	41	32	100	61.6443835616438	"Constitutive"	"chromosome"	"intragenic"
"ST4-74.fa"	4376591	4376592	"ST4-74.fa_4376591_-"	"rRNA"	"-"	4376590	4376596	"SL1344_rRNA_18"	"no"	"+"	"SL1344_rRNA_18"	"no"	4374631	4377647	"Origin"	100	78.26	75.68	9.52	10	23	37	42	84.8478787878788	40.5063291139241	"Constitutive"	"chromosome"	"intragenic"
"ST4-74.fa"	4379056	4379057	"ST4-74.fa_4379056_-"	"CDS"	"-"	4379055	4379061	"SL1344_4082"	"birA"	"+"	"SL1344_4082"	"birA"	4379028	4379991	"Origin"	80	61.54	50	25	5	13	36	4	66.6677777777778	47.5	"Constitutive"	"chromosome"	"intragenic"
"ST4-74.fa"	4383021	4383022	"ST4-74.fa_4383021_-"	"CDS"	"-"	4383020	4383026	"SL1344_4085"	"tufB"	"+"	"SL1344_4085"	"tufB"	4381934	4383119	"Origin"	81.82	78.26	96.83	87.5	11	23	63	8	79.4117647058823	95.7787323943662	"Constitutive"	"chromosome"	"intragenic"
"ST4-74.fa"	4383424	4383425	"ST4-74.fa_4383424_-"	"CDS"	"-"	4383423	4383429	"SL1344_4086"	"secE"	"+"	"SL1344_4086"	"secE"	4383348	4383732	"Origin"	100	92.86	84.31	100	9	14	51	5	95.6539130434783	85.7108928571429	"Constitutive"	"chromosome"	"intragenic"
"ST4-74.fa"	4383631	4383632	"ST4-74.fa_4383631_-"	"CDS"	"-"	4383630	4383636	"SL1344_4086"	"secE"	"+"	"SL1344_4086"	"secE"	4383348	4383732	"Origin"	100	85.71	87.1	85.71	11	21	62	7	90.6221875	86.9589855072464	"Constitutive"	"chromosome"	"intragenic"
"ST4-74.fa"	4383664	4383665	"ST4-74.fa_4383664_-"	"CDS"	"-"	4383663	4383669	"SL1344_4086"	"secE"	"+"	"SL1344_4086"	"secE"	4383348	4383732	"Origin"	100	73.68	80.39	80	5	19	51	5	79.1633333333333	80.3551785714286	"Constitutive"	"chromosome"	"intragenic"
"ST4-74.fa"	4384042	4384043	"ST4-74.fa_4384042_+"	"CDS"	"+"	4384038	4384044	"SL1344_4087"	"nusG"	"+"	"SL1344_4087"	"nusG"	4383733	4384279	"Origin"	40	80	78.38	50	10	10	37	6	60	74.42	"Constitutive"	"chromosome"	"intragenic"
"ST4-74.fa"	4385544	4385545	"ST4-74.fa_4385544_+"	"CDS"	"+"	4385540	4385546	"SL1344_4089"	"rplA"	"+"	"SL1344_4089"	"rplA"	4384868	4385573	"Origin"	100	90.91	95.56	100	10	11	45	4	95.2385714285714	95.9224489795918	"Constitutive"	"chromosome"	"intragenic"
"ST4-74.fa"	4386341	4386342	"ST4-74.fa_4386341_-"	"CDS"	"-"	4386340	4386346	"SL1344_4090"	"rplJ"	"+"	"SL1344_4090"	"rplJ"	4385992	4386490	"Origin"	91.67	100	86.96	100	12	10	46	9	95.4563636363636	89.0938181818182	"Constitutive"	"chromosome"	"intragenic"
"ST4-74.fa"	4388164	4388165	"ST4-74.fa_4388164_-"	"CDS"	"-"	4388163	4388169	"SL1344_4092"	"rpoB"	"+"	"SL1344_4092"	"rpoB"	4387239	4391268	"Origin"	71.43	86.67	92.31	77.78	7	15	52	18	81.8209090909091	88.5737142857143	"Constitutive"	"chromosome"	"intragenic"
"ST4-74.fa"	4388950	4388951	"ST4-74.fa_4388950_-"	"CDS"	"-"	4388949	4388955	"SL1344_4092"	"rpoB"	"+"	"SL1344_4092"	"rpoB"	4387239	4391268	"Origin"	80	90.91	85.11	61.54	5	11	47	13	87.500625	80.0031666666667	"Constitutive"	"chromosome"	"intragenic"
"ST4-74.fa"	4389238	4389239	"ST4-74.fa_4389238_-"	"CDS"	"-"	4389237	4389243	"SL1344_4092"	"rpoB"	"+"	"SL1344_4092"	"rpoB"	4387239	4391268	"Origin"	75	100	89.29	75	8	5	28	12	84.6153846153846	85.003	"Constitutive"	"chromosome"	"intragenic"
"ST4-74.fa"	439240	439241	"ST4-74.fa_439240_-"	"CDS"	"-"	439239	439245	"SL1344_0381"	"proC"	"-"	"SL1344_0381"	"proC"	438741	439551	"NSR"	100	88.89	98.08	100	8	18	52	7	92.3084615384615	98.3077966101695	"Constitutive"	"chromosome"	"intragenic"
"ST4-74.fa"	4392665	4392666	"ST4-74.fa_4392665_-"	"CDS"	"-"	4392664	4392670	"SL1344_4093"	"rpoC"	"+"	"SL1344_4093"	"rpoC"	4391344	4395568	"Origin"	100	100	94.23	60	11	15	52	10	100	88.7090322580645	"Constitutive"	"chromosome"	"intragenic"
"ST4-74.fa"	439408	439409	"ST4-74.fa_439408_-"	"CDS"	"-"	439407	439413	"SL1344_0381"	"proC"	"-"	"SL1344_0381"	"proC"	438741	439551	"NSR"	100	70.59	96.08	100	5	17	51	6	77.2740909090909	96.4926315789474	"Constitutive"	"chromosome"	"intragenic"
"ST4-74.fa"	4394294	4394295	"ST4-74.fa_4394294_-"	"CDS"	"-"	4394293	4394299	"SL1344_4093"	"rpoC"	"+"	"SL1344_4093"	"rpoC"	4391344	4395568	"Origin"	100	93.33	92.73	85.71	11	15	55	14	96.1519230769231	91.305652173913	"Constitutive"	"chromosome"	"intragenic"
"ST4-74.fa"	4394609	4394610	"ST4-74.fa_4394609_-"	"CDS"	"-"	4394608	4394614	"SL1344_4093"	"rpoC"	"+"	"SL1344_4093"	"rpoC"	4391344	4395568	"Origin"	100	88.89	83.33	72.73	10	18	54	11	92.8578571428571	81.5361538461538	"Constitutive"	"chromosome"	"intragenic"
"ST4-74.fa"	4394689	4394690	"ST4-74.fa_4394689_+"	"CDS"	"+"	4394685	4394691	"SL1344_4093"	"rpoC"	"+"	"SL1344_4093"	"rpoC"	4391344	4395568	"Origin"	87.5	76.92	77.78	50	8	13	45	2	80.9504761904762	76.5978723404255	"Constitutive"	"chromosome"	"intragenic"
"ST4-74.fa"	4395410	4395411	"ST4-74.fa_4395410_-"	"CDS"	"-"	4395409	4395415	"SL1344_4093"	"rpoC"	"+"	"SL1344_4093"	"rpoC"	4391344	4395568	"Origin"	100	85.71	89.36	88.89	9	21	47	9	89.997	89.2844642857143	"Constitutive"	"chromosome"	"intragenic"
"ST4-74.fa"	4397526	4397527	"ST4-74.fa_4397526_-"	"CDS"	"-"	4397525	4397531	"SL1344_4096"	"sseK1"	"+"	"SL1344_4096"	"sseK1"	4396681	4397692	"Origin"	70	76.47	85.19	100	10	17	54	3	74.0737037037037	85.9694736842105	"Constitutive"	"chromosome"	"intragenic"
"ST4-74.fa"	4398072	4398073	"ST4-74.fa_4398072_+"	"CDS"	"+"	4398068	4398074	"SL1344_4097"	"STM4158"	"+"	"SL1344_4097"	"STM4158"	4398014	4398203	"Origin"	100	92.31	90.48	100	10	13	42	4	95.6534782608695	91.3078260869565	"Constitutive"	"chromosome"	"intragenic"
"ST4-74.fa"	4400896	4400897	"ST4-74.fa_4400896_+"	"CDS"	"+"	4400892	4400898	"SL1344_4101"	"thiF"	"-"	"SL1344_4101"	"thiF"	4400436	4401195	"Origin"	100	88.46	95.83	85.71	12	26	48	7	92.1042105263158	94.542	"Constitutive"	"chromosome"	"intragenic"
"ST4-74.fa"	4402063	4402064	"ST4-74.fa_4402063_-"	"CDS"	"-"	4402062	4402068	"SL1344_4103"	"thiC"	"-"	"SL1344_4103"	"thiC"	4401822	4403718	"Origin"	81.82	83.33	85.29	83.33	11	18	34	6	82.7572413793103	84.996	"Constitutive"	"chromosome"	"intragenic"
"ST4-74.fa"	4403841	4403842	"ST4-74.fa_4403841_-"	"ncRNA"	"-"	4403840	4403846	"SL1344_ncRNA_106"	"no"	"-"	"SL1344_ncRNA_106"	"no"	4403810	4404050	"Origin"	100	85	84.62	85.71	7	20	39	7	88.8888888888889	84.7858695652174	"Constitutive"	"chromosome"	"intragenic"
"ST4-74.fa"	4403841	4403842	"ST4-74.fa_4403841_-"	"sRNA"	"-"	4403840	4403846	"STnc1460"	"no"	"-"	"STnc1460"	"no"	4403809	4404049	"Origin"	100	85	84.62	85.71	7	20	39	7	88.8888888888889	84.7858695652174	"Constitutive"	"chromosome"	"intragenic"
"ST4-74.fa"	4403846	4403847	"ST4-74.fa_4403846_+"	"ncRNA"	"+"	4403842	4403848	"SL1344_ncRNA_106"	"no"	"-"	"SL1344_ncRNA_106"	"no"	4403810	4404050	"Origin"	87.5	82.76	90.7	62.5	8	29	43	8	83.7848648648649	86.2764705882353	"Constitutive"	"chromosome"	"intragenic"
"ST4-74.fa"	4403846	4403847	"ST4-74.fa_4403846_+"	"sRNA"	"+"	4403842	4403848	"STnc1460"	"no"	"-"	"STnc1460"	"no"	4403809	4404049	"Origin"	87.5	82.76	90.7	62.5	8	29	43	8	83.7848648648649	86.2764705882353	"Constitutive"	"chromosome"	"intragenic"
"ST4-74.fa"	4404882	4404883	"ST4-74.fa_4404882_+"	"CDS"	"+"	4404878	4404884	"SL1344_4105"	"nudC"	"+"	"SL1344_4105"	"nudC"	4404662	4405436	"Origin"	100	78.26	82.22	100	5	23	45	6	82.1421428571429	84.3117647058823	"Constitutive"	"chromosome"	"intragenic"
"ST4-74.fa"	4405897	4405898	"ST4-74.fa_4405897_-"	"CDS"	"-"	4405896	4405902	"SL1344_4106"	"hemE"	"+"	"SL1344_4106"	"hemE"	4405476	4406541	"Origin"	66.67	66.67	67.74	66.67	6	9	31	3	66.67	67.6455882352941	"Constitutive"	"chromosome"	"intragenic"
"ST4-74.fa"	4407423	4407424	"ST4-74.fa_4407423_-"	"CDS"	"-"	4407422	4407428	"SL1344_4108"	"yjaG"	"+"	"SL1344_4108"	"yjaG"	4407263	4407854	"Origin"	42.86	90	77.08	37.5	7	10	48	8	70.5894117647059	71.4257142857143	"Constitutive"	"chromosome"	"intragenic"
"ST4-74.fa"	4408718	4408719	"ST4-74.fa_4408718_+"	"CDS"	"+"	4408714	4408720	"SL1344_4110"	"yjaH"	"+"	"SL1344_4110"	"yjaH"	4408324	4409017	"Origin"	57.14	85.71	93.88	87.5	7	21	49	8	78.5675	92.9845614035088	"Constitutive"	"chromosome"	"intragenic"
"ST4-74.fa"	4410986	4410987	"ST4-74.fa_4410986_+"	"CDS"	"+"	4410982	4410988	"SL1344_4112"	"hydH"	"+"	"SL1344_4112"	"hydH"	4409767	4411165	"Origin"	100	93.33	96.88	100	7	15	32	6	95.4522727272727	97.3726315789474	"Constitutive"	"chromosome"	"intragenic"
"ST4-74.fa"	4412215	4412216	"ST4-74.fa_4412215_-"	"CDS"	"-"	4412214	4412220	"SL1344_4113"	"hydG"	"+"	"SL1344_4113"	"hydG"	4411170	4412496	"Origin"	75	75	51.16	62.5	4	12	43	8	75	52.9388235294118	"Constitutive"	"chromosome"	"intragenic"
"ST4-74.fa"	4417367	4417368	"ST4-74.fa_4417367_+"	"rRNA"	"+"	4417363	4417369	"SL1344_rRNA_20"	"no"	"+"	"SL1344_rRNA_20"	"no"	4416018	4417560	"Origin"	100	91.67	98.04	72.73	6	24	51	11	93.336	93.5495161290323	"Constitutive"	"chromosome"	"intragenic"
"ST4-74.fa"	4419870	4419871	"ST4-74.fa_4419870_-"	"rRNA"	"-"	4419869	4419875	"SL1344_rRNA_21"	"no"	"+"	"SL1344_rRNA_21"	"no"	4417917	4420915	"Origin"	100	77.78	84.09	85.71	9	18	44	7	85.1866666666667	84.3123529411765	"Constitutive"	"chromosome"	"intragenic"
"ST4-74.fa"	4421798	4421799	"ST4-74.fa_4421798_-"	"CDS"	"-"	4421797	4421803	"SL1344_4116"	"yjaB"	"-"	"SL1344_4116"	"yjaB"	4421536	4421974	"Origin"	61.54	88.24	92.5	60	13	17	40	5	76.67	88.8888888888889	"Constitutive"	"chromosome"	"intragenic"
"ST4-74.fa"	4422422	4422423	"ST4-74.fa_4422422_+"	"CDS"	"+"	4422418	4422424	"SL1344_4117"	"metA"	"+"	"SL1344_4117"	"metA"	4422130	4423060	"Origin"	100	76.19	87.8	100	5	21	41	8	80.7688461538461	89.7918367346939	"Constitutive"	"chromosome"	"intragenic"
"ST4-74.fa"	4424271	4424272	"ST4-74.fa_4424271_-"	"CDS"	"-"	4424270	4424276	"SL1344_4118"	"aceB"	"+"	"SL1344_4118"	"aceB"	4423328	4424930	"Origin"	100	91.67	93.62	100	9	12	47	7	95.24	94.447037037037	"Constitutive"	"chromosome"	"intragenic"
"ST4-74.fa"	4425358	4425359	"ST4-74.fa_4425358_+"	"CDS"	"+"	4425354	4425360	"SL1344_4119"	"aceA"	"+"	"SL1344_4119"	"aceA"	4424961	4426266	"Origin"	66.67	50	71.88	75	9	12	32	4	57.1442857142857	72.2266666666667	"Constitutive"	"chromosome"	"intragenic"
"ST4-74.fa"	4425523	4425524	"ST4-74.fa_4425523_+"	"CDS"	"+"	4425519	4425525	"SL1344_4119"	"aceA"	"+"	"SL1344_4119"	"aceA"	4424961	4426266	"Origin"	77.78	86.67	90.32	55.56	9	15	31	9	83.33625	82.499	"Constitutive"	"chromosome"	"intragenic"
"ST4-74.fa"	4425679	4425680	"ST4-74.fa_4425679_-"	"CDS"	"-"	4425678	4425684	"SL1344_4119"	"aceA"	"+"	"SL1344_4119"	"aceA"	4424961	4426266	"Origin"	100	47.06	81.25	100	5	17	32	3	59.0918181818182	82.8571428571429	"Constitutive"	"chromosome"	"intragenic"
"ST4-74.fa"	4425780	4425781	"ST4-74.fa_4425780_+"	"CDS"	"+"	4425776	4425782	"SL1344_4119"	"aceA"	"+"	"SL1344_4119"	"aceA"	4424961	4426266	"Origin"	80	58.33	72.73	75	5	12	22	4	64.7035294117647	73.0792307692308	"Constitutive"	"chromosome"	"intragenic"
"ST4-74.fa"	4428254	4428255	"ST4-74.fa_4428254_+"	"CDS"	"+"	4428250	4428256	"SL1344_4121"	"STM4186"	"-"	"SL1344_4121"	"STM4186"	4428082	4428517	"Origin"	100	92.31	94.29	90.91	6	13	35	11	94.7384210526316	93.4817391304348	"Constitutive"	"chromosome"	"intragenic"
"ST4-74.fa"	4429396	4429397	"ST4-74.fa_4429396_-"	"intergenic"	"-"	4429395	4429401	"SL1344_4122"	"iclR"	"-+"	"SL1344_4123"	"metH"	4429325	4429628	"Origin"	60	80	92.31	71.43	5	15	39	7	75	89.1326086956522	"Constitutive"	"chromosome"	"intergenic"
"ST4-74.fa"	4430100	4430101	"ST4-74.fa_4430100_+"	"CDS"	"+"	4430096	4430102	"SL1344_4123"	"metH"	"+"	"SL1344_4123"	"metH"	4429628	4433312	"Origin"	100	95	97.92	100	6	20	48	10	96.1538461538462	98.2786206896552	"Constitutive"	"chromosome"	"intragenic"
"ST4-74.fa"	443042	443043	"ST4-74.fa_443042_-"	"CDS"	"-"	443041	443047	"SL1344_0387"	"rdgC"	"-"	"SL1344_0387"	"rdgC"	442414	443326	"NSR"	62.5	77.78	91.84	100	8	9	49	8	70.5894117647059	92.9852631578947	"Constitutive"	"chromosome"	"intragenic"
"ST4-74.fa"	4430748	4430749	"ST4-74.fa_4430748_-"	"CDS"	"-"	4430747	4430753	"SL1344_4123"	"metH"	"+"	"SL1344_4123"	"metH"	4429628	4433312	"Origin"	92.86	100	100	100	14	17	39	8	96.7754838709677	100	"Constitutive"	"chromosome"	"intragenic"
"ST4-74.fa"	4431297	4431298	"ST4-74.fa_4431297_-"	"CDS"	"-"	4431296	4431302	"SL1344_4123"	"metH"	"+"	"SL1344_4123"	"metH"	4429628	4433312	"Origin"	93.33	92.86	95.12	100	15	14	41	8	93.1031034482759	95.9167346938776	"Constitutive"	"chromosome"	"intragenic"
"ST4-74.fa"	4432026	4432027	"ST4-74.fa_4432026_-"	"CDS"	"-"	4432025	4432031	"SL1344_4123"	"metH"	"+"	"SL1344_4123"	"metH"	4429628	4433312	"Origin"	64.29	54.55	87.1	90	14	11	31	10	60.0044	87.8073170731707	"Constitutive"	"chromosome"	"intragenic"
"ST4-74.fa"	4432119	4432120	"ST4-74.fa_4432119_-"	"CDS"	"-"	4432118	4432124	"SL1344_4123"	"metH"	"+"	"SL1344_4123"	"metH"	4429628	4433312	"Origin"	70	66.67	61.54	85.71	10	6	26	7	68.75125	66.6669696969697	"Constitutive"	"chromosome"	"intragenic"
"ST4-74.fa"	4433223	4433224	"ST4-74.fa_4433223_+"	"CDS"	"+"	4433219	4433225	"SL1344_4123"	"metH"	"+"	"SL1344_4123"	"metH"	4429628	4433312	"Origin"	90	100	92.16	100	10	17	51	10	96.2962962962963	93.4452459016393	"Constitutive"	"chromosome"	"intragenic"
"ST4-74.fa"	4435184	4435185	"ST4-74.fa_4435184_+"	"CDS"	"+"	4435180	4435186	"SL1344_4124"	"yjbB"	"+"	"SL1344_4124"	"yjbB"	4433653	4435210	"Origin"	100	86.36	94.87	100	8	22	39	8	89.9973333333333	95.7431914893617	"Constitutive"	"chromosome"	"intragenic"
"ST4-74.fa"	4436901	4436902	"ST4-74.fa_4436901_+"	"CDS"	"+"	4436897	4436903	"SL1344_4128"	"yjbC"	"+"	"SL1344_4128"	"yjbC"	4436768	4437638	"Origin"	83.33	100	85.71	87.5	6	16	42	8	95.4536363636364	85.9964	"Constitutive"	"chromosome"	"intragenic"
"ST4-74.fa"	4437453	4437454	"ST4-74.fa_4437453_-"	"CDS"	"-"	4437452	4437458	"SL1344_4128"	"yjbC"	"+"	"SL1344_4128"	"yjbC"	4436768	4437638	"Origin"	100	83.33	95.12	85.71	10	12	41	7	90.9072727272727	93.7477083333333	"Constitutive"	"chromosome"	"intragenic"
"ST4-74.fa"	4443180	4443181	"ST4-74.fa_4443180_+"	"CDS"	"+"	4443176	4443182	"SL1344_4135"	"STM4200"	"-"	"SL1344_4135"	"STM4200"	4441733	4443479	"Origin"	85.71	80	81.82	90	7	10	44	10	82.3511764705882	83.3348148148148	"Constitutive"	"chromosome"	"intragenic"
"ST4-74.fa"	4444332	4444333	"ST4-74.fa_4444332_-"	"CDS"	"-"	4444331	4444337	"SL1344_4137"	"STM4202"	"-"	"SL1344_4137"	"STM4202"	4444106	4445222	"Origin"	93.75	76.92	84.78	100	16	13	46	10	86.2055172413793	87.4978571428571	"Constitutive"	"chromosome"	"intragenic"
"ST4-74.fa"	4444366	4444367	"ST4-74.fa_4444366_-"	"CDS"	"-"	4444365	4444371	"SL1344_4137"	"STM4202"	"-"	"SL1344_4137"	"STM4202"	4444106	4445222	"Origin"	81.82	100	83.87	90	11	8	31	10	89.4747368421053	85.3651219512195	"Constitutive"	"chromosome"	"intragenic"
"ST4-74.fa"	4446510	4446511	"ST4-74.fa_4446510_+"	"CDS"	"+"	4446506	4446512	"SL1344_4139"	"STM4204"	"-"	"SL1344_4139"	"STM4204"	4445735	4447283	"Origin"	100	71.43	77.19	85.71	6	14	57	7	80.001	78.121875	"Constitutive"	"chromosome"	"intragenic"
"ST4-74.fa"	4446799	4446800	"ST4-74.fa_4446799_-"	"CDS"	"-"	4446798	4446804	"SL1344_4139"	"STM4204"	"-"	"SL1344_4139"	"STM4204"	4445735	4447283	"Origin"	90	92.31	97.62	100	10	13	42	8	91.305652173913	98.0008	"Constitutive"	"chromosome"	"intragenic"
"ST4-74.fa"	4450114	4450115	"ST4-74.fa_4450114_+"	"CDS"	"+"	4450110	4450116	"SL1344_4143"	"STM4208"	"-"	"SL1344_4143"	"STM4208"	4449630	4450674	"Origin"	83.33	76.47	83.67	88.89	6	17	49	9	78.2595652173913	84.48	"Constitutive"	"chromosome"	"intragenic"
"ST4-74.fa"	4450722	4450723	"ST4-74.fa_4450722_+"	"CDS"	"+"	4450718	4450724	"SL1344_4144"	"STM4209"	"-"	"SL1344_4144"	"STM4209"	4450661	4450871	"Origin"	42.86	84.62	54.29	55.56	7	13	35	9	70.004	54.5497727272727	"Constitutive"	"chromosome"	"intragenic"
"ST4-74.fa"	4451084	4451085	"ST4-74.fa_4451084_+"	"CDS"	"+"	4451080	4451086	"SL1344_4145"	"STM4210"	"-"	"SL1344_4145"	"STM4210"	4450870	4451824	"Origin"	86.67	93.33	100	100	15	15	59	15	90	100	"Constitutive"	"chromosome"	"intragenic"
"ST4-74.fa"	4452247	4452248	"ST4-74.fa_4452247_+"	"CDS"	"+"	4452243	4452249	"SL1344_4146"	"STM4211"	"-"	"SL1344_4146"	"STM4211"	4451823	4454178	"Origin"	100	85.71	93.88	81.82	8	14	49	11	90.9063636363636	91.669	"Constitutive"	"chromosome"	"intragenic"
"ST4-74.fa"	4452310	4452311	"ST4-74.fa_4452310_+"	"CDS"	"+"	4452306	4452312	"SL1344_4146"	"STM4211"	"-"	"SL1344_4146"	"STM4211"	4451823	4454178	"Origin"	100	90	96.36	87.5	11	20	55	16	93.5483870967742	94.3633802816901	"Constitutive"	"chromosome"	"intragenic"
"ST4-74.fa"	4452760	4452761	"ST4-74.fa_4452760_+"	"CDS"	"+"	4452756	4452762	"SL1344_4146"	"STM4211"	"-"	"SL1344_4146"	"STM4211"	4451823	4454178	"Origin"	87.5	84.21	92.86	87.5	8	19	56	16	85.1848148148148	91.6688888888889	"Constitutive"	"chromosome"	"intragenic"
"ST4-74.fa"	4454951	4454952	"ST4-74.fa_4454951_-"	"CDS"	"-"	4454950	4454956	"SL1344_4148"	"STM4212"	"-"	"SL1344_4148"	"STM4212"	4454731	4455256	"Origin"	72.73	80	86.54	90.91	11	15	52	11	76.9242307692308	87.3030158730159	"Constitutive"	"chromosome"	"intragenic"
"ST4-74.fa"	4455487	4455488	"ST4-74.fa_4455487_+"	"CDS"	"+"	4455483	4455489	"SL1344_4149"	"STM4213"	"-"	"SL1344_4149"	"STM4213"	4455255	4456683	"Origin"	100	94.74	98.31	100	5	19	59	10	95.8358333333333	98.5549275362319	"Constitutive"	"chromosome"	"intragenic"
"ST4-74.fa"	4456591	4456592	"ST4-74.fa_4456591_+"	"CDS"	"+"	4456587	4456593	"SL1344_4149"	"STM4213"	"-"	"SL1344_4149"	"STM4213"	4455255	4456683	"Origin"	83.33	85	86.79	77.78	12	20	53	9	84.37375	85.4820967741935	"Constitutive"	"chromosome"	"intragenic"
"ST4-74.fa"	446216	446217	"ST4-74.fa_446216_+"	"CDS"	"+"	446212	446218	"SL1344_0390"	"sbcC"	"-"	"SL1344_0390"	"sbcC"	445726	448867	"Right"	100	90	92.98	80	10	20	57	10	93.3333333333333	91.0426865671642	"Constitutive"	"chromosome"	"intragenic"
"ST4-74.fa"	4462792	4462793	"ST4-74.fa_4462792_+"	"CDS"	"+"	4462788	4462794	"SL1344_4157"	"pgi"	"+"	"SL1344_4157"	"pgi"	4461453	4463103	"Origin"	100	95.24	92.65	81.82	9	21	68	11	96.668	91.1420253164557	"Constitutive"	"chromosome"	"intragenic"
"ST4-74.fa"	4464153	4464154	"ST4-74.fa_4464153_-"	"CDS"	"-"	4464152	4464158	"SL1344_4159"	"yjbF"	"+"	"SL1344_4159"	"yjbF"	4463822	4464491	"Origin"	92.86	94.44	93.55	90	14	18	62	10	93.74875	93.0569444444444	"Constitutive"	"chromosome"	"intragenic"
"ST4-74.fa"	4465007	4465008	"ST4-74.fa_4465007_+"	"CDS"	"+"	4465003	4465009	"SL1344_4160"	"yjbG"	"+"	"SL1344_4160"	"yjbG"	4464487	4465225	"Origin"	91.67	90	98.48	100	12	20	66	7	90.62625	98.6257534246575	"Constitutive"	"chromosome"	"intragenic"
"ST4-74.fa"	4465408	4465409	"ST4-74.fa_4465408_+"	"CDS"	"+"	4465404	4465410	"SL1344_4161"	"yjbH"	"+"	"SL1344_4161"	"yjbH"	4465224	4467321	"Origin"	100	90.48	93.44	77.78	11	21	61	9	93.7525	91.4265714285714	"Constitutive"	"chromosome"	"intragenic"
"ST4-74.fa"	4467548	4467549	"ST4-74.fa_4467548_-"	"CDS"	"-"	4467547	4467553	"SL1344_4162"	"yjbA"	"+"	"SL1344_4162"	"yjbA"	4467463	4467874	"Origin"	90.91	95	95.52	100	11	20	67	10	93.5487096774194	96.1018181818182	"Constitutive"	"chromosome"	"intragenic"
"ST4-74.fa"	4467761	4467762	"ST4-74.fa_4467761_-"	"CDS"	"-"	4467760	4467766	"SL1344_4162"	"yjbA"	"+"	"SL1344_4162"	"yjbA"	4467463	4467874	"Origin"	37.5	66.67	75.41	66.67	8	15	61	9	56.5239130434783	74.2862857142857	"Constitutive"	"chromosome"	"intragenic"
"ST4-74.fa"	4468784	4468785	"ST4-74.fa_4468784_+"	"CDS"	"+"	4468780	4468786	"SL1344_4163"	"malG"	"-"	"SL1344_4163"	"malG"	4468039	4468930	"Origin"	88.89	90.48	93.33	100	9	21	60	10	90.003	94.2828571428571	"Constitutive"	"chromosome"	"intragenic"
"ST4-74.fa"	4469011	4469012	"ST4-74.fa_4469011_+"	"CDS"	"+"	4469007	4469013	"SL1344_4164"	"malF"	"-"	"SL1344_4164"	"malF"	4468944	4470489	"Origin"	100	90.48	92.45	87.5	12	21	53	8	93.9418181818182	91.8008196721312	"Constitutive"	"chromosome"	"intragenic"
"ST4-74.fa"	447026	447027	"ST4-74.fa_447026_-"	"CDS"	"-"	447025	447031	"SL1344_0390"	"sbcC"	"-"	"SL1344_0390"	"sbcC"	445726	448867	"Right"	100	90	92.5	91.67	8	10	40	12	94.4444444444444	92.3084615384615	"Constitutive"	"chromosome"	"intragenic"
"ST4-74.fa"	4470870	4470871	"ST4-74.fa_4470870_-"	"CDS"	"-"	4470869	4470875	"SL1344_4166"	"malE"	"-"	"SL1344_4166"	"malE"	4470620	4471820	"Origin"	92.86	100	97.33	100	14	19	75	12	96.9709090909091	97.698275862069	"Constitutive"	"chromosome"	"intragenic"
"ST4-74.fa"	4471149	4471150	"ST4-74.fa_4471149_+"	"CDS"	"+"	4471145	4471151	"SL1344_4166"	"malE"	"-"	"SL1344_4166"	"malE"	4470620	4471820	"Origin"	90	100	94.55	100	10	19	55	12	96.551724137931	95.5261194029851	"Constitutive"	"chromosome"	"intragenic"
"ST4-74.fa"	4471425	4471426	"ST4-74.fa_4471425_+"	"CDS"	"+"	4471421	4471427	"SL1344_4166"	"malE"	"-"	"SL1344_4166"	"malE"	4470620	4471820	"Origin"	90	76	83.64	100	10	25	55	10	80	86.1569230769231	"Constitutive"	"chromosome"	"intragenic"
"ST4-74.fa"	4472752	4472753	"ST4-74.fa_4472752_+"	"CDS"	"+"	4472748	4472754	"SL1344_4167"	"malK"	"+"	"SL1344_4167"	"malK"	4472172	4473282	"Origin"	87.5	96.15	98.33	100	8	26	60	9	94.114705882353	98.5478260869565	"Constitutive"	"chromosome"	"intragenic"
"ST4-74.fa"	4475058	4475059	"ST4-74.fa_4475058_+"	"CDS"	"+"	4475054	4475060	"SL1344_4169"	"malM"	"+"	"SL1344_4169"	"malM"	4474892	4475810	"Origin"	20	47.37	59.52	70	5	19	42	10	41.6679166666667	61.5353846153846	"Constitutive"	"chromosome"	"intragenic"
"ST4-74.fa"	4477183	4477184	"ST4-74.fa_4477183_-"	"CDS"	"-"	4477182	4477188	"SL1344_4171"	"ubiA"	"+"	"SL1344_4171"	"ubiA"	4476501	4477374	"Origin"	100	100	96.49	100	13	18	57	9	100	96.9686363636363	"Constitutive"	"chromosome"	"intragenic"
"ST4-74.fa"	4481934	4481935	"ST4-74.fa_4481934_-"	"CDS"	"-"	4481933	4481939	"SL1344_4175"	"dinF"	"+"	"SL1344_4175"	"dinF"	4481327	4482653	"Origin"	81.82	100	94	84.62	11	19	50	13	93.334	92.0644444444444	"Constitutive"	"chromosome"	"intragenic"
"ST4-74.fa"	4482941	4482942	"ST4-74.fa_4482941_+"	"CDS"	"+"	4482937	4482943	"SL1344_4176"	"yjbJ"	"+"	"SL1344_4176"	"yjbJ"	4482781	4482994	"Origin"	66.67	40	61.22	62.5	6	10	49	8	50.00125	61.399649122807	"Constitutive"	"chromosome"	"intragenic"
"ST4-74.fa"	4484380	4484381	"ST4-74.fa_4484380_+"	"CDS"	"+"	4484376	4484382	"SL1344_4178"	"STM4242"	"+"	"SL1344_4178"	"STM4242"	4483854	4485165	"Origin"	77.78	77.78	88.46	71.43	9	18	52	7	77.78	86.4394915254237	"Constitutive"	"chromosome"	"intragenic"
"ST4-74.fa"	4485694	4485695	"ST4-74.fa_4485694_+"	"CDS"	"+"	4485690	4485696	"SL1344_4179"	"yjbN"	"+"	"SL1344_4179"	"yjbN"	4485252	4486251	"Origin"	87.5	85.71	88.52	90.91	8	14	61	11	86.3609090909091	88.8851388888889	"Constitutive"	"chromosome"	"intragenic"
"ST4-74.fa"	44858	44859	"ST4-74.fa_44858_+"	"CDS"	"+"	44854	44860	"SL1344_0039"	"STM0038"	"+"	"SL1344_0039"	"STM0038"	44311	46027	"NSR"	100	73.33	85.19	85.71	5	15	54	7	79.9975	85.2496721311475	"Constitutive"	"chromosome"	"intragenic"
"ST4-74.fa"	4487355	4487356	"ST4-74.fa_4487355_+"	"CDS"	"+"	4487351	4487357	"SL1344_4181"	"qor"	"-"	"SL1344_4181"	"qor"	4486835	4487819	"Origin"	90	94.12	90.38	69.23	10	17	52	13	92.5940740740741	86.15	"Constitutive"	"chromosome"	"intragenic"
"ST4-74.fa"	4488652	4488653	"ST4-74.fa_4488652_-"	"CDS"	"-"	4488651	4488657	"SL1344_4182"	"dnaB"	"+"	"SL1344_4182"	"dnaB"	4487883	4489299	"Origin"	92.31	100	86.96	100	13	13	46	8	96.155	88.8918518518519	"Constitutive"	"chromosome"	"intragenic"
"ST4-74.fa"	4488724	4488725	"ST4-74.fa_4488724_+"	"CDS"	"+"	4488720	4488726	"SL1344_4182"	"dnaB"	"+"	"SL1344_4182"	"dnaB"	4487883	4489299	"Origin"	87.5	65	82.14	72.73	8	20	56	11	71.4285714285714	80.5950746268657	"Constitutive"	"chromosome"	"intragenic"
"ST4-74.fa"	4494689	4494690	"ST4-74.fa_4494689_-"	"CDS"	"-"	4494688	4494694	"SL1344_4190"	"uvrA"	"-"	"SL1344_4190"	"uvrA"	4494505	4497331	"Origin"	100	83.33	87.18	75	7	18	39	4	87.9976	86.0469767441861	"Constitutive"	"chromosome"	"intragenic"
"ST4-74.fa"	4497852	4497853	"ST4-74.fa_4497852_+"	"CDS"	"+"	4497848	4497854	"SL1344_4192"	"ssb"	"+"	"SL1344_4192"	"ssb"	4497578	4498109	"Origin"	60	70	72.41	60	15	20	29	5	65.7142857142857	70.585	"Constitutive"	"chromosome"	"intragenic"
"ST4-74.fa"	4506665	4506666	"ST4-74.fa_4506665_-"	"CDS"	"-"	4506664	4506670	"SL1344_4197"	"siiE"	"+"	"SL1344_4197"	"siiE"	4503766	4520446	"NSR"	87.5	86.36	90.74	87.5	8	22	54	8	86.664	90.321935483871	"Constitutive"	"chromosome"	"intragenic"
"ST4-74.fa"	4513157	4513158	"ST4-74.fa_4513157_+"	"CDS"	"+"	4513153	4513159	"SL1344_4197"	"siiE"	"+"	"SL1344_4197"	"siiE"	4503766	4520446	"NSR"	83.33	83.33	95.56	75	12	18	45	8	83.33	92.4566037735849	"Constitutive"	"chromosome"	"intragenic"
"ST4-74.fa"	4515501	4515502	"ST4-74.fa_4515501_-"	"CDS"	"-"	4515500	4515506	"SL1344_4197"	"siiE"	"+"	"SL1344_4197"	"siiE"	4503766	4520446	"NSR"	90.91	87.5	80.65	88.89	11	16	62	9	88.8892592592593	81.6945070422535	"Constitutive"	"chromosome"	"intragenic"
"ST4-74.fa"	4516145	4516146	"ST4-74.fa_4516145_+"	"CDS"	"+"	4516141	4516147	"SL1344_4197"	"siiE"	"+"	"SL1344_4197"	"siiE"	4503766	4520446	"NSR"	94.12	83.33	94	87.5	17	24	50	8	87.8039024390244	93.1034482758621	"Constitutive"	"chromosome"	"intragenic"
"ST4-74.fa"	4521830	4521831	"ST4-74.fa_4521830_+"	"CDS"	"+"	4521826	4521832	"SL1344_4198"	"siiF"	"+"	"SL1344_4198"	"siiF"	4520485	4522552	"NSR"	72.73	72.73	67.35	70	11	11	49	10	72.73	67.7991525423729	"Constitutive"	"chromosome"	"intragenic"
"ST4-74.fa"	4522984	4522985	"ST4-74.fa_4522984_-"	"CDS"	"-"	4522983	4522989	"SL1344_4199"	"yjcB"	"-"	"SL1344_4199"	"yjcB"	4522829	4523111	"NSR"	75	68.42	73.17	50	8	19	41	2	70.3696296296296	72.0923255813954	"Constitutive"	"chromosome"	"intragenic"
"ST4-74.fa"	4524251	4524252	"ST4-74.fa_4524251_-"	"CDS"	"-"	4524250	4524256	"SL1344_4200"	"yjcC"	"+"	"SL1344_4200"	"yjcC"	4523673	4525275	"NSR"	92.31	88.24	94.74	100	13	17	57	6	90.0036666666667	95.2409523809524	"Constitutive"	"chromosome"	"intragenic"
"ST4-74.fa"	4524256	4524257	"ST4-74.fa_4524256_+"	"CDS"	"+"	4524252	4524258	"SL1344_4200"	"yjcC"	"+"	"SL1344_4200"	"yjcC"	4523673	4525275	"NSR"	71.43	68.75	73.33	75	7	16	45	4	69.565652173913	73.4663265306122	"Constitutive"	"chromosome"	"intragenic"
"ST4-74.fa"	4528165	4528166	"ST4-74.fa_4528165_-"	"CDS"	"-"	4528164	4528170	"SL1344_4204"	"yjcD"	"+"	"SL1344_4204"	"yjcD"	4527438	4528788	"NSR"	90.91	80	98.08	87.5	11	20	52	8	83.8712903225806	96.6693333333333	"Constitutive"	"chromosome"	"intragenic"
"ST4-74.fa"	4528474	4528475	"ST4-74.fa_4528474_-"	"CDS"	"-"	4528473	4528479	"SL1344_4204"	"yjcD"	"+"	"SL1344_4204"	"yjcD"	4527438	4528788	"NSR"	90	90.91	91.07	77.78	10	22	56	9	90.625625	89.2298461538462	"Constitutive"	"chromosome"	"intragenic"
"ST4-74.fa"	4529274	4529275	"ST4-74.fa_4529274_-"	"CDS"	"-"	4529273	4529279	"SL1344_4205"	"yjcE"	"+"	"SL1344_4205"	"yjcE"	4528937	4530584	"NSR"	71.43	100	93.33	83.33	7	18	45	6	92.0004	92.1535294117647	"Constitutive"	"chromosome"	"intragenic"
"ST4-74.fa"	4531423	4531424	"ST4-74.fa_4531423_+"	"CDS"	"+"	4531419	4531425	"SL1344_4206"	"STM4270"	"-"	"SL1344_4206"	"STM4270"	4530678	4531566	"NSR"	70	72.73	84.21	87.5	10	11	38	8	71.43	84.7821739130435	"Constitutive"	"chromosome"	"intragenic"
"ST4-74.fa"	4531835	4531836	"ST4-74.fa_4531835_-"	"CDS"	"-"	4531834	4531840	"SL1344_4207"	"STM4271"	"+"	"SL1344_4207"	"STM4271"	4531669	4532080	"NSR"	85.71	100	98.11	100	7	15	53	4	95.4531818181818	98.2426315789474	"Constitutive"	"chromosome"	"intragenic"
"ST4-74.fa"	4531996	4531997	"ST4-74.fa_4531996_+"	"CDS"	"+"	4531992	4531998	"SL1344_4207"	"STM4271"	"+"	"SL1344_4207"	"STM4271"	4531669	4532080	"NSR"	85.71	90.91	81.63	83.33	7	11	49	12	88.8877777777778	81.9644262295082	"Constitutive"	"chromosome"	"intragenic"
"ST4-74.fa"	4534139	4534140	"ST4-74.fa_4534139_+"	"CDS"	"+"	4534135	4534141	"SL1344_4209"	"actP"	"-"	"SL1344_4209"	"actP"	4532800	4534450	"NSR"	80	81.82	89.74	80	5	11	39	10	81.25125	87.7522448979592	"Constitutive"	"chromosome"	"intragenic"
"ST4-74.fa"	4534633	4534634	"ST4-74.fa_4534633_+"	"CDS"	"+"	4534629	4534635	"SL1344_4210"	"yjcH"	"-"	"SL1344_4210"	"yjcH"	4534446	4534761	"NSR"	85.71	84.62	91.49	81.82	7	13	47	11	85.0015	89.6560344827586	"Constitutive"	"chromosome"	"intragenic"
"ST4-74.fa"	453518	453519	"ST4-74.fa_453518_+"	"CDS"	"+"	453514	453520	"SL1344_0394"	"brnQ"	"+"	"SL1344_0394"	"brnQ"	452743	454063	"Right"	55.56	86.67	91.49	80	9	15	47	10	75.00375	89.4742105263158	"Constitutive"	"chromosome"	"intragenic"
"ST4-74.fa"	453599	453600	"ST4-74.fa_453599_-"	"CDS"	"-"	453598	453604	"SL1344_0394"	"brnQ"	"+"	"SL1344_0394"	"brnQ"	452743	454063	"Right"	77.78	91.67	82	90.91	9	12	50	11	85.7171428571429	83.6067213114754	"Constitutive"	"chromosome"	"intragenic"
"ST4-74.fa"	4538006	4538007	"ST4-74.fa_4538006_+"	"CDS"	"+"	4538002	4538008	"SL1344_4213"	"nrfA"	"+"	"SL1344_4213"	"nrfA"	4537396	4538833	"NSR"	40	54.55	80	62.5	5	11	40	8	50.003125	77.0833333333333	"Constitutive"	"chromosome"	"intragenic"
"ST4-74.fa"	4538432	4538433	"ST4-74.fa_4538432_+"	"CDS"	"+"	4538428	4538434	"SL1344_4213"	"nrfA"	"+"	"SL1344_4213"	"nrfA"	4537396	4538833	"NSR"	100	100	97.96	100	6	16	49	15	100	98.438125	"Constitutive"	"chromosome"	"intragenic"
"ST4-74.fa"	4538801	4538802	"ST4-74.fa_4538801_+"	"CDS"	"+"	4538797	4538803	"SL1344_4213"	"nrfA"	"+"	"SL1344_4213"	"nrfA"	4537396	4538833	"NSR"	100	75	71.11	85.71	4	12	45	14	81.25	74.574406779661	"Constitutive"	"chromosome"	"intragenic"
"ST4-74.fa"	4539452	4539453	"ST4-74.fa_4539452_+"	"CDS"	"+"	4539448	4539454	"SL1344_4214"	"nrfB"	"+"	"SL1344_4214"	"nrfB"	4538944	4539511	"NSR"	80	90.91	97.06	100	5	11	34	14	87.500625	97.9175	"Constitutive"	"chromosome"	"intragenic"
"ST4-74.fa"	4540593	4540594	"ST4-74.fa_4540593_-"	"CDS"	"-"	4540592	4540598	"SL1344_4216"	"nrfD"	"+"	"SL1344_4216"	"nrfD"	4540175	4541132	"NSR"	100	96.15	100	100	11	26	54	11	97.2945945945946	100	"Constitutive"	"chromosome"	"intragenic"
"ST4-74.fa"	4540767	4540768	"ST4-74.fa_4540767_-"	"CDS"	"-"	4540766	4540772	"SL1344_4216"	"nrfD"	"+"	"SL1344_4216"	"nrfD"	4540175	4541132	"NSR"	77.78	100	100	100	9	20	43	9	93.1041379310345	100	"Constitutive"	"chromosome"	"intragenic"
"ST4-74.fa"	4541647	4541648	"ST4-74.fa_4541647_-"	"CDS"	"-"	4541646	4541652	"SL1344_4217"	"nrfE"	"+"	"SL1344_4217"	"nrfE"	4541124	4543347	"NSR"	25	81.25	62.5	57.14	4	16	32	7	70	61.5379487179487	"Constitutive"	"chromosome"	"intragenic"
"ST4-74.fa"	4541989	4541990	"ST4-74.fa_4541989_-"	"CDS"	"-"	4541988	4541994	"SL1344_4217"	"nrfE"	"+"	"SL1344_4217"	"nrfE"	4541124	4543347	"NSR"	100	89.29	89.58	100	9	28	48	7	91.8951351351351	90.9061818181818	"Constitutive"	"chromosome"	"intragenic"
"ST4-74.fa"	454435	454436	"ST4-74.fa_454435_-"	"CDS"	"-"	454434	454440	"SL1344_0395"	"proY"	"+"	"SL1344_0395"	"proY"	454137	455508	"Right"	66.67	75	78.57	66.67	6	8	42	6	71.43	77.0825	"Constitutive"	"chromosome"	"intragenic"
"ST4-74.fa"	4544576	4544577	"ST4-74.fa_4544576_-"	"CDS"	"-"	4544575	4544581	"SL1344_4219"	"gltP"	"+"	"SL1344_4219"	"gltP"	4544308	4545619	"NSR"	100	96	100	87.5	11	25	54	8	97.2222222222222	98.3870967741936	"Constitutive"	"chromosome"	"intragenic"
"ST4-74.fa"	4544948	4544949	"ST4-74.fa_4544948_-"	"CDS"	"-"	4544947	4544953	"SL1344_4219"	"gltP"	"+"	"SL1344_4219"	"gltP"	4544308	4545619	"NSR"	87.5	100	97.37	100	8	18	38	4	96.1538461538462	97.6204761904762	"Constitutive"	"chromosome"	"intragenic"
"ST4-74.fa"	454531	454532	"ST4-74.fa_454531_-"	"CDS"	"-"	454530	454536	"SL1344_0395"	"proY"	"+"	"SL1344_0395"	"proY"	454137	455508	"Right"	77.78	77.78	72.73	81.82	9	9	44	11	77.78	74.548	"Constitutive"	"chromosome"	"intragenic"
"ST4-74.fa"	4546718	4546719	"ST4-74.fa_4546718_-"	"CDS"	"-"	4546717	4546723	"SL1344_4221"	"SC4B5.11c"	"-"	"SL1344_4221"	"SC4B5.11c"	4546642	4548790	"NSR"	100	95.24	92.5	100	5	21	40	1	96.1553846153846	92.6829268292683	"Constitutive"	"chromosome"	"intragenic"
"ST4-74.fa"	4547177	4547178	"ST4-74.fa_4547177_-"	"CDS"	"-"	4547176	4547182	"SL1344_4221"	"SC4B5.11c"	"-"	"SL1344_4221"	"SC4B5.11c"	4546642	4548790	"NSR"	100	82.61	77.78	75	7	23	45	4	86.6676666666667	77.5530612244898	"Constitutive"	"chromosome"	"intragenic"
"ST4-74.fa"	4550558	4550559	"ST4-74.fa_4550558_-"	"CDS"	"-"	4550557	4550563	"SL1344_4224"	"phnO"	"-"	"SL1344_4224"	"phnO"	4550310	4550745	"NSR"	100	86.36	100	100	4	22	47	7	88.4584615384615	100	"Constitutive"	"chromosome"	"intragenic"
"ST4-74.fa"	4552586	4552587	"ST4-74.fa_4552586_+"	"CDS"	"+"	4552582	4552588	"SL1344_4227"	"proP"	"+"	"SL1344_4227"	"proP"	4552262	4553765	"NSR"	100	90.91	93.62	90.91	9	22	47	11	93.5490322580645	93.1060344827586	"Constitutive"	"chromosome"	"intragenic"
"ST4-74.fa"	4553697	4553698	"ST4-74.fa_4553697_+"	"CDS"	"+"	4553693	4553699	"SL1344_4227"	"proP"	"+"	"SL1344_4227"	"proP"	4552262	4553765	"NSR"	87.5	82.61	84	80	8	23	50	5	83.871935483871	83.6363636363636	"Constitutive"	"chromosome"	"intragenic"
"ST4-74.fa"	4554796	4554797	"ST4-74.fa_4554796_+"	"CDS"	"+"	4554792	4554798	"SL1344_4228"	"basS"	"-"	"SL1344_4228"	"basS"	4553931	4555002	"NSR"	80	72.22	81.25	50	5	18	48	6	73.9113043478261	77.7777777777778	"Constitutive"	"chromosome"	"intragenic"
"ST4-74.fa"	4555821	4555822	"ST4-74.fa_4555821_-"	"CDS"	"-"	4555820	4555826	"SL1344_4230"	"yjdB"	"-"	"SL1344_4230"	"yjdB"	4555676	4557320	"NSR"	70	83.33	100	100	10	18	47	7	78.5692857142857	100	"Constitutive"	"chromosome"	"intragenic"
"ST4-74.fa"	4556835	4556836	"ST4-74.fa_4556835_+"	"CDS"	"+"	4556831	4556837	"SL1344_4230"	"yjdB"	"-"	"SL1344_4230"	"yjdB"	4555676	4557320	"NSR"	85.71	68.18	73.91	55.56	7	22	46	9	72.4113793103448	70.9072727272727	"Constitutive"	"chromosome"	"intragenic"
"ST4-74.fa"	4558093	4558094	"ST4-74.fa_4558093_+"	"CDS"	"+"	4558089	4558095	"SL1344_4231"	"adiC"	"-"	"SL1344_4231"	"adiC"	4557453	4558791	"NSR"	75	81.82	73.33	80	8	22	45	5	80.0013333333333	73.997	"Constitutive"	"chromosome"	"intragenic"
"ST4-74.fa"	4560476	4560477	"ST4-74.fa_4560476_+"	"CDS"	"+"	4560472	4560478	"SL1344_4233"	"adi"	"-"	"SL1344_4233"	"adi"	4559989	4562260	"NSR"	83.33	83.33	78.38	100	6	18	37	4	83.33	80.4892682926829	"Constitutive"	"chromosome"	"intragenic"
"ST4-74.fa"	4561472	4561473	"ST4-74.fa_4561472_+"	"CDS"	"+"	4561468	4561474	"SL1344_4233"	"adi"	"-"	"SL1344_4233"	"adi"	4559989	4562260	"NSR"	83.33	82.35	84.85	75	6	17	33	4	82.605652173913	83.7851351351351	"Constitutive"	"chromosome"	"intragenic"
"ST4-74.fa"	4562781	4562782	"ST4-74.fa_4562781_-"	"CDS"	"-"	4562780	4562786	"SL1344_4234"	"melR"	"-"	"SL1344_4234"	"melR"	4562489	4563422	"NSR"	75	86.36	88.64	75	8	22	44	8	83.3306666666667	86.5415384615385	"Constitutive"	"chromosome"	"intragenic"
"ST4-74.fa"	4564999	4565000	"ST4-74.fa_4564999_-"	"CDS"	"-"	4564998	4565004	"SL1344_4235"	"melA"	"+"	"SL1344_4235"	"melA"	4563690	4565046	"NSR"	75	83.33	93.02	85.71	8	18	43	7	80.7669230769231	91.9966	"Constitutive"	"chromosome"	"intragenic"
"ST4-74.fa"	4565823	4565824	"ST4-74.fa_4565823_+"	"CDS"	"+"	4565819	4565825	"SL1344_4236"	"melB"	"+"	"SL1344_4236"	"melB"	4565129	4566560	"NSR"	85.71	84.21	93.55	88.89	7	19	31	9	84.6138461538461	92.5015	"Constitutive"	"chromosome"	"intragenic"
"ST4-74.fa"	4570878	4570879	"ST4-74.fa_4570878_+"	"CDS"	"+"	4570874	4570880	"SL1344_4240"	"dcuR"	"-"	"SL1344_4240"	"dcuR"	4570469	4571189	"NSR"	100	88.24	89.8	66.67	7	17	49	6	91.67	87.2767272727273	"Constitutive"	"chromosome"	"intragenic"
"ST4-74.fa"	4571525	4571526	"ST4-74.fa_4571525_-"	"CDS"	"-"	4571524	4571530	"SL1344_4241"	"dcuS"	"-"	"SL1344_4241"	"dcuS"	4571185	4572817	"NSR"	100	92.59	93.88	100	6	27	49	7	93.9372727272727	94.645	"Constitutive"	"chromosome"	"intragenic"
"ST4-74.fa"	4572704	4572705	"ST4-74.fa_4572704_+"	"CDS"	"+"	4572700	4572706	"SL1344_4241"	"dcuS"	"-"	"SL1344_4241"	"dcuS"	4571185	4572817	"NSR"	87.5	75	78.18	87.5	8	16	55	8	79.1666666666667	79.3634920634921	"Constitutive"	"chromosome"	"intragenic"
"ST4-74.fa"	4577037	4577038	"ST4-74.fa_4577037_-"	"CDS"	"-"	4577036	4577042	"SL1344_4245"	"STM4308"	"+"	"SL1344_4245"	"STM4308"	4577023	4577677	"NSR"	77.78	73.68	89.8	80	9	19	49	5	74.9978571428571	88.8925925925926	"Constitutive"	"chromosome"	"intragenic"
"ST4-74.fa"	4577042	4577043	"ST4-74.fa_4577042_+"	"CDS"	"+"	4577038	4577044	"SL1344_4245"	"STM4308"	"+"	"SL1344_4245"	"STM4308"	4577023	4577677	"NSR"	100	76.47	86.27	100	11	17	51	8	85.7139285714286	88.1316949152542	"Constitutive"	"chromosome"	"intragenic"
"ST4-74.fa"	4577441	4577442	"ST4-74.fa_4577441_+"	"CDS"	"+"	4577437	4577443	"SL1344_4245"	"STM4308"	"+"	"SL1344_4245"	"STM4308"	4577023	4577677	"NSR"	100	66.67	93.62	90.91	7	18	47	11	76.0024	93.1060344827586	"Constitutive"	"chromosome"	"intragenic"
"ST4-74.fa"	4579597	4579598	"ST4-74.fa_4579597_-"	"CDS"	"-"	4579596	4579602	"SL1344_4247"	"STM4310"	"+"	"SL1344_4247"	"STM4310"	4579464	4580370	"NSR"	85.71	83.33	80	71.43	7	18	50	7	83.9964	78.9475438596491	"Constitutive"	"chromosome"	"intragenic"
"ST4-74.fa"	458000	458001	"ST4-74.fa_458000_+"	"CDS"	"+"	457996	458002	"SL1344_0397"	"tsaA"	"-"	"SL1344_0397"	"tsaA"	457558	458161	"Right"	87.5	91.67	92.59	62.5	8	12	54	8	90.002	88.7074193548387	"Constitutive"	"chromosome"	"intragenic"
"ST4-74.fa"	4581265	4581266	"ST4-74.fa_4581265_-"	"CDS"	"-"	4581264	4581270	"SL1344_4250"	"rtsB"	"-"	"SL1344_4250"	"rtsB"	4581178	4581466	"NSR"	62.5	77.78	84.85	87.5	8	18	33	8	73.0784615384615	85.3670731707317	"Constitutive"	"chromosome"	"intragenic"
"ST4-74.fa"	4584887	4584888	"ST4-74.fa_4584887_+"	"CDS"	"+"	4584883	4584889	"SL1344_4255"	"phoN"	"-"	"SL1344_4255"	"phoN"	4584169	4584922	"NSR"	50	84.62	45.45	75	8	13	33	8	71.4314285714286	51.2158536585366	"Constitutive"	"chromosome"	"intragenic"
"ST4-74.fa"	4584940	4584941	"ST4-74.fa_4584940_+"	"intergenic"	"+"	4584936	4584942	"SL1344_4255"	"phoN"	"--"	"SL1344_4256"	"SL1344_4256"	4584922	4584964	"NSR"	84.62	83.33	84.78	77.78	13	18	46	9	83.8709677419355	83.6345454545454	"Constitutive"	"chromosome"	"intergenic"
"ST4-74.fa"	4585844	4585845	"ST4-74.fa_4585844_-"	"intergenic"	"-"	4585843	4585849	"SL1344_4256"	"SL1344_4256"	"--"	"SL1344_4257"	"SL1344_4257"	4585099	4586131	"NSR"	57.14	82.76	88.64	66.67	7	29	44	9	77.7783333333333	84.9092452830189	"Constitutive"	"chromosome"	"intergenic"
"ST4-74.fa"	4587022	4587023	"ST4-74.fa_4587022_-"	"intergenic"	"-"	4587021	4587027	"SL1344_4258"	"STM4320"	"+-"	"SL1344_tRNA_79"	"no"	4586913	4587163	"NSR"	66.67	86.36	87.88	100	9	22	33	1	80.6435483870968	88.2364705882353	"Constitutive"	"chromosome"	"intergenic"
"ST4-74.fa"	4589143	4589144	"ST4-74.fa_4589143_+"	"CDS"	"+"	4589139	4589145	"SL1344_4260"	"dipZ"	"-"	"SL1344_4260"	"dipZ"	4587963	4589667	"NSR"	88.89	78.57	83.87	66.67	9	14	31	6	82.6082608695652	81.0808108108108	"Constitutive"	"chromosome"	"intragenic"
"ST4-74.fa"	4589644	4589645	"ST4-74.fa_4589644_+"	"CDS"	"+"	4589640	4589646	"SL1344_4260"	"dipZ"	"-"	"SL1344_4260"	"dipZ"	4587963	4589667	"NSR"	100	89.47	94.12	83.33	7	19	51	6	92.305	92.9842105263158	"Constitutive"	"chromosome"	"intragenic"
"ST4-74.fa"	4589644	4589645	"ST4-74.fa_4589644_+"	"CDS"	"+"	4589640	4589646	"SL1344_4261"	"cutA"	"-"	"SL1344_4261"	"cutA"	4589642	4589990	"NSR"	100	89.47	94.12	83.33	7	19	51	6	92.305	92.9842105263158	"Constitutive"	"chromosome"	"intragenic"
"ST4-74.fa"	4592475	4592476	"ST4-74.fa_4592475_+"	"CDS"	"+"	4592471	4592477	"SL1344_4263"	"aspA"	"-"	"SL1344_4263"	"aspA"	4591526	4592963	"NSR"	88.89	96.3	95.83	100	9	27	48	10	94.4475	96.5489655172414	"Constitutive"	"chromosome"	"intragenic"
"ST4-74.fa"	4593535	4593536	"ST4-74.fa_4593535_-"	"CDS"	"-"	4593534	4593540	"SL1344_4264"	"fxsA"	"+"	"SL1344_4264"	"fxsA"	4593264	4593780	"NSR"	87.5	75	64.44	100	8	8	45	3	81.25	66.6625	"Constitutive"	"chromosome"	"intragenic"
"ST4-74.fa"	4594052	4594053	"ST4-74.fa_4594052_+"	"CDS"	"+"	4594048	4594054	"SL1344_4265"	"yjeH"	"-"	"SL1344_4265"	"yjeH"	4593838	4595080	"NSR"	87.5	100	95.35	77.78	8	16	43	9	95.8333333333333	92.3090384615384	"Constitutive"	"chromosome"	"intragenic"
"ST4-74.fa"	4594815	4594816	"ST4-74.fa_4594815_-"	"CDS"	"-"	4594814	4594820	"SL1344_4265"	"yjeH"	"-"	"SL1344_4265"	"yjeH"	4593838	4595080	"NSR"	91.67	40	72.73	100	12	15	44	4	62.9644444444444	75.0025	"Constitutive"	"chromosome"	"intragenic"
"ST4-74.fa"	4596173	4596174	"ST4-74.fa_4596173_-"	"CDS"	"-"	4596172	4596178	"SL1344_4267"	"groEL"	"+"	"SL1344_4267"	"groEL"	4595692	4597339	"NSR"	88.89	100	96	25	9	15	50	12	95.83375	82.258064516129	"Constitutive"	"chromosome"	"intragenic"
"ST4-74.fa"	4596434	4596435	"ST4-74.fa_4596434_-"	"CDS"	"-"	4596433	4596439	"SL1344_4267"	"groEL"	"+"	"SL1344_4267"	"groEL"	4595692	4597339	"NSR"	85.71	77.78	86.67	38.46	7	18	45	13	80.0004	75.8643103448276	"Constitutive"	"chromosome"	"intragenic"
"ST4-74.fa"	4596947	4596948	"ST4-74.fa_4596947_-"	"CDS"	"-"	4596946	4596952	"SL1344_4267"	"groEL"	"+"	"SL1344_4267"	"groEL"	4595692	4597339	"NSR"	100	85.71	87.76	50	8	14	49	6	90.9063636363636	83.6407272727273	"Constitutive"	"chromosome"	"intragenic"
"ST4-74.fa"	459931	459932	"ST4-74.fa_459931_-"	"CDS"	"-"	459930	459936	"SL1344_0399"	"queA"	"+"	"SL1344_0399"	"queA"	459045	460110	"Right"	100	83.33	91.49	90.91	10	12	47	11	90.9072727272727	91.38	"Constitutive"	"chromosome"	"intragenic"
"ST4-74.fa"	4600519	4600520	"ST4-74.fa_4600519_+"	"CDS"	"+"	4600515	4600521	"SL1344_4271"	"efp"	"+"	"SL1344_4271"	"efp"	4600191	4600758	"NSR"	77.78	85.71	96	100	9	14	50	10	82.6069565217391	96.6666666666667	"Constitutive"	"chromosome"	"intragenic"
"ST4-74.fa"	4603605	4603606	"ST4-74.fa_4603605_+"	"CDS"	"+"	4603601	4603607	"SL1344_4278"	"frdC"	"-"	"SL1344_4278"	"frdC"	4603430	4603826	"NSR"	71.43	50	80.43	100	7	14	46	12	57.1433333333333	84.4789655172414	"Constitutive"	"chromosome"	"intragenic"
"ST4-74.fa"	4604182	4604183	"ST4-74.fa_4604182_-"	"CDS"	"-"	4604181	4604187	"SL1344_4279"	"frdB"	"-"	"SL1344_4279"	"frdB"	4603836	4604571	"NSR"	62.5	61.54	61.76	100	8	13	34	3	61.9057142857143	64.8605405405405	"Constitutive"	"chromosome"	"intragenic"
"ST4-74.fa"	4606250	4606251	"ST4-74.fa_4606250_+"	"CDS"	"+"	4606246	4606252	"SL1344_4280"	"frdA"	"-"	"SL1344_4280"	"frdA"	4604563	4606354	"NSR"	90	76.92	89.36	75	10	13	47	12	82.6069565217391	86.4393220338983	"Constitutive"	"chromosome"	"intragenic"
"ST4-74.fa"	4610973	4610974	"ST4-74.fa_4610973_+"	"CDS"	"+"	4610969	4610975	"SL1344_4284"	"yjeP"	"-"	"SL1344_4284"	"yjeP"	4609814	4613117	"NSR"	80	100	83.67	76.92	10	10	49	13	90	82.2546774193548	"Constitutive"	"chromosome"	"intragenic"
"ST4-74.fa"	4611324	4611325	"ST4-74.fa_4611324_+"	"CDS"	"+"	4611320	4611326	"SL1344_4284"	"yjeP"	"-"	"SL1344_4284"	"yjeP"	4609814	4613117	"NSR"	100	92.86	96.67	93.33	10	14	60	15	95.835	96.002	"Constitutive"	"chromosome"	"intragenic"
"ST4-74.fa"	4611942	4611943	"ST4-74.fa_4611942_+"	"CDS"	"+"	4611938	4611944	"SL1344_4284"	"yjeP"	"-"	"SL1344_4284"	"yjeP"	4609814	4613117	"NSR"	100	100	96.43	83.33	10	14	56	12	100	94.1182352941177	"Constitutive"	"chromosome"	"intragenic"
"ST4-74.fa"	4613328	4613329	"ST4-74.fa_4613328_+"	"CDS"	"+"	4613324	4613330	"SL1344_4285"	"psd"	"-"	"SL1344_4285"	"psd"	4613159	4614128	"NSR"	90	84.62	83.67	100	10	13	49	11	86.9591304347826	86.6638333333333	"Constitutive"	"chromosome"	"intragenic"
"ST4-74.fa"	4616505	4616506	"ST4-74.fa_4616505_+"	"CDS"	"+"	4616501	4616507	"SL1344_4288"	"STM4351"	"-"	"SL1344_4288"	"STM4351"	4615985	4616726	"NSR"	85.71	84.62	76.09	85.71	7	13	46	7	85.0015	77.3605660377359	"Constitutive"	"chromosome"	"intragenic"
"ST4-74.fa"	461964	461965	"ST4-74.fa_461964_-"	"CDS"	"-"	461963	461969	"SL1344_0402"	"secD"	"+"	"SL1344_0402"	"secD"	461816	463664	"Right"	100	100	93.18	90	7	10	44	10	100	92.5911111111111	"Constitutive"	"chromosome"	"intragenic"
"ST4-74.fa"	4625277	4625278	"ST4-74.fa_4625277_+"	"CDS"	"+"	4625273	4625279	"SL1344_4295"	"hfq"	"+"	"SL1344_4295"	"hfq"	4625156	4625465	"NSR"	66.67	100	97.96	92.31	3	14	49	13	94.1182352941177	96.7753225806452	"Constitutive"	"chromosome"	"intragenic"
"ST4-74.fa"	4626215	4626216	"ST4-74.fa_4626215_+"	"CDS"	"+"	4626211	4626217	"SL1344_4296"	"hflX"	"+"	"SL1344_4296"	"hflX"	4625536	4626817	"NSR"	100	84.62	80	66.67	3	13	40	6	87.50375	78.2613043478261	"Constitutive"	"chromosome"	"intragenic"
"ST4-74.fa"	4627137	4627138	"ST4-74.fa_4627137_+"	"CDS"	"+"	4627133	4627139	"SL1344_4297"	"hflK"	"+"	"SL1344_4297"	"hflK"	4627031	4628291	"NSR"	28.57	80	75	42.86	7	10	40	7	58.8229411764706	70.2131914893617	"Constitutive"	"chromosome"	"intragenic"
"ST4-74.fa"	4628100	4628101	"ST4-74.fa_4628100_+"	"CDS"	"+"	4628096	4628102	"SL1344_4297"	"hflK"	"+"	"SL1344_4297"	"hflK"	4627031	4628291	"NSR"	83.33	83.33	76.92	50	6	12	39	6	83.33	73.3306666666667	"Constitutive"	"chromosome"	"intragenic"
"ST4-74.fa"	4629992	4629993	"ST4-74.fa_4629992_-"	"CDS"	"-"	4629991	4629997	"SL1344_4299"	"purA"	"+"	"SL1344_4299"	"purA"	4629676	4630975	"NSR"	100	100	92.45	100	4	15	53	12	100	93.8438461538462	"Constitutive"	"chromosome"	"intragenic"
"ST4-74.fa"	4632011	4632012	"ST4-74.fa_4632011_+"	"CDS"	"+"	4632007	4632013	"SL1344_4301"	"rnr"	"+"	"SL1344_4301"	"rnr"	4631644	4634083	"NSR"	87.5	90.48	98	37.5	8	21	50	8	89.6579310344828	89.6551724137931	"Constitutive"	"chromosome"	"intragenic"
"ST4-74.fa"	4632824	4632825	"ST4-74.fa_4632824_+"	"CDS"	"+"	4632820	4632826	"SL1344_4301"	"rnr"	"+"	"SL1344_4301"	"rnr"	4631644	4634083	"NSR"	100	95.45	87.72	85.71	8	22	57	7	96.6633333333333	87.50015625	"Constitutive"	"chromosome"	"intragenic"
"ST4-74.fa"	4633568	4633569	"ST4-74.fa_4633568_+"	"CDS"	"+"	4633564	4633570	"SL1344_4301"	"rnr"	"+"	"SL1344_4301"	"rnr"	4631644	4634083	"NSR"	85.71	94.44	94.74	75	7	18	57	4	91.9956	93.4455737704918	"Constitutive"	"chromosome"	"intragenic"
"ST4-74.fa"	4633700	4633701	"ST4-74.fa_4633700_+"	"CDS"	"+"	4633696	4633702	"SL1344_4301"	"rnr"	"+"	"SL1344_4301"	"rnr"	4631644	4634083	"NSR"	90	94.74	98.21	100	10	19	56	4	93.1055172413793	98.3293333333333	"Constitutive"	"chromosome"	"intragenic"
"ST4-74.fa"	4633814	4633815	"ST4-74.fa_4633814_-"	"CDS"	"-"	4633813	4633819	"SL1344_4301"	"rnr"	"+"	"SL1344_4301"	"rnr"	4631644	4634083	"NSR"	100	93.33	81.25	100	4	15	48	7	94.7342105263158	83.6363636363636	"Constitutive"	"chromosome"	"intragenic"
"ST4-74.fa"	4634288	4634289	"ST4-74.fa_4634288_-"	"CDS"	"-"	4634287	4634293	"SL1344_4302"	"yjfH"	"+"	"SL1344_4302"	"yjfH"	4634173	4634905	"NSR"	100	81.82	77.42	100	4	11	31	5	86.668	80.5561111111111	"Constitutive"	"chromosome"	"intragenic"
"ST4-74.fa"	4634435	4634436	"ST4-74.fa_4634435_-"	"CDS"	"-"	4634434	4634440	"SL1344_4302"	"yjfH"	"+"	"SL1344_4302"	"yjfH"	4634173	4634905	"NSR"	66.67	94.12	85.71	100	6	17	42	5	86.9591304347826	87.2302127659574	"Constitutive"	"chromosome"	"intragenic"
"ST4-74.fa"	4634810	4634811	"ST4-74.fa_4634810_-"	"CDS"	"-"	4634809	4634815	"SL1344_4302"	"yjfH"	"+"	"SL1344_4302"	"yjfH"	4634173	4634905	"NSR"	80	86.67	96.08	66.67	5	15	51	6	85.0025	92.9842105263158	"Constitutive"	"chromosome"	"intragenic"
"ST4-74.fa"	4634815	4634816	"ST4-74.fa_4634815_+"	"CDS"	"+"	4634811	4634817	"SL1344_4302"	"yjfH"	"+"	"SL1344_4302"	"yjfH"	4634173	4634905	"NSR"	85.71	86.67	74.29	83.33	7	15	35	6	86.3645454545454	75.6129268292683	"Constitutive"	"chromosome"	"intragenic"
"ST4-74.fa"	4637080	4637081	"ST4-74.fa_4637080_+"	"CDS"	"+"	4637076	4637082	"SL1344_4305"	"STM4372"	"+"	"SL1344_4305"	"STM4372"	4636153	4637224	"NSR"	60	84.62	78.12	75	5	13	32	8	77.7811111111111	77.496	"Constitutive"	"chromosome"	"intragenic"
"ST4-74.fa"	463774	463775	"ST4-74.fa_463774_-"	"CDS"	"-"	463773	463779	"SL1344_0403"	"secF"	"+"	"SL1344_0403"	"secF"	463674	464646	"Right"	85.71	100	82.86	80	7	8	35	5	93.3313333333333	82.5025	"Constitutive"	"chromosome"	"intragenic"
"ST4-74.fa"	4639421	4639422	"ST4-74.fa_4639421_-"	"CDS"	"-"	4639420	4639426	"SL1344_4309"	"yjfC"	"+"	"SL1344_4309"	"yjfC"	4638946	4640110	"NSR"	100	100	91.11	100	6	12	45	2	100	91.4882978723404	"Constitutive"	"chromosome"	"intragenic"
"ST4-74.fa"	4641185	4641186	"ST4-74.fa_4641185_-"	"CDS"	"-"	4641184	4641190	"SL1344_4310"	"aidB"	"+"	"SL1344_4310"	"aidB"	4640194	4641817	"NSR"	75	100	94.74	100	8	21	57	4	93.1034482758621	95.0849180327869	"Constitutive"	"chromosome"	"intragenic"
"ST4-74.fa"	4642018	4642019	"ST4-74.fa_4642018_+"	"CDS"	"+"	4642014	4642020	"SL1344_4311"	"yjfN"	"-"	"SL1344_4311"	"yjfN"	4641861	4642182	"NSR"	90.91	85.71	94.83	75	11	14	58	4	87.998	93.5506451612903	"Constitutive"	"chromosome"	"intragenic"
"ST4-74.fa"	4643614	4643615	"ST4-74.fa_4643614_-"	"CDS"	"-"	4643613	4643619	"SL1344_4314"	"yjfQ"	"-"	"SL1344_4314"	"yjfQ"	4643526	4644282	"NSR"	40	57.14	67.74	100	5	14	31	3	52.6294736842105	70.5864705882353	"Constitutive"	"chromosome"	"intragenic"
"ST4-74.fa"	4643893	4643894	"ST4-74.fa_4643893_+"	"CDS"	"+"	4643889	4643895	"SL1344_4314"	"yjfQ"	"-"	"SL1344_4314"	"yjfQ"	4643526	4644282	"NSR"	100	85.71	89.29	57.14	8	21	56	7	89.6520689655172	85.7177777777778	"Constitutive"	"chromosome"	"intragenic"
"ST4-74.fa"	4644867	4644868	"ST4-74.fa_4644867_-"	"CDS"	"-"	4644866	4644872	"SL1344_4315"	"yjfR"	"-"	"SL1344_4315"	"yjfR"	4644386	4645451	"NSR"	100	92.31	92.16	60	6	13	51	5	94.7384210526316	89.2885714285714	"Constitutive"	"chromosome"	"intragenic"
"ST4-74.fa"	464506	464507	"ST4-74.fa_464506_-"	"CDS"	"-"	464505	464511	"SL1344_0403"	"secF"	"+"	"SL1344_0403"	"secF"	463674	464646	"Right"	92.86	100	100	100	14	10	46	9	95.835	100	"Constitutive"	"chromosome"	"intragenic"
"ST4-74.fa"	464626	464627	"ST4-74.fa_464626_+"	"CDS"	"+"	464622	464628	"SL1344_0403"	"secF"	"+"	"SL1344_0403"	"secF"	463674	464646	"Right"	0	33.33	48	20	3	6	25	5	22.22	43.3333333333333	"LSP-specific"	"chromosome"	"intragenic"
"ST4-74.fa"	4647845	4647846	"ST4-74.fa_4647845_-"	"CDS"	"-"	4647844	4647850	"SL1344_4318"	"ptxA"	"+"	"SL1344_4318"	"ptxA"	4647541	4648006	"NSR"	100	78.57	75.61	66.67	2	14	41	3	81.24875	75.0004545454545	"Constitutive"	"chromosome"	"intragenic"
"ST4-74.fa"	4652027	4652028	"ST4-74.fa_4652027_-"	"CDS"	"-"	4652026	4652032	"SL1344_4326"	"rpsR"	"+"	"SL1344_4326"	"rpsR"	4651815	4652043	"NSR"	100	69.23	85.71	66.67	5	13	42	6	77.7772222222222	83.33	"Constitutive"	"chromosome"	"intragenic"
"ST4-74.fa"	4652136	4652137	"ST4-74.fa_4652136_+"	"CDS"	"+"	4652132	4652138	"SL1344_4327"	"rplI"	"+"	"SL1344_4327"	"rplI"	4652084	4652534	"NSR"	83.33	66.67	68.75	66.67	6	9	32	6	73.334	68.4215789473684	"Constitutive"	"chromosome"	"intragenic"
"ST4-74.fa"	4653480	4653481	"ST4-74.fa_4653480_-"	"CDS"	"-"	4653479	4653485	"SL1344_4328"	"yifZ"	"+"	"SL1344_4328"	"yifZ"	4652681	4653608	"NSR"	83.33	88	76.79	100	6	25	56	6	87.0961290322581	79.0361290322581	"Constitutive"	"chromosome"	"intragenic"
"ST4-74.fa"	4654018	4654019	"ST4-74.fa_4654018_-"	"CDS"	"-"	4654017	4654023	"SL1344_4329"	"ytfB"	"-"	"SL1344_4329"	"ytfB"	4653657	4654293	"NSR"	100	88.89	95.38	100	6	18	65	6	91.6675	95.7704225352113	"Constitutive"	"chromosome"	"intragenic"
"ST4-74.fa"	4655438	4655439	"ST4-74.fa_4655438_+"	"CDS"	"+"	4655434	4655440	"SL1344_4331"	"cycA"	"+"	"SL1344_4331"	"cycA"	4655428	4656838	"NSR"	50	85	81.82	100	6	20	44	10	76.9230769230769	85.1866666666667	"Constitutive"	"chromosome"	"intragenic"
"ST4-74.fa"	4655575	4655576	"ST4-74.fa_4655575_+"	"CDS"	"+"	4655571	4655577	"SL1344_4331"	"cycA"	"+"	"SL1344_4331"	"cycA"	4655428	4656838	"NSR"	50	84.21	97.83	100	4	19	46	10	78.2604347826087	98.2175	"Constitutive"	"chromosome"	"intragenic"
"ST4-74.fa"	4662049	4662050	"ST4-74.fa_4662049_+"	"CDS"	"+"	4662045	4662051	"SL1344_4336"	"cpdB"	"-"	"SL1344_4336"	"cpdB"	4660140	4662084	"NSR"	75	100	100	92.31	4	22	46	13	96.1538461538462	98.305593220339	"Constitutive"	"chromosome"	"intragenic"
"ST4-74.fa"	466287	466288	"ST4-74.fa_466287_+"	"CDS"	"+"	466283	466289	"SL1344_0406"	"yajD"	"+"	"SL1344_0406"	"yajD"	466046	466394	"Right"	100	66.67	92.86	100	8	12	56	9	80.002	93.8486153846154	"Constitutive"	"chromosome"	"intragenic"
"ST4-74.fa"	4664344	4664345	"ST4-74.fa_4664344_-"	"CDS"	"-"	4664343	4664349	"SL1344_4340"	"ytfL"	"-"	"SL1344_4340"	"ytfL"	4664256	4665600	"NSR"	81.82	82.61	94.55	100	11	23	55	13	82.3544117647059	95.5919117647059	"Constitutive"	"chromosome"	"intragenic"
"ST4-74.fa"	4665568	4665569	"ST4-74.fa_4665568_+"	"CDS"	"+"	4665564	4665570	"SL1344_4340"	"ytfL"	"-"	"SL1344_4340"	"ytfL"	4664256	4665600	"NSR"	40	78.95	86	100	5	19	50	7	70.8354166666667	87.719298245614	"Constitutive"	"chromosome"	"intragenic"
"ST4-74.fa"	4667809	4667810	"ST4-74.fa_4667809_+"	"CDS"	"+"	4667805	4667811	"SL1344_4342"	"ytfM"	"+"	"SL1344_4342"	"ytfM"	4666633	4668367	"NSR"	62.5	77.78	86.27	83.33	8	9	51	6	70.5894117647059	85.9605263157895	"Constitutive"	"chromosome"	"intragenic"
"ST4-74.fa"	4668898	4668899	"ST4-74.fa_4668898_-"	"CDS"	"-"	4668897	4668903	"SL1344_4343"	"ytfN"	"+"	"SL1344_4343"	"ytfN"	4668363	4672143	"NSR"	100	81.82	93.62	90	5	11	47	10	87.50125	92.9849122807018	"Constitutive"	"chromosome"	"intragenic"
"ST4-74.fa"	4670176	4670177	"ST4-74.fa_4670176_+"	"CDS"	"+"	4670172	4670178	"SL1344_4343"	"ytfN"	"+"	"SL1344_4343"	"ytfN"	4668363	4672143	"NSR"	71.43	85.71	90.48	88.89	7	14	42	9	80.95	90.1994117647059	"Constitutive"	"chromosome"	"intragenic"
"ST4-74.fa"	4671652	4671653	"ST4-74.fa_4671652_+"	"CDS"	"+"	4671648	4671654	"SL1344_4343"	"ytfN"	"+"	"SL1344_4343"	"ytfN"	4668363	4672143	"NSR"	88.89	93.33	86.49	100	9	15	37	6	91.665	88.3751162790698	"Constitutive"	"chromosome"	"intragenic"
"ST4-74.fa"	4672108	4672109	"ST4-74.fa_4672108_+"	"CDS"	"+"	4672104	4672110	"SL1344_4343"	"ytfN"	"+"	"SL1344_4343"	"ytfN"	4668363	4672143	"NSR"	83.33	100	90.48	100	6	19	42	8	95.9992	92.0032	"Constitutive"	"chromosome"	"intragenic"
"ST4-74.fa"	4672935	4672936	"ST4-74.fa_4672935_-"	"CDS"	"-"	4672934	4672940	"SL1344_4345"	"STM4412"	"-"	"SL1344_4345"	"STM4412"	4672543	4673752	"NSR"	66.67	63.64	78.95	70	6	11	38	10	64.7094117647059	77.0854166666667	"Constitutive"	"chromosome"	"intragenic"
"ST4-74.fa"	4677397	4677398	"ST4-74.fa_4677397_-"	"CDS"	"-"	4677396	4677402	"SL1344_4349"	"mpl"	"+"	"SL1344_4349"	"mpl"	4677252	4678632	"NSR"	66.67	53.33	80	60	6	15	40	5	57.1414285714286	77.7777777777778	"Constitutive"	"chromosome"	"intragenic"
"ST4-74.fa"	4677793	4677794	"ST4-74.fa_4677793_-"	"CDS"	"-"	4677792	4677798	"SL1344_4349"	"mpl"	"+"	"SL1344_4349"	"mpl"	4677252	4678632	"NSR"	100	92	96	100	7	25	50	10	93.75	96.6666666666667	"Constitutive"	"chromosome"	"intragenic"
"ST4-74.fa"	467806	467807	"ST4-74.fa_467806_-"	"CDS"	"-"	467805	467811	"SL1344_0407"	"tsx"	"-"	"SL1344_0407"	"tsx"	467022	467886	"Right"	83.33	80	73.53	50	12	10	34	6	81.8163636363636	70.0005	"Constitutive"	"chromosome"	"intragenic"
"ST4-74.fa"	4678951	4678952	"ST4-74.fa_4678951_-"	"intergenic"	"-"	4678950	4678956	"SL1344_4349"	"mpl"	"++"	"SL1344_4350"	"iolR"	4678632	4679122	"NSR"	90.91	88.89	87.76	60	11	18	49	10	89.6562068965517	83.0549152542373	"Constitutive"	"chromosome"	"intergenic"
"ST4-74.fa"	4680664	4680665	"ST4-74.fa_4680664_+"	"CDS"	"+"	4680660	4680666	"SL1344_4351"	"iolT1"	"-"	"SL1344_4351"	"iolT1"	4680006	4681377	"NSR"	60	54.55	76.6	75	10	11	47	8	57.1452380952381	76.3672727272727	"Constitutive"	"chromosome"	"intragenic"
"ST4-74.fa"	4680979	4680980	"ST4-74.fa_4680979_+"	"CDS"	"+"	4680975	4680981	"SL1344_4351"	"iolT1"	"-"	"SL1344_4351"	"iolT1"	4680006	4681377	"NSR"	66.67	70.59	62.75	61.54	9	17	51	13	69.2330769230769	62.50421875	"Constitutive"	"chromosome"	"intragenic"
"ST4-74.fa"	4682145	4682146	"ST4-74.fa_4682145_-"	"CDS"	"-"	4682144	4682150	"SL1344_4352"	"iolT2"	"+"	"SL1344_4352"	"iolT2"	4681898	4683335	"NSR"	50	27.27	58.7	71.43	6	22	46	7	32.1407142857143	60.381320754717	"LSP-specific"	"chromosome"	"intragenic"
"ST4-74.fa"	4684141	4684142	"ST4-74.fa_4684141_+"	"CDS"	"+"	4684137	4684143	"SL1344_4353"	"iolB"	"-"	"SL1344_4353"	"iolB"	4683687	4684497	"NSR"	70	90	61.54	75	10	10	39	8	80	63.8310638297872	"Constitutive"	"chromosome"	"intragenic"
"ST4-74.fa"	4685134	4685135	"ST4-74.fa_4685134_+"	"CDS"	"+"	4685130	4685136	"SL1344_4354"	"iolA"	"-"	"SL1344_4354"	"iolA"	4684521	4686027	"NSR"	100	86.67	83.02	87.5	8	15	53	8	91.3065217391304	83.6075409836066	"Constitutive"	"chromosome"	"intragenic"
"ST4-74.fa"	4685770	4685771	"ST4-74.fa_4685770_+"	"CDS"	"+"	4685766	4685772	"SL1344_4354"	"iolA"	"-"	"SL1344_4354"	"iolA"	4684521	4686027	"NSR"	100	100	97.62	80	12	14	42	10	100	94.2315384615385	"Constitutive"	"chromosome"	"intragenic"
"ST4-74.fa"	4694291	4694292	"ST4-74.fa_4694291_+"	"CDS"	"+"	4694287	4694293	"SL1344_4361"	"iolC"	"-"	"SL1344_4361"	"iolC"	4692997	4694935	"NSR"	100	94.74	88.37	100	2	19	43	9	95.2409523809524	90.3828846153846	"Constitutive"	"chromosome"	"intragenic"
"ST4-74.fa"	4694591	4694592	"ST4-74.fa_4694591_+"	"CDS"	"+"	4694587	4694593	"SL1344_4361"	"iolC"	"-"	"SL1344_4361"	"iolC"	4692997	4694935	"NSR"	33.33	40	65.12	71.43	3	15	43	7	38.8883333333333	66.0034	"Constitutive"	"chromosome"	"intragenic"
"ST4-74.fa"	4694606	4694607	"ST4-74.fa_4694606_-"	"CDS"	"-"	4694605	4694611	"SL1344_4361"	"iolC"	"-"	"SL1344_4361"	"iolC"	4692997	4694935	"NSR"	100	85.71	95.35	85.71	10	14	43	7	91.6641666666666	94.0004	"Constitutive"	"chromosome"	"intragenic"
"ST4-74.fa"	4696048	4696049	"ST4-74.fa_4696048_-"	"CDS"	"-"	4696047	4696053	"SL1344_4362"	"iolD"	"+"	"SL1344_4362"	"iolD"	4695342	4697292	"NSR"	100	94.12	92.68	80	6	17	41	5	95.6539130434783	91.3017391304348	"Constitutive"	"chromosome"	"intragenic"
"ST4-74.fa"	46973	46974	"ST4-74.fa_46973_-"	"CDS"	"-"	46972	46978	"SL1344_0040"	"nhaA"	"+"	"SL1344_0040"	"nhaA"	46189	47356	"NSR"	100	66.67	77.27	83.33	5	9	44	6	78.5735714285714	77.9972	"Constitutive"	"chromosome"	"intragenic"
"ST4-74.fa"	4697965	4697966	"ST4-74.fa_4697965_-"	"CDS"	"-"	4697964	4697970	"SL1344_4363"	"iolG2"	"+"	"SL1344_4363"	"iolG2"	4697472	4698495	"NSR"	100	88.89	94.92	83.33	6	18	59	6	91.6675	93.8501538461538	"Constitutive"	"chromosome"	"intragenic"
"ST4-74.fa"	4698718	4698719	"ST4-74.fa_4698718_+"	"CDS"	"+"	4698714	4698720	"SL1344_4364"	"STM4434"	"+"	"SL1344_4364"	"STM4434"	4698567	4699794	"NSR"	83.33	92.31	94.74	100	6	13	57	8	89.4742105263158	95.3873846153846	"Constitutive"	"chromosome"	"intragenic"
"ST4-74.fa"	4700420	4700421	"ST4-74.fa_4700420_-"	"CDS"	"-"	4700419	4700425	"SL1344_4365"	"iolI2"	"+"	"SL1344_4365"	"iolI2"	4699954	4700770	"NSR"	100	75	90.48	71.43	4	16	42	7	80	87.7585714285714	"Constitutive"	"chromosome"	"intragenic"
"ST4-74.fa"	4701940	4701941	"ST4-74.fa_4701940_+"	"CDS"	"+"	4701936	4701942	"SL1344_4367"	"yjgA"	"-"	"SL1344_4367"	"yjgA"	4701762	4702314	"NSR"	50	77.78	72.73	66.67	10	9	44	6	63.1589473684211	72.0028	"Constitutive"	"chromosome"	"intragenic"
"ST4-74.fa"	4706308	4706309	"ST4-74.fa_4706308_-"	"CDS"	"-"	4706307	4706313	"SL1344_4373"	"STM4443"	"+"	"SL1344_4373"	"STM4443"	4705560	4706337	"NSR"	100	100	90	87.5	4	14	50	8	100	89.6551724137931	"Constitutive"	"chromosome"	"intragenic"
"ST4-74.fa"	4711601	4711602	"ST4-74.fa_4711601_+"	"CDS"	"+"	4711597	4711603	"SL1344_4378"	"STM4448"	"+"	"SL1344_4378"	"STM4448"	4710040	4711954	"NSR"	100	90	93.33	92.86	5	20	60	14	92	93.2410810810811	"Constitutive"	"chromosome"	"intragenic"
"ST4-74.fa"	4713686	4713687	"ST4-74.fa_4713686_-"	"CDS"	"-"	4713685	4713691	"SL1344_4382"	"nrdD"	"-"	"SL1344_4382"	"nrdD"	4713136	4715275	"NSR"	100	93.75	76.09	100	7	16	46	8	95.6521739130435	79.6322222222222	"Constitutive"	"chromosome"	"intragenic"
"ST4-74.fa"	4714166	4714167	"ST4-74.fa_4714166_-"	"CDS"	"-"	4714165	4714171	"SL1344_4382"	"nrdD"	"-"	"SL1344_4382"	"nrdD"	4713136	4715275	"NSR"	88.89	100	91.07	100	9	15	56	12	95.83375	92.6458823529412	"Constitutive"	"chromosome"	"intragenic"
"ST4-74.fa"	4714361	4714362	"ST4-74.fa_4714361_+"	"CDS"	"+"	4714357	4714363	"SL1344_4382"	"nrdD"	"-"	"SL1344_4382"	"nrdD"	4713136	4715275	"NSR"	71.43	76.47	82.22	25	7	17	45	8	75	73.5830188679245	"Constitutive"	"chromosome"	"intragenic"
"ST4-74.fa"	4715924	4715925	"ST4-74.fa_4715924_+"	"CDS"	"+"	4715920	4715926	"SL1344_4384"	"treC"	"-"	"SL1344_4384"	"treC"	4715683	4717336	"NSR"	75	91.67	90.7	80	4	12	43	10	87.5025	88.6811320754717	"Constitutive"	"chromosome"	"intragenic"
"ST4-74.fa"	4716362	4716363	"ST4-74.fa_4716362_-"	"CDS"	"-"	4716361	4716367	"SL1344_4384"	"treC"	"-"	"SL1344_4384"	"treC"	4715683	4717336	"NSR"	100	77.78	76.32	75	5	9	38	8	85.7157142857143	76.0904347826087	"Constitutive"	"chromosome"	"intragenic"
"ST4-74.fa"	471642	471643	"ST4-74.fa_471642_+"	"CDS"	"+"	471638	471644	"SL1344_0413"	"thiL"	"+"	"SL1344_0413"	"thiL"	471510	472488	"Right"	87.5	70	92.31	91.67	8	10	39	12	77.7777777777778	92.1594117647059	"Constitutive"	"chromosome"	"intragenic"
"ST4-74.fa"	4716713	4716714	"ST4-74.fa_4716713_-"	"CDS"	"-"	4716712	4716718	"SL1344_4384"	"treC"	"-"	"SL1344_4384"	"treC"	4715683	4717336	"NSR"	55.56	63.64	70.83	81.82	9	11	48	11	60.004	72.8789830508475	"Constitutive"	"chromosome"	"intragenic"
"ST4-74.fa"	4716728	4716729	"ST4-74.fa_4716728_+"	"CDS"	"+"	4716724	4716730	"SL1344_4384"	"treC"	"-"	"SL1344_4384"	"treC"	4715683	4717336	"NSR"	100	91.67	95.83	100	6	12	48	16	94.4466666666667	96.8725	"Constitutive"	"chromosome"	"intragenic"
"ST4-74.fa"	4718436	4718437	"ST4-74.fa_4718436_-"	"CDS"	"-"	4718435	4718441	"SL1344_4385"	"treB"	"-"	"SL1344_4385"	"treB"	4717385	4718803	"NSR"	100	84.21	80.95	50	6	19	42	8	87.9996	75.998	"Constitutive"	"chromosome"	"intragenic"
"ST4-74.fa"	4719004	4719005	"ST4-74.fa_4719004_+"	"CDS"	"+"	4719000	4719006	"SL1344_4386"	"treR"	"-"	"SL1344_4386"	"treR"	4718940	4719888	"NSR"	87.5	83.33	93.75	92.31	8	12	48	13	84.998	93.4431147540984	"Constitutive"	"chromosome"	"intragenic"
"ST4-74.fa"	4721157	4721158	"ST4-74.fa_4721157_-"	"CDS"	"-"	4721156	4721162	"SL1344_4387"	"mgtA"	"+"	"SL1344_4387"	"mgtA"	4720271	4722980	"NSR"	85.71	81.82	88.37	85.71	7	11	43	7	83.3327777777778	87.9976	"Constitutive"	"chromosome"	"intragenic"
"ST4-74.fa"	4722608	4722609	"ST4-74.fa_4722608_+"	"CDS"	"+"	4722604	4722610	"SL1344_4387"	"mgtA"	"+"	"SL1344_4387"	"mgtA"	4720271	4722980	"NSR"	100	95.45	96.15	85.71	4	22	52	14	96.15	93.9354545454545	"Constitutive"	"chromosome"	"intragenic"
"ST4-74.fa"	4724422	4724423	"ST4-74.fa_4724422_-"	"CDS"	"-"	4724421	4724427	"SL1344_4390"	"pyrI"	"-"	"SL1344_4390"	"pyrI"	4724079	4724541	"NSR"	100	77.78	90.62	71.43	7	9	32	7	87.50125	87.175641025641	"Constitutive"	"chromosome"	"intragenic"
"ST4-74.fa"	4726442	4726443	"ST4-74.fa_4726442_+"	"CDS"	"+"	4726438	4726444	"SL1344_4394"	"STM4464"	"-"	"SL1344_4394"	"STM4464"	4726390	4727794	"NSR"	100	88.89	89.36	71.43	4	18	47	7	90.91	87.0357407407407	"Constitutive"	"chromosome"	"intragenic"
"ST4-74.fa"	4728723	4728724	"ST4-74.fa_4728723_+"	"CDS"	"+"	4728719	4728725	"SL1344_4395"	"STM4465"	"-"	"SL1344_4395"	"STM4465"	4727849	4728854	"NSR"	100	77.27	76.79	91.67	5	22	56	12	81.4792592592593	79.4158823529412	"Constitutive"	"chromosome"	"intragenic"
"ST4-74.fa"	4730149	4730150	"ST4-74.fa_4730149_-"	"CDS"	"-"	4730148	4730154	"SL1344_4397"	"STM4467"	"-"	"SL1344_4397"	"STM4467"	4729908	4731129	"NSR"	100	78.57	98.18	90	10	14	55	10	87.4991666666667	96.9215384615385	"Constitutive"	"chromosome"	"intragenic"
"ST4-74.fa"	4733126	4733127	"ST4-74.fa_4733126_-"	"CDS"	"-"	4733125	4733131	"SL1344_4399"	"argI"	"-"	"SL1344_4399"	"argI"	4732330	4733335	"NSR"	75	80	78.26	62.5	4	10	46	8	78.5714285714286	75.9251851851852	"Constitutive"	"chromosome"	"intragenic"
"ST4-74.fa"	4734094	4734095	"ST4-74.fa_4734094_-"	"CDS"	"-"	4734093	4734099	"SL1344_4401"	"miaE"	"+"	"SL1344_4401"	"miaE"	4733928	4734741	"NSR"	66.67	75	75	77.78	3	4	40	9	71.43	75.510612244898	"Constitutive"	"chromosome"	"intragenic"
"ST4-74.fa"	473496	473497	"ST4-74.fa_473496_+"	"CDS"	"+"	473492	473498	"SL1344_0415"	"yajO"	"-"	"SL1344_0415"	"yajO"	473084	474059	"Right"	75	50	67.44	66.67	8	10	43	15	61.1111111111111	67.2408620689655	"Constitutive"	"chromosome"	"intragenic"
"ST4-74.fa"	4735176	4735177	"ST4-74.fa_4735176_+"	"CDS"	"+"	4735172	4735178	"SL1344_4402"	"ytgA"	"-"	"SL1344_4402"	"ytgA"	4734974	4735463	"NSR"	87.5	85.71	96.3	91.67	8	21	54	12	86.2037931034483	95.4581818181818	"Constitutive"	"chromosome"	"intragenic"
"ST4-74.fa"	4737825	4737826	"ST4-74.fa_4737825_+"	"CDS"	"+"	4737821	4737827	"SL1344_4405"	"valS"	"-"	"SL1344_4405"	"valS"	4737596	4740452	"NSR"	100	83.33	100	77.78	9	24	48	9	87.8763636363636	96.4915789473684	"Constitutive"	"chromosome"	"intragenic"
"ST4-74.fa"	4740776	4740777	"ST4-74.fa_4740776_+"	"CDS"	"+"	4740772	4740778	"SL1344_4406"	"holC"	"-"	"SL1344_4406"	"holC"	4740451	4740895	"NSR"	77.78	100	92	100	9	15	50	10	91.6675	93.3333333333333	"Constitutive"	"chromosome"	"intragenic"
"ST4-74.fa"	4741326	4741327	"ST4-74.fa_4741326_+"	"CDS"	"+"	4741322	4741328	"SL1344_4407"	"pepA"	"-"	"SL1344_4407"	"pepA"	4741031	4742543	"NSR"	100	94.74	96.08	100	6	19	51	8	96.0024	96.6115254237288	"Constitutive"	"chromosome"	"intragenic"
"ST4-74.fa"	4743868	4743869	"ST4-74.fa_4743868_-"	"CDS"	"-"	4743867	4743873	"SL1344_4409"	"yjgP"	"+"	"SL1344_4409"	"yjgP"	4742958	4744038	"NSR"	80	90	92.16	100	10	20	51	9	86.6666666666667	93.336	"Constitutive"	"chromosome"	"intragenic"
"ST4-74.fa"	4743943	4743944	"ST4-74.fa_4743943_-"	"CDS"	"-"	4743942	4743948	"SL1344_4409"	"yjgP"	"+"	"SL1344_4409"	"yjgP"	4742958	4744038	"NSR"	83.33	75	77.08	80	6	16	48	10	77.2718181818182	77.5834482758621	"Constitutive"	"chromosome"	"intragenic"
"ST4-74.fa"	4744149	4744150	"ST4-74.fa_4744149_+"	"CDS"	"+"	4744145	4744151	"SL1344_4410"	"yjgQ"	"+"	"SL1344_4410"	"yjgQ"	4744037	4745120	"NSR"	60	88.89	96.15	100	5	18	52	6	82.6095652173913	96.548275862069	"Constitutive"	"chromosome"	"intragenic"
"ST4-74.fa"	4744584	4744585	"ST4-74.fa_4744584_+"	"CDS"	"+"	4744580	4744586	"SL1344_4410"	"yjgQ"	"+"	"SL1344_4410"	"yjgQ"	4744037	4745120	"NSR"	83.33	100	92.42	100	6	15	66	9	95.2371428571429	93.3296	"Constitutive"	"chromosome"	"intragenic"
"ST4-74.fa"	4746107	4746108	"ST4-74.fa_4746107_+"	"CDS"	"+"	4746103	4746109	"SL1344_4411"	"idnR"	"-"	"SL1344_4411"	"idnR"	4745314	4746313	"NSR"	75	100	88.46	100	4	11	52	7	93.3333333333333	89.8291525423729	"Constitutive"	"chromosome"	"intragenic"
"ST4-74.fa"	474773	474774	"ST4-74.fa_474773_-"	"CDS"	"-"	474772	474778	"SL1344_0416"	"dxs"	"-"	"SL1344_0416"	"dxs"	474115	475978	"Right"	100	100	96.15	92.86	8	10	52	14	100	95.4521212121212	"Constitutive"	"chromosome"	"intragenic"
"ST4-74.fa"	4748598	4748599	"ST4-74.fa_4748598_+"	"CDS"	"+"	4748594	4748600	"SL1344_4414"	"idnD"	"-"	"SL1344_4414"	"idnD"	4748546	4749578	"NSR"	60	69.23	84.09	100	5	13	44	7	66.6661111111111	86.2737254901961	"Constitutive"	"chromosome"	"intragenic"
"ST4-74.fa"	4750322	4750323	"ST4-74.fa_4750322_-"	"CDS"	"-"	4750321	4750327	"SL1344_4415"	"idnK"	"+"	"SL1344_4415"	"idnK"	4749794	4750325	"NSR"	100	95	86.44	66.67	9	20	59	6	96.551724137931	84.6150769230769	"Constitutive"	"chromosome"	"intragenic"
"ST4-74.fa"	4750322	4750323	"ST4-74.fa_4750322_-"	"intergenic"	"-"	4750321	4750327	"SL1344_4415"	"idnK"	"+-"	"SL1344_4416"	"yjgB"	4750325	4750352	"NSR"	100	95	86.44	66.67	9	20	59	6	96.551724137931	84.6150769230769	"Constitutive"	"chromosome"	"intergenic"
"ST4-74.fa"	4754041	4754042	"ST4-74.fa_4754041_-"	"CDS"	"-"	4754040	4754046	"SL1344_4418"	"STM4489"	"+"	"SL1344_4418"	"STM4489"	4752546	4756062	"NSR"	66.67	75	70	62.5	9	12	20	8	71.43	67.8571428571429	"Constitutive"	"chromosome"	"intragenic"
"ST4-74.fa"	4757531	4757532	"ST4-74.fa_4757531_+"	"CDS"	"+"	4757527	4757533	"SL1344_4420"	"STM4491"	"-"	"SL1344_4420"	"STM4491"	4757260	4759345	"NSR"	100	100	93.33	100	6	7	45	4	100	93.8744897959184	"Constitutive"	"chromosome"	"intragenic"
"ST4-74.fa"	4758671	4758672	"ST4-74.fa_4758671_+"	"CDS"	"+"	4758667	4758673	"SL1344_4420"	"STM4491"	"-"	"SL1344_4420"	"STM4491"	4757260	4759345	"NSR"	100	81.82	89.58	83.33	5	11	48	6	87.50125	88.8855555555556	"Constitutive"	"chromosome"	"intragenic"
"ST4-74.fa"	4759674	4759675	"ST4-74.fa_4759674_+"	"CDS"	"+"	4759670	4759676	"SL1344_4421"	"STM4492"	"-"	"SL1344_4421"	"STM4492"	4759355	4761818	"NSR"	100	100	96.3	100	5	11	54	8	100	96.7774193548387	"Constitutive"	"chromosome"	"intragenic"
"ST4-74.fa"	4759848	4759849	"ST4-74.fa_4759848_+"	"CDS"	"+"	4759844	4759850	"SL1344_4421"	"STM4492"	"-"	"SL1344_4421"	"STM4492"	4759355	4761818	"NSR"	80	83.33	74.47	100	5	12	47	8	82.3505882352941	78.1834545454546	"Constitutive"	"chromosome"	"intragenic"
"ST4-74.fa"	4761260	4761261	"ST4-74.fa_4761260_+"	"CDS"	"+"	4761256	4761262	"SL1344_4421"	"STM4492"	"-"	"SL1344_4421"	"STM4492"	4759355	4761818	"NSR"	100	71.43	82.93	83.33	5	7	41	6	83.3341666666667	82.9810638297872	"Constitutive"	"chromosome"	"intragenic"
"ST4-74.fa"	4761300	4761301	"ST4-74.fa_4761300_+"	"CDS"	"+"	4761296	4761302	"SL1344_4421"	"STM4492"	"-"	"SL1344_4421"	"STM4492"	4759355	4761818	"NSR"	66.67	83.33	81.25	66.67	6	12	48	12	77.7766666666667	78.334	"Constitutive"	"chromosome"	"intragenic"
"ST4-74.fa"	4762448	4762449	"ST4-74.fa_4762448_+"	"CDS"	"+"	4762444	4762450	"SL1344_4422"	"STM4493"	"-"	"SL1344_4422"	"STM4493"	4761955	4762777	"NSR"	66.67	54.55	81.67	75	6	11	60	4	58.8276470588235	81.253125	"Constitutive"	"chromosome"	"intragenic"
"ST4-74.fa"	4766165	4766166	"ST4-74.fa_4766165_+"	"CDS"	"+"	4766161	4766167	"SL1344_4424"	"STM4495"	"-"	"SL1344_4424"	"STM4495"	4763845	4767523	"NSR"	100	92.31	89.74	100	8	13	39	6	95.2395238095238	91.108	"Constitutive"	"chromosome"	"intragenic"
"ST4-74.fa"	476659	476660	"ST4-74.fa_476659_+"	"CDS"	"+"	476655	476661	"SL1344_0417"	"ispA"	"-"	"SL1344_0417"	"ispA"	476001	476901	"Right"	66.67	100	93.94	100	3	10	33	10	92.3084615384615	95.3493023255814	"Constitutive"	"chromosome"	"intragenic"
"ST4-74.fa"	4769729	4769730	"ST4-74.fa_4769729_+"	"CDS"	"+"	4769725	4769731	"SL1344_4425"	"STM4496"	"-"	"SL1344_4425"	"STM4496"	4767568	4771210	"NSR"	90	91.3	95.45	100	10	23	44	7	90.9060606060606	96.0745098039216	"Constitutive"	"chromosome"	"intragenic"
"ST4-74.fa"	4772145	4772146	"ST4-74.fa_4772145_+"	"CDS"	"+"	4772141	4772147	"SL1344_4427"	"STM4498"	"-"	"SL1344_4427"	"STM4498"	4771820	4772423	"NSR"	83.33	86.67	77.27	83.33	6	15	44	6	85.7157142857143	77.9972	"Constitutive"	"chromosome"	"intragenic"
"ST4-74.fa"	4773131	4773132	"ST4-74.fa_4773131_+"	"CDS"	"+"	4773127	4773133	"SL1344_4427A"	"SL1344_4427A"	"+"	"SL1344_4427A"	"SL1344_4427A"	4772931	4773205	"NSR"	88.89	90	82.76	92.31	9	20	58	13	89.6555172413793	84.5085915492958	"Constitutive"	"chromosome"	"intragenic"
"ST4-74.fa"	4776242	4776243	"ST4-74.fa_4776242_+"	"CDS"	"+"	4776238	4776244	"SL1344_4431"	"STM4501"	"-"	"SL1344_4431"	"STM4501"	4776160	4776418	"NSR"	100	100	96.88	71.43	4	7	32	7	100	92.3120512820513	"Constitutive"	"chromosome"	"intragenic"
"ST4-74.fa"	477834	477835	"ST4-74.fa_477834_-"	"CDS"	"-"	477833	477839	"SL1344_0419"	"thiI"	"+"	"SL1344_0419"	"thiI"	477353	478802	"Right"	100	100	91.67	100	5	10	36	10	100	93.4808695652174	"Constitutive"	"chromosome"	"intragenic"
"ST4-74.fa"	477900	477901	"ST4-74.fa_477900_-"	"CDS"	"-"	477899	477905	"SL1344_0419"	"thiI"	"+"	"SL1344_0419"	"thiI"	477353	478802	"Right"	66.67	75	75.68	100	6	12	37	6	72.2233333333333	79.073488372093	"Constitutive"	"chromosome"	"intragenic"
"ST4-74.fa"	4781795	4781796	"ST4-74.fa_4781795_-"	"CDS"	"-"	4781794	4781800	"SL1344_4437"	"uxuR"	"+"	"SL1344_4437"	"uxuR"	4781635	4782409	"NSR"	100	96.3	98.15	83.33	8	27	54	12	97.1457142857143	95.4554545454546	"Constitutive"	"chromosome"	"intragenic"
"ST4-74.fa"	4782569	4782570	"ST4-74.fa_4782569_+"	"CDS"	"+"	4782565	4782571	"SL1344_4438"	"trpS2"	"-"	"SL1344_4438"	"trpS2"	4782409	4783423	"NSR"	80	91.67	83.33	80	5	24	48	5	89.6579310344828	83.0158490566038	"Constitutive"	"chromosome"	"intragenic"
"ST4-74.fa"	478284	478285	"ST4-74.fa_478284_-"	"CDS"	"-"	478283	478289	"SL1344_0419"	"thiI"	"+"	"SL1344_0419"	"thiI"	477353	478802	"Right"	60	60	77.78	75	5	10	36	12	60	77.085	"Constitutive"	"chromosome"	"intragenic"
"ST4-74.fa"	478299	478300	"ST4-74.fa_478299_-"	"CDS"	"-"	478298	478304	"SL1344_0419"	"thiI"	"+"	"SL1344_0419"	"thiI"	477353	478802	"Right"	60	50	69.44	66.67	5	6	36	12	54.5454545454545	68.7475	"Constitutive"	"chromosome"	"intragenic"
"ST4-74.fa"	4785215	4785216	"ST4-74.fa_4785215_+"	"CDS"	"+"	4785211	4785217	"SL1344_4441"	"STM4510"	"+"	"SL1344_4441"	"STM4510"	4784909	4785644	"NSR"	80	54.55	44.44	42.86	5	11	27	7	62.503125	44.1147058823529	"Constitutive"	"chromosome"	"intragenic"
"ST4-74.fa"	478695	478696	"ST4-74.fa_478695_+"	"CDS"	"+"	478691	478697	"SL1344_0419"	"thiI"	"+"	"SL1344_0419"	"thiI"	477353	478802	"Right"	50	90	86.11	76.92	10	10	36	13	70	83.6718367346939	"Constitutive"	"chromosome"	"intragenic"
"ST4-74.fa"	4787388	4787389	"ST4-74.fa_4787388_+"	"CDS"	"+"	4787384	4787390	"SL1344_4443"	"iadA"	"-"	"SL1344_4443"	"iadA"	4786676	4787849	"NSR"	80	94.12	91.3	81.82	10	17	46	11	88.8903703703704	89.4705263157895	"Constitutive"	"chromosome"	"intragenic"
"ST4-74.fa"	4787637	4787638	"ST4-74.fa_4787637_+"	"CDS"	"+"	4787633	4787639	"SL1344_4443"	"iadA"	"-"	"SL1344_4443"	"iadA"	4786676	4787849	"NSR"	90.91	81.25	89.47	100	11	16	38	12	85.1855555555556	91.9972	"Constitutive"	"chromosome"	"intragenic"
"ST4-74.fa"	4788611	4788612	"ST4-74.fa_4788611_+"	"CDS"	"+"	4788607	4788613	"SL1344_4445"	"yjiH"	"-"	"SL1344_4445"	"yjiH"	4788319	4788991	"NSR"	88.89	93.75	87.04	85.71	9	16	54	7	92.0004	86.8873770491803	"Constitutive"	"chromosome"	"intragenic"
"ST4-74.fa"	4789910	4789911	"ST4-74.fa_4789910_-"	"CDS"	"-"	4789909	4789915	"SL1344_4446"	"yjiJ"	"-"	"SL1344_4446"	"yjiJ"	4789863	4791048	"NSR"	93.33	93.75	91.3	100	15	16	46	15	93.5467741935484	93.4393442622951	"Constitutive"	"chromosome"	"intragenic"
"ST4-74.fa"	4789915	4789916	"ST4-74.fa_4789915_+"	"CDS"	"+"	4789911	4789917	"SL1344_4446"	"yjiJ"	"-"	"SL1344_4446"	"yjiJ"	4789863	4791048	"NSR"	100	87.5	94.64	83.33	9	16	56	12	92	92.6441176470588	"Constitutive"	"chromosome"	"intragenic"
"ST4-74.fa"	4791532	4791533	"ST4-74.fa_4791532_+"	"CDS"	"+"	4791528	4791534	"SL1344_4447"	"yjiN"	"-"	"SL1344_4447"	"yjiN"	4791267	4792539	"NSR"	90	94.12	98.21	88.89	10	17	56	9	92.5940740740741	96.9195384615385	"Constitutive"	"chromosome"	"intragenic"
"ST4-74.fa"	4791736	4791737	"ST4-74.fa_4791736_+"	"CDS"	"+"	4791732	4791738	"SL1344_4447"	"yjiN"	"-"	"SL1344_4447"	"yjiN"	4791267	4792539	"NSR"	100	92.86	94.64	100	8	14	56	6	95.4563636363636	95.1587096774194	"Constitutive"	"chromosome"	"intragenic"
"ST4-74.fa"	4791973	4791974	"ST4-74.fa_4791973_+"	"CDS"	"+"	4791969	4791975	"SL1344_4447"	"yjiN"	"-"	"SL1344_4447"	"yjiN"	4791267	4792539	"NSR"	100	90	96.08	100	7	20	51	6	92.5925925925926	96.4926315789474	"Constitutive"	"chromosome"	"intragenic"
"ST4-74.fa"	4792234	4792235	"ST4-74.fa_4792234_+"	"CDS"	"+"	4792230	4792236	"SL1344_4447"	"yjiN"	"-"	"SL1344_4447"	"yjiN"	4791267	4792539	"NSR"	85.71	76.92	89.58	83.33	7	13	48	6	79.9965	88.8855555555556	"Constitutive"	"chromosome"	"intragenic"
"ST4-74.fa"	4793133	4793134	"ST4-74.fa_4793133_+"	"CDS"	"+"	4793129	4793135	"SL1344_4448"	"yjiO"	"-"	"SL1344_4448"	"yjiO"	4792625	4793867	"NSR"	71.43	90	92	87.5	7	20	50	8	85.1855555555556	91.3793103448276	"Constitutive"	"chromosome"	"intragenic"
"ST4-74.fa"	4795609	4795610	"ST4-74.fa_4795609_+"	"CDS"	"+"	4795605	4795611	"SL1344_4450"	"STM4519"	"+"	"SL1344_4450"	"STM4519"	4795041	4796412	"NSR"	100	95	96.72	85.71	8	20	61	7	96.4285714285714	95.5866176470588	"Constitutive"	"chromosome"	"intragenic"
"ST4-74.fa"	4795924	4795925	"ST4-74.fa_4795924_+"	"CDS"	"+"	4795920	4795926	"SL1344_4450"	"STM4519"	"+"	"SL1344_4450"	"STM4519"	4795041	4796412	"NSR"	87.5	70	82.93	66.67	8	10	41	6	77.7777777777778	80.8542553191489	"Constitutive"	"chromosome"	"intragenic"
"ST4-74.fa"	4800721	4800722	"ST4-74.fa_4800721_+"	"CDS"	"+"	4800717	4800723	"SL1344_4456"	"hsdM"	"-"	"SL1344_4456"	"hsdM"	4799595	4801185	"NSR"	100	93.75	92.98	66.67	3	16	57	6	94.7368421052632	90.4742857142857	"Constitutive"	"chromosome"	"intragenic"
"ST4-74.fa"	4800985	4800986	"ST4-74.fa_4800985_-"	"CDS"	"-"	4800984	4800990	"SL1344_4456"	"hsdM"	"-"	"SL1344_4456"	"hsdM"	4799595	4801185	"NSR"	100	100	90.24	77.78	5	14	41	9	100	87.9972	"Constitutive"	"chromosome"	"intragenic"
"ST4-74.fa"	4801637	4801638	"ST4-74.fa_4801637_+"	"CDS"	"+"	4801633	4801639	"SL1344_4457"	"hsdR"	"-"	"SL1344_4457"	"hsdR"	4801342	4804852	"NSR"	100	76.47	92	88.89	3	17	50	9	79.9995	91.525593220339	"Constitutive"	"chromosome"	"intragenic"
"ST4-74.fa"	4802783	4802784	"ST4-74.fa_4802783_-"	"CDS"	"-"	4802782	4802788	"SL1344_4457"	"hsdR"	"-"	"SL1344_4457"	"hsdR"	4801342	4804852	"NSR"	100	90	81.25	88.89	4	10	32	9	92.8571428571429	82.9270731707317	"Constitutive"	"chromosome"	"intragenic"
"ST4-74.fa"	4802810	4802811	"ST4-74.fa_4802810_+"	"CDS"	"+"	4802806	4802812	"SL1344_4457"	"hsdR"	"-"	"SL1344_4457"	"hsdR"	4801342	4804852	"NSR"	66.67	86.67	89.29	100	6	15	56	7	80.9557142857143	90.48	"Constitutive"	"chromosome"	"intragenic"
"ST4-74.fa"	4802906	4802907	"ST4-74.fa_4802906_-"	"CDS"	"-"	4802905	4802911	"SL1344_4457"	"hsdR"	"-"	"SL1344_4457"	"hsdR"	4801342	4804852	"NSR"	83.33	100	95.65	100	6	10	46	8	93.74875	96.2944444444445	"Constitutive"	"chromosome"	"intragenic"
"ST4-74.fa"	4802915	4802916	"ST4-74.fa_4802915_+"	"CDS"	"+"	4802911	4802917	"SL1344_4457"	"hsdR"	"-"	"SL1344_4457"	"hsdR"	4801342	4804852	"NSR"	71.43	58.82	96.49	85.71	7	17	57	7	62.4979166666667	95.3109375	"Constitutive"	"chromosome"	"intragenic"
"ST4-74.fa"	4803392	4803393	"ST4-74.fa_4803392_+"	"CDS"	"+"	4803388	4803394	"SL1344_4457"	"hsdR"	"-"	"SL1344_4457"	"hsdR"	4801342	4804852	"NSR"	100	88.24	90.91	85.71	5	17	55	7	90.9127272727273	90.3229032258065	"Constitutive"	"chromosome"	"intragenic"
"ST4-74.fa"	4804112	4804113	"ST4-74.fa_4804112_+"	"CDS"	"+"	4804108	4804114	"SL1344_4457"	"hsdR"	"-"	"SL1344_4457"	"hsdR"	4801342	4804852	"NSR"	71.43	69.23	91.67	75	7	13	48	8	70	89.2885714285714	"Constitutive"	"chromosome"	"intragenic"
"ST4-74.fa"	4806912	4806913	"ST4-74.fa_4806912_-"	"CDS"	"-"	4806911	4806917	"SL1344_4461"	"yjiA"	"-"	"SL1344_4461"	"yjiA"	4806883	4807840	"NSR"	100	62.5	74.07	66.67	3	8	27	6	72.7272727272727	72.7245454545454	"Constitutive"	"chromosome"	"intragenic"
"ST4-74.fa"	4808476	4808477	"ST4-74.fa_4808476_+"	"CDS"	"+"	4808472	4808478	"SL1344_4463"	"cstAb"	"-"	"SL1344_4463"	"cstAb"	4808148	4810299	"NSR"	80	62.5	50	25	5	8	24	4	69.2307692307692	46.4285714285714	"Constitutive"	"chromosome"	"intragenic"
"ST4-74.fa"	4808536	4808537	"ST4-74.fa_4808536_+"	"CDS"	"+"	4808532	4808538	"SL1344_4463"	"cstAb"	"-"	"SL1344_4463"	"cstAb"	4808148	4810299	"NSR"	100	80	95.56	60	10	10	45	5	90	92.004	"Constitutive"	"chromosome"	"intragenic"
"ST4-74.fa"	4809472	4809473	"ST4-74.fa_4809472_+"	"CDS"	"+"	4809468	4809474	"SL1344_4463"	"cstAb"	"-"	"SL1344_4463"	"cstAb"	4808148	4810299	"NSR"	55.56	85.71	75.86	85.71	9	7	29	7	68.750625	77.7752777777778	"Constitutive"	"chromosome"	"intragenic"
"ST4-74.fa"	4809514	4809515	"ST4-74.fa_4809514_+"	"CDS"	"+"	4809510	4809516	"SL1344_4463"	"cstAb"	"-"	"SL1344_4463"	"cstAb"	4808148	4810299	"NSR"	90	100	100	100	10	12	40	10	95.4545454545455	100	"Constitutive"	"chromosome"	"intragenic"
"ST4-74.fa"	4813527	4813528	"ST4-74.fa_4813527_-"	"CDS"	"-"	4813526	4813532	"SL1344_4465"	"STM4534"	"+"	"SL1344_4465"	"STM4534"	4812650	4815416	"NSR"	100	78.57	71.88	62.5	1	14	32	8	79.9986666666667	70.004	"Constitutive"	"chromosome"	"intragenic"
"ST4-74.fa"	4814961	4814962	"ST4-74.fa_4814961_-"	"CDS"	"-"	4814960	4814966	"SL1344_4465"	"STM4534"	"+"	"SL1344_4465"	"STM4534"	4812650	4815416	"NSR"	66.67	84.62	81.08	75	6	13	37	4	78.9515789473684	80.4868292682927	"Constitutive"	"chromosome"	"intragenic"
"ST4-74.fa"	4815225	4815226	"ST4-74.fa_4815225_-"	"CDS"	"-"	4815224	4815230	"SL1344_4465"	"STM4534"	"+"	"SL1344_4465"	"STM4534"	4812650	4815416	"NSR"	81.82	100	79.25	36.36	11	16	53	11	92.5933333333333	71.87828125	"Constitutive"	"chromosome"	"intragenic"
"ST4-74.fa"	4829969	4829970	"ST4-74.fa_4829969_-"	"CDS"	"-"	4829968	4829974	"SL1344_4482"	"STM4551"	"-"	"SL1344_4482"	"STM4551"	4829629	4830694	"NSR"	100	90.48	84.78	63.64	8	21	46	11	93.1062068965517	80.700350877193	"Constitutive"	"chromosome"	"intragenic"
"ST4-74.fa"	4832511	4832512	"ST4-74.fa_4832511_+"	"CDS"	"+"	4832507	4832513	"SL1344_4484"	"rsmC"	"-"	"SL1344_4484"	"rsmC"	4831721	4832750	"NSR"	57.14	87.5	80.43	83.33	7	16	46	6	78.26	80.7646153846154	"Constitutive"	"chromosome"	"intragenic"
"ST4-74.fa"	4832967	4832968	"ST4-74.fa_4832967_-"	"CDS"	"-"	4832966	4832972	"SL1344_4485"	"holD"	"+"	"SL1344_4485"	"holD"	4832852	4833290	"NSR"	81.82	82.35	89.13	90.91	11	17	46	11	82.1417857142857	89.4735087719298	"Constitutive"	"chromosome"	"intragenic"
"ST4-74.fa"	4833051	4833052	"ST4-74.fa_4833051_+"	"CDS"	"+"	4833047	4833053	"SL1344_4485"	"holD"	"+"	"SL1344_4485"	"holD"	4832852	4833290	"NSR"	100	93.75	90.74	100	8	16	54	7	95.8333333333333	91.8026229508197	"Constitutive"	"chromosome"	"intragenic"
"ST4-74.fa"	4836058	4836059	"ST4-74.fa_4836058_-"	"CDS"	"-"	4836057	4836063	"SL1344_4488"	"prfC"	"+"	"SL1344_4488"	"prfC"	4834471	4836061	"NSR"	77.78	75	84.85	66.67	9	8	33	6	76.4717647058824	82.0530769230769	"Constitutive"	"chromosome"	"intragenic"
"ST4-74.fa"	4836058	4836059	"ST4-74.fa_4836058_-"	"intergenic"	"-"	4836057	4836063	"SL1344_4488"	"prfC"	"++"	"SL1344_4489"	"osmY"	4836061	4836462	"NSR"	77.78	75	84.85	66.67	9	8	33	6	76.4717647058824	82.0530769230769	"Constitutive"	"chromosome"	"intergenic"
"ST4-74.fa"	483946	483947	"ST4-74.fa_483946_-"	"CDS"	"-"	483945	483951	"SL1344_0425"	"phnW"	"+"	"SL1344_0425"	"phnW"	483693	484797	"Right"	83.33	100	96.36	100	6	13	55	10	94.7357894736842	96.92	"Constitutive"	"chromosome"	"intragenic"
"ST4-74.fa"	4840497	4840498	"ST4-74.fa_4840497_-"	"CDS"	"-"	4840496	4840502	"SL1344_4493"	"yjjI"	"-"	"SL1344_4493"	"yjjI"	4840204	4841752	"NSR"	70	80	93.33	80	10	15	45	5	76	91.997	"Constitutive"	"chromosome"	"intragenic"
"ST4-74.fa"	484092	484093	"ST4-74.fa_484092_+"	"CDS"	"+"	484088	484094	"SL1344_0425"	"phnW"	"+"	"SL1344_0425"	"phnW"	483693	484797	"Right"	55.56	87.5	88.1	77.78	9	8	42	9	70.5905882352941	86.2788235294118	"Constitutive"	"chromosome"	"intragenic"
"ST4-74.fa"	484255	484256	"ST4-74.fa_484255_-"	"CDS"	"-"	484254	484260	"SL1344_0425"	"phnW"	"+"	"SL1344_0425"	"phnW"	483693	484797	"Right"	80	80	86.36	100	5	10	44	6	80	87.9968	"Constitutive"	"chromosome"	"intragenic"
"ST4-74.fa"	484260	484261	"ST4-74.fa_484260_+"	"CDS"	"+"	484256	484262	"SL1344_0425"	"phnW"	"+"	"SL1344_0425"	"phnW"	483693	484797	"Right"	100	100	100	77.78	5	5	35	9	100	95.455	"Constitutive"	"chromosome"	"intragenic"
"ST4-74.fa"	4843458	4843459	"ST4-74.fa_4843458_-"	"CDS"	"-"	4843457	4843463	"SL1344_4495"	"deoA"	"+"	"SL1344_4495"	"deoA"	4842914	4844237	"NSR"	63.64	100	81.82	75	11	9	44	8	80.002	80.7707692307692	"Constitutive"	"chromosome"	"intragenic"
"ST4-74.fa"	4843764	4843765	"ST4-74.fa_4843764_-"	"CDS"	"-"	4843763	4843769	"SL1344_4495"	"deoA"	"+"	"SL1344_4495"	"deoA"	4842914	4844237	"NSR"	90.91	81.25	84.91	70	11	16	53	10	85.1855555555556	82.5433333333333	"Constitutive"	"chromosome"	"intragenic"
"ST4-74.fa"	4844245	4844246	"ST4-74.fa_4844245_-"	"intergenic"	"-"	4844244	4844250	"SL1344_4495"	"deoA"	"++"	"SL1344_4496"	"deoB"	4844237	4844288	"NSR"	44.44	33.33	68.89	85.71	9	9	45	7	38.885	71.1542307692308	"Constitutive"	"chromosome"	"intergenic"
"ST4-74.fa"	4844250	4844251	"ST4-74.fa_4844250_-"	"intergenic"	"-"	4844249	4844255	"SL1344_4495"	"deoA"	"++"	"SL1344_4496"	"deoB"	4844237	4844288	"NSR"	85.71	63.64	61.11	100	7	11	36	5	72.2227777777778	65.8526829268293	"Constitutive"	"chromosome"	"intergenic"
"ST4-74.fa"	4845312	4845313	"ST4-74.fa_4845312_-"	"CDS"	"-"	4845311	4845317	"SL1344_4496"	"deoB"	"+"	"SL1344_4496"	"deoB"	4844288	4845512	"NSR"	72.73	66.67	91.3	100	11	12	46	8	69.5682608695652	92.5888888888889	"Constitutive"	"chromosome"	"intragenic"
"ST4-74.fa"	4845387	4845388	"ST4-74.fa_4845387_-"	"CDS"	"-"	4845386	4845392	"SL1344_4496"	"deoB"	"+"	"SL1344_4496"	"deoB"	4844288	4845512	"NSR"	100	81.82	95.92	75	7	11	49	8	88.89	92.9838596491228	"Constitutive"	"chromosome"	"intragenic"
"ST4-74.fa"	4845950	4845951	"ST4-74.fa_4845950_-"	"CDS"	"-"	4845949	4845955	"SL1344_4497"	"deoD"	"+"	"SL1344_4497"	"deoD"	4845721	4846441	"NSR"	100	88.24	84.78	100	4	17	46	8	90.48	87.0348148148148	"Constitutive"	"chromosome"	"intragenic"
"ST4-74.fa"	4850256	4850257	"ST4-74.fa_4850256_+"	"CDS"	"+"	4850252	4850258	"SL1344_4501"	"STM4574"	"-"	"SL1344_4501"	"STM4574"	4850254	4850944	"NSR"	50	50	56.82	75	4	6	44	4	50	58.335	"Constitutive"	"chromosome"	"intragenic"
"ST4-74.fa"	4850256	4850257	"ST4-74.fa_4850256_+"	"intergenic"	"+"	4850252	4850258	"SL1344_4500"	"stjC"	"--"	"SL1344_4501"	"STM4574"	4850090	4850254	"NSR"	50	50	56.82	75	4	6	44	4	50	58.335	"Constitutive"	"chromosome"	"intergenic"
"ST4-74.fa"	4850296	4850297	"ST4-74.fa_4850296_+"	"CDS"	"+"	4850292	4850298	"SL1344_4501"	"STM4574"	"-"	"SL1344_4501"	"STM4574"	4850254	4850944	"NSR"	100	90.91	89.58	85.71	8	11	48	7	94.7373684210526	89.0874545454545	"Constitutive"	"chromosome"	"intragenic"
"ST4-74.fa"	4855922	4855923	"ST4-74.fa_4855922_+"	"CDS"	"+"	4855918	4855924	"SL1344_4506"	"radA"	"+"	"SL1344_4506"	"radA"	4854856	4856239	"NSR"	100	93.33	98.41	100	6	15	63	13	95.2357142857143	98.6819736842105	"Constitutive"	"chromosome"	"intragenic"
"ST4-74.fa"	48561	48562	"ST4-74.fa_48561_+"	"CDS"	"+"	48557	48563	"SL1344_0042"	"STM0041"	"-"	"SL1344_0042"	"STM0041"	48371	50411	"NSR"	80	85.71	64.71	100	5	7	34	8	83.3308333333333	71.4319047619048	"Constitutive"	"chromosome"	"intragenic"
"ST4-74.fa"	4857386	4857387	"ST4-74.fa_4857386_-"	"CDS"	"-"	4857385	4857391	"SL1344_4507"	"nadR"	"+"	"SL1344_4507"	"nadR"	4856362	4857622	"NSR"	100	77.78	93.33	91.67	11	18	60	12	86.208275862069	93.0533333333333	"Constitutive"	"chromosome"	"intragenic"
"ST4-74.fa"	4858094	4858095	"ST4-74.fa_4858094_-"	"CDS"	"-"	4858093	4858099	"SL1344_4508"	"yjjK"	"-"	"SL1344_4508"	"yjjK"	4857739	4859407	"NSR"	100	95.45	98.44	100	11	22	64	8	96.9666666666667	98.6133333333333	"Constitutive"	"chromosome"	"intragenic"
"ST4-74.fa"	4858229	4858230	"ST4-74.fa_4858229_-"	"CDS"	"-"	4858228	4858234	"SL1344_4508"	"yjjK"	"-"	"SL1344_4508"	"yjjK"	4857739	4859407	"NSR"	100	90.91	83.05	100	8	22	59	7	93.334	84.8477272727273	"Constitutive"	"chromosome"	"intragenic"
"ST4-74.fa"	4858394	4858395	"ST4-74.fa_4858394_+"	"CDS"	"+"	4858390	4858396	"SL1344_4508"	"yjjK"	"-"	"SL1344_4508"	"yjjK"	4857739	4859407	"NSR"	87.5	57.14	84	75	8	14	50	8	68.18	82.7586206896552	"Constitutive"	"chromosome"	"intragenic"
"ST4-74.fa"	4858649	4858650	"ST4-74.fa_4858649_-"	"CDS"	"-"	4858648	4858654	"SL1344_4508"	"yjjK"	"-"	"SL1344_4508"	"yjjK"	4857739	4859407	"NSR"	81.82	100	94.23	100	11	22	52	7	93.94	94.9145762711864	"Constitutive"	"chromosome"	"intragenic"
"ST4-74.fa"	4863265	4863266	"ST4-74.fa_4863265_+"	"CDS"	"+"	4863261	4863267	"SL1344_4513"	"rob"	"-"	"SL1344_4513"	"rob"	4863246	4864116	"NSR"	50	50	71.43	20	2	16	49	10	50	62.7130508474576	"Constitutive"	"chromosome"	"intragenic"
"ST4-74.fa"	4864057	4864058	"ST4-74.fa_4864057_-"	"CDS"	"-"	4864056	4864062	"SL1344_4513"	"rob"	"-"	"SL1344_4513"	"rob"	4863246	4864116	"NSR"	83.33	83.33	96.61	100	12	12	59	6	83.33	96.9229230769231	"Constitutive"	"chromosome"	"intragenic"
"ST4-74.fa"	4864108	4864109	"ST4-74.fa_4864108_-"	"CDS"	"-"	4864107	4864113	"SL1344_4513"	"rob"	"-"	"SL1344_4513"	"rob"	4863246	4864116	"NSR"	80	100	89.29	66.67	10	12	56	9	90.9090909090909	86.158	"Constitutive"	"chromosome"	"intragenic"
"ST4-74.fa"	4867846	4867847	"ST4-74.fa_4867846_+"	"CDS"	"+"	4867842	4867848	"SL1344_4517"	"creD"	"+"	"SL1344_4517"	"creD"	4866984	4868334	"NSR"	100	92.86	86.79	100	6	14	53	9	95.002	88.7075806451613	"Constitutive"	"chromosome"	"intragenic"
"ST4-74.fa"	4869999	4870000	"ST4-74.fa_4869999_-"	"CDS"	"-"	4869998	4870004	"SL1344_4519"	"sthD"	"-"	"SL1344_4519"	"sthD"	4869517	4870075	"NSR"	80	89.47	80.39	85.71	5	19	51	7	87.4970833333334	81.0320689655173	"Constitutive"	"chromosome"	"intragenic"
"ST4-74.fa"	487055	487056	"ST4-74.fa_487055_+"	"CDS"	"+"	487051	487057	"SL1344_0428"	"apbA"	"-"	"SL1344_0428"	"apbA"	486265	487177	"Right"	100	80	88.1	85.71	5	15	42	7	85	87.7585714285714	"Constitutive"	"chromosome"	"intragenic"
"ST4-74.fa"	4871905	4871906	"ST4-74.fa_4871905_+"	"CDS"	"+"	4871901	4871907	"SL1344_4520"	"sthB"	"-"	"SL1344_4520"	"sthB"	4870092	4872630	"NSR"	100	70	83.33	100	3	10	24	6	76.9230769230769	86.664	"Constitutive"	"chromosome"	"intragenic"
"ST4-74.fa"	4873871	4873872	"ST4-74.fa_4873871_-"	"CDS"	"-"	4873870	4873876	"SL1344_4522"	"STM4595"	"-"	"SL1344_4522"	"STM4595"	4873429	4873975	"NSR"	75	83.33	85.37	100	4	18	41	5	81.8154545454545	86.9602173913044	"Constitutive"	"chromosome"	"intragenic"
"ST4-74.fa"	4875388	4875389	"ST4-74.fa_4875388_+"	"CDS"	"+"	4875384	4875390	"SL1344_4523A"	"STM4597"	"-"	"SL1344_4523A"	"STM4597"	4875184	4875684	"NSR"	50	88.89	77.78	75	4	9	45	4	76.9238461538462	77.5530612244898	"Constitutive"	"chromosome"	"intragenic"
"ST4-74.fa"	4876215	4876216	"ST4-74.fa_4876215_+"	"CDS"	"+"	4876211	4876217	"SL1344_4525"	"arcA"	"-"	"SL1344_4525"	"arcA"	4875950	4876667	"NSR"	60	57.14	83.33	100	5	7	30	4	58.3316666666667	85.2911764705882	"Constitutive"	"chromosome"	"intragenic"
"ST4-74.fa"	487931	487932	"ST4-74.fa_487931_+"	"CDS"	"+"	487927	487933	"SL1344_0430"	"yajR"	"-"	"SL1344_0430"	"yajR"	487840	489205	"Right"	100	90	97.87	85.71	6	10	47	14	93.75	95.0791803278689	"Constitutive"	"chromosome"	"intragenic"
"ST4-74.fa"	489599	489600	"ST4-74.fa_489599_+"	"CDS"	"+"	489595	489601	"SL1344_0430A"	"SL1344_0430A"	"-"	"SL1344_0430A"	"SL1344_0430A"	489506	489698	"Right"	37.5	62.5	68.75	62.5	8	8	32	8	50	67.5	"Constitutive"	"chromosome"	"intragenic"
"ST4-74.fa"	493674	493675	"ST4-74.fa_493674_+"	"CDS"	"+"	493670	493676	"SL1344_0433"	"cyoE"	"-"	"SL1344_0433"	"cyoE"	492839	493730	"Right"	100	93.33	87.04	90	4	15	54	10	94.7342105263158	87.5025	"Constitutive"	"chromosome"	"intragenic"
"ST4-74.fa"	493814	493815	"ST4-74.fa_493814_+"	"CDS"	"+"	493810	493816	"SL1344_0434"	"cyoD"	"-"	"SL1344_0434"	"cyoD"	493741	494071	"Right"	100	69.23	90	85.71	4	13	40	7	76.47	89.3610638297872	"Constitutive"	"chromosome"	"intragenic"
"ST4-74.fa"	495092	495093	"ST4-74.fa_495092_-"	"CDS"	"-"	495091	495097	"SL1344_0436"	"cyoB"	"-"	"SL1344_0436"	"cyoB"	494674	496666	"Right"	75	63.64	83.33	90	4	11	48	10	66.6693333333333	84.48	"Constitutive"	"chromosome"	"intragenic"
"ST4-74.fa"	495953	495954	"ST4-74.fa_495953_+"	"CDS"	"+"	495949	495955	"SL1344_0436"	"cyoB"	"-"	"SL1344_0436"	"cyoB"	494674	496666	"Right"	83.33	75	87.76	85.71	6	12	49	7	77.7766666666667	87.50375	"Constitutive"	"chromosome"	"intragenic"
"ST4-74.fa"	496364	496365	"ST4-74.fa_496364_-"	"CDS"	"-"	496363	496369	"SL1344_0436"	"cyoB"	"-"	"SL1344_0436"	"cyoB"	494674	496666	"Right"	83.33	70	83.67	71.43	6	10	49	7	74.99875	82.14	"Constitutive"	"chromosome"	"intragenic"
"ST4-74.fa"	497049	497050	"ST4-74.fa_497049_+"	"CDS"	"+"	497045	497051	"SL1344_0437"	"cyoA"	"-"	"SL1344_0437"	"cyoA"	496676	497633	"Right"	100	80	77.27	66.67	5	10	44	6	86.6666666666667	75.998	"Constitutive"	"chromosome"	"intragenic"
"ST4-74.fa"	502066	502067	"ST4-74.fa_502066_-"	"CDS"	"-"	502065	502071	"SL1344_0441"	"tig"	"+"	"SL1344_0441"	"tig"	501150	502449	"Right"	100	90	95.71	100	7	10	70	9	94.1176470588235	96.1987341772152	"Constitutive"	"chromosome"	"intragenic"
"ST4-74.fa"	502258	502259	"ST4-74.fa_502258_-"	"CDS"	"-"	502257	502263	"SL1344_0441"	"tig"	"+"	"SL1344_0441"	"tig"	501150	502449	"Right"	100	100	97.01	100	6	10	67	7	100	97.2928378378378	"Constitutive"	"chromosome"	"intragenic"
"ST4-74.fa"	502861	502862	"ST4-74.fa_502861_-"	"CDS"	"-"	502860	502866	"SL1344_0442"	"clpP"	"+"	"SL1344_0442"	"clpP"	502695	503319	"Right"	100	100	96.67	90.91	6	9	60	11	100	95.7776056338028	"Constitutive"	"chromosome"	"intragenic"
"ST4-74.fa"	504210	504211	"ST4-74.fa_504210_-"	"CDS"	"-"	504209	504215	"SL1344_0443"	"clpX"	"+"	"SL1344_0443"	"clpX"	503570	504842	"Right"	100	100	98.36	100	7	8	61	8	100	98.5501449275362	"Constitutive"	"chromosome"	"intragenic"
"ST4-74.fa"	506243	506244	"ST4-74.fa_506243_-"	"CDS"	"-"	506242	506248	"SL1344_0444"	"lon"	"+"	"SL1344_0444"	"lon"	505027	507382	"Right"	100	100	95.08	100	5	9	61	11	100	95.8316666666667	"Constitutive"	"chromosome"	"intragenic"
"ST4-74.fa"	507606	507607	"ST4-74.fa_507606_-"	"CDS"	"-"	507605	507611	"SL1344_0445"	"hupB"	"+"	"SL1344_0445"	"hupB"	507590	507863	"Right"	100	100	96.23	90.91	5	10	53	11	100	95.315625	"Constitutive"	"chromosome"	"intragenic"
"ST4-74.fa"	508604	508605	"ST4-74.fa_508604_+"	"CDS"	"+"	508600	508606	"SL1344_0446"	"cypD"	"+"	"SL1344_0446"	"cypD"	508153	510025	"Right"	80	100	98.15	75	5	6	54	8	90.9090909090909	95.1629032258065	"Constitutive"	"chromosome"	"intragenic"
"ST4-74.fa"	508646	508647	"ST4-74.fa_508646_-"	"CDS"	"-"	508645	508651	"SL1344_0446"	"cypD"	"+"	"SL1344_0446"	"cypD"	508153	510025	"Right"	100	100	96.67	100	6	8	60	8	100	97.0617647058824	"Constitutive"	"chromosome"	"intragenic"
"ST4-74.fa"	508787	508788	"ST4-74.fa_508787_+"	"CDS"	"+"	508783	508789	"SL1344_0446"	"cypD"	"+"	"SL1344_0446"	"cypD"	508153	510025	"Right"	60	60	87.5	50	5	5	48	8	60	82.1428571428571	"Constitutive"	"chromosome"	"intragenic"
"ST4-74.fa"	508811	508812	"ST4-74.fa_508811_+"	"CDS"	"+"	508807	508813	"SL1344_0446"	"cypD"	"+"	"SL1344_0446"	"cypD"	508153	510025	"Right"	62.5	71.43	95.83	71.43	8	7	48	7	66.6673333333333	92.7245454545455	"Constitutive"	"chromosome"	"intragenic"
"ST4-74.fa"	508937	508938	"ST4-74.fa_508937_+"	"CDS"	"+"	508933	508939	"SL1344_0446"	"cypD"	"+"	"SL1344_0446"	"cypD"	508153	510025	"Right"	100	100	89.58	87.5	6	4	48	8	100	89.2828571428571	"Constitutive"	"chromosome"	"intragenic"
"ST4-74.fa"	51072	51073	"ST4-74.fa_51072_+"	"CDS"	"+"	51068	51074	"SL1344_0043"	"STM0042"	"-"	"SL1344_0043"	"STM0042"	50450	51824	"NSR"	75	80	86.27	60	8	10	51	5	77.7777777777778	83.9244642857143	"Constitutive"	"chromosome"	"intragenic"
"ST4-74.fa"	511860	511861	"ST4-74.fa_511860_-"	"intergenic"	"-"	511859	511865	"SL1344_0449"	"ybaX"	"--"	"SL1344_0450"	"ybaE"	511852	511916	"Right"	100	80	86.05	80	5	10	43	10	86.6666666666667	84.9084905660377	"Constitutive"	"chromosome"	"intergenic"
"ST4-74.fa"	512178	512179	"ST4-74.fa_512178_-"	"CDS"	"-"	512177	512183	"SL1344_0450"	"ybaE"	"-"	"SL1344_0450"	"ybaE"	511916	513617	"Right"	50	100	85.71	83.33	4	10	49	6	85.7142857142857	85.4503636363636	"Constitutive"	"chromosome"	"intragenic"
"ST4-74.fa"	512229	512230	"ST4-74.fa_512229_+"	"CDS"	"+"	512225	512231	"SL1344_0450"	"ybaE"	"-"	"SL1344_0450"	"ybaE"	511916	513617	"Right"	100	50	89.47	55.56	5	6	38	9	72.7272727272727	82.9765957446808	"Constitutive"	"chromosome"	"intragenic"
"ST4-74.fa"	514180	514181	"ST4-74.fa_514180_-"	"CDS"	"-"	514179	514185	"SL1344_0451"	"cof"	"+"	"SL1344_0451"	"cof"	513717	514536	"Right"	60	73.33	91.89	100	5	15	37	7	69.9975	93.1802272727273	"Constitutive"	"chromosome"	"intragenic"
"ST4-74.fa"	516445	516446	"ST4-74.fa_516445_-"	"CDS"	"-"	516444	516450	"SL1344_0454"	"mdlA"	"+"	"SL1344_0454"	"mdlA"	516252	518025	"Right"	80	81.25	82.35	71.43	5	16	34	7	80.9523809523809	80.4856097560976	"Constitutive"	"chromosome"	"intragenic"
"ST4-74.fa"	518150	518151	"ST4-74.fa_518150_-"	"CDS"	"-"	518149	518155	"SL1344_0455"	"mdlB"	"+"	"SL1344_0455"	"mdlB"	518017	519799	"Right"	80	76.92	85.29	66.67	5	13	34	6	77.7755555555556	82.497	"Constitutive"	"chromosome"	"intragenic"
"ST4-74.fa"	518155	518156	"ST4-74.fa_518155_+"	"CDS"	"+"	518151	518157	"SL1344_0455"	"mdlB"	"+"	"SL1344_0455"	"mdlB"	518017	519799	"Right"	66.67	77.78	97.73	80	3	9	44	15	75.0025	93.2223728813559	"Constitutive"	"chromosome"	"intragenic"
"ST4-74.fa"	52346	52347	"ST4-74.fa_52346_+"	"CDS"	"+"	52342	52348	"SL1344_0044"	"rpsT"	"-"	"SL1344_0044"	"rpsT"	52279	52543	"NSR"	77.78	73.33	94.55	100	9	15	55	8	74.99875	95.2420634920635	"Constitutive"	"chromosome"	"intragenic"
"ST4-74.fa"	529242	529243	"ST4-74.fa_529242_+"	"CDS"	"+"	529238	529244	"SL1344_0468"	"acrB"	"-"	"SL1344_0468"	"acrB"	528734	531884	"Right"	80	93.75	89.29	66.67	5	16	56	6	90.4761904761905	87.1009677419355	"Constitutive"	"chromosome"	"intragenic"
"ST4-74.fa"	529754	529755	"ST4-74.fa_529754_+"	"CDS"	"+"	529750	529756	"SL1344_0468"	"acrB"	"-"	"SL1344_0468"	"acrB"	528734	531884	"Right"	85.71	76.92	76.6	66.67	7	13	47	6	79.9965	75.4758490566038	"Constitutive"	"chromosome"	"intragenic"
"ST4-74.fa"	530427	530428	"ST4-74.fa_530427_+"	"CDS"	"+"	530423	530429	"SL1344_0468"	"acrB"	"-"	"SL1344_0468"	"acrB"	528734	531884	"Right"	85.71	100	95.08	83.33	7	14	61	6	95.2366666666667	94.0277611940299	"Constitutive"	"chromosome"	"intragenic"
"ST4-74.fa"	531385	531386	"ST4-74.fa_531385_-"	"CDS"	"-"	531384	531390	"SL1344_0468"	"acrB"	"-"	"SL1344_0468"	"acrB"	528734	531884	"Right"	85.71	75	88.1	100	7	8	42	9	79.998	90.2	"Constitutive"	"chromosome"	"intragenic"
"ST4-74.fa"	532666	532667	"ST4-74.fa_532666_-"	"CDS"	"-"	532665	532671	"SL1344_0469"	"acrA"	"-"	"SL1344_0469"	"acrA"	531906	533100	"Right"	100	90.91	98.21	90.91	6	11	56	11	94.1182352941177	97.0114925373134	"Constitutive"	"chromosome"	"intragenic"
"ST4-74.fa"	535286	535287	"ST4-74.fa_535286_+"	"CDS"	"+"	535282	535288	"SL1344_0471"	"aefA"	"+"	"SL1344_0471"	"aefA"	534013	537376	"Right"	100	100	86.05	100	4	11	43	3	100	86.9597826086956	"Constitutive"	"chromosome"	"intragenic"
"ST4-74.fa"	535673	535674	"ST4-74.fa_535673_-"	"CDS"	"-"	535672	535678	"SL1344_0471"	"aefA"	"+"	"SL1344_0471"	"aefA"	534013	537376	"Right"	75	73.33	96.36	100	8	15	55	12	73.9108695652174	97.0119402985075	"Constitutive"	"chromosome"	"intragenic"
"ST4-74.fa"	535682	535683	"ST4-74.fa_535682_-"	"CDS"	"-"	535681	535687	"SL1344_0471"	"aefA"	"+"	"SL1344_0471"	"aefA"	534013	537376	"Right"	55.56	63.64	78.26	100	9	11	46	7	60.004	81.131320754717	"Constitutive"	"chromosome"	"intragenic"
"ST4-74.fa"	535727	535728	"ST4-74.fa_535727_-"	"CDS"	"-"	535726	535732	"SL1344_0471"	"aefA"	"+"	"SL1344_0471"	"aefA"	534013	537376	"Right"	70	91.67	96.43	92.31	10	12	56	13	81.82	95.653768115942	"Constitutive"	"chromosome"	"intragenic"
"ST4-74.fa"	537721	537722	"ST4-74.fa_537721_+"	"CDS"	"+"	537717	537723	"SL1344_0472"	"STM0479"	"-"	"SL1344_0472"	"STM0479"	537417	538353	"Right"	100	87.5	96.23	100	7	8	53	4	93.3333333333333	96.4945614035088	"Constitutive"	"chromosome"	"intragenic"
"ST4-74.fa"	540051	540052	"ST4-74.fa_540051_+"	"CDS"	"+"	540047	540053	"SL1344_0476"	"apt"	"+"	"SL1344_0476"	"apt"	539729	540281	"Right"	100	100	100	100	5	10	46	6	100	100	"Constitutive"	"chromosome"	"intragenic"
"ST4-74.fa"	540150	540151	"ST4-74.fa_540150_-"	"CDS"	"-"	540149	540155	"SL1344_0476"	"apt"	"+"	"SL1344_0476"	"apt"	539729	540281	"Right"	100	83.33	95.12	100	7	6	41	11	92.3061538461538	96.1523076923077	"Constitutive"	"chromosome"	"intragenic"
"ST4-74.fa"	540764	540765	"ST4-74.fa_540764_-"	"CDS"	"-"	540763	540769	"SL1344_0477"	"dnaX"	"+"	"SL1344_0477"	"dnaX"	540394	542323	"Right"	85.71	100	77.78	81.25	7	9	45	16	93.748125	78.6901639344262	"Constitutive"	"chromosome"	"intragenic"
"ST4-74.fa"	543115	543116	"ST4-74.fa_543115_-"	"CDS"	"-"	543114	543120	"SL1344_0479"	"recR"	"+"	"SL1344_0479"	"recR"	542697	543303	"Right"	85.71	76.92	78.43	90	7	13	51	10	79.9965	80.3267213114754	"Constitutive"	"chromosome"	"intragenic"
"ST4-74.fa"	543750	543751	"ST4-74.fa_543750_+"	"CDS"	"+"	543746	543752	"SL1344_0480"	"htpG"	"+"	"SL1344_0480"	"htpG"	543413	545288	"Right"	100	100	84.62	90	4	10	52	10	100	85.4877419354839	"Constitutive"	"chromosome"	"intragenic"
"ST4-74.fa"	54509	54510	"ST4-74.fa_54509_+"	"CDS"	"+"	54505	54511	"SL1344_0047"	"ileS"	"+"	"SL1344_0047"	"ileS"	53854	56689	"NSR"	87.5	90	90.38	100	8	10	52	10	88.8888888888889	91.9316129032258	"Constitutive"	"chromosome"	"intragenic"
"ST4-74.fa"	545208	545209	"ST4-74.fa_545208_+"	"CDS"	"+"	545204	545210	"SL1344_0480"	"htpG"	"+"	"SL1344_0480"	"htpG"	543413	545288	"Right"	100	87.5	96.23	100	4	16	53	11	90	96.87796875	"Constitutive"	"chromosome"	"intragenic"
"ST4-74.fa"	545871	545872	"ST4-74.fa_545871_-"	"CDS"	"-"	545870	545876	"SL1344_0481"	"adk"	"+"	"SL1344_0481"	"adk"	545528	546173	"Right"	100	100	89.36	100	8	11	47	9	100	91.07	"Constitutive"	"chromosome"	"intragenic"
"ST4-74.fa"	546006	546007	"ST4-74.fa_546006_+"	"CDS"	"+"	546002	546008	"SL1344_0481"	"adk"	"+"	"SL1344_0481"	"adk"	545528	546173	"Right"	50	76.92	90.24	80	2	13	41	10	73.3306666666667	88.2321568627451	"Constitutive"	"chromosome"	"intragenic"
"ST4-74.fa"	548737	548738	"ST4-74.fa_548737_-"	"CDS"	"-"	548736	548742	"SL1344_0484"	"gsk"	"+"	"SL1344_0484"	"gsk"	548484	549789	"Right"	75	68.75	75.76	87.5	8	16	33	8	70.8333333333333	78.0507317073171	"Constitutive"	"chromosome"	"intragenic"
"ST4-74.fa"	552357	552358	"ST4-74.fa_552357_-"	"CDS"	"-"	552356	552362	"SL1344_0486"	"fsr"	"-"	"SL1344_0486"	"fsr"	551728	552949	"Right"	75	40	76.47	85.71	8	5	34	7	61.5384615384615	78.0475609756098	"Constitutive"	"chromosome"	"intragenic"
"ST4-74.fa"	552858	552859	"ST4-74.fa_552858_-"	"CDS"	"-"	552857	552863	"SL1344_0486"	"fsr"	"-"	"SL1344_0486"	"fsr"	551728	552949	"Right"	83.33	66.67	75	100	6	3	32	7	77.7766666666667	79.4871794871795	"Constitutive"	"chromosome"	"intragenic"
"ST4-74.fa"	555060	555061	"ST4-74.fa_555060_-"	"CDS"	"-"	555059	555065	"SL1344_0488"	"ybaK"	"-"	"SL1344_0488"	"ybaK"	554890	555370	"Right"	61.54	81.82	87.8	100	13	11	41	10	70.835	90.1921568627451	"Constitutive"	"chromosome"	"intragenic"
"ST4-74.fa"	555242	555243	"ST4-74.fa_555242_-"	"CDS"	"-"	555241	555247	"SL1344_0488"	"ybaK"	"-"	"SL1344_0488"	"ybaK"	554890	555370	"Right"	100	92.31	91.11	100	14	13	45	9	96.2974074074074	92.5916666666667	"Constitutive"	"chromosome"	"intragenic"
"ST4-74.fa"	556040	556041	"ST4-74.fa_556040_+"	"CDS"	"+"	556036	556042	"SL1344_0489"	"ybaP"	"-"	"SL1344_0489"	"ybaP"	555571	556366	"Right"	100	70	93.62	100	6	10	47	8	81.25	94.548	"Constitutive"	"chromosome"	"intragenic"
"ST4-74.fa"	559266	559267	"ST4-74.fa_559266_+"	"CDS"	"+"	559262	559268	"SL1344_0491"	"copA"	"-"	"SL1344_0491"	"copA"	557432	559934	"Right"	100	100	96.43	100	5	15	56	5	100	96.7226229508197	"Constitutive"	"chromosome"	"intragenic"
"ST4-74.fa"	560953	560954	"ST4-74.fa_560953_-"	"CDS"	"-"	560952	560958	"SL1344_0494"	"ybbK"	"-"	"SL1344_0494"	"ybbK"	560909	561827	"Right"	100	100	100	100	9	10	48	11	100	100	"Constitutive"	"chromosome"	"intragenic"
"ST4-74.fa"	563821	563822	"ST4-74.fa_563821_-"	"CDS"	"-"	563820	563826	"SL1344_0497"	"ybbN"	"-"	"SL1344_0497"	"ybbN"	563502	564357	"Right"	100	100	79.55	100	7	10	44	8	100	82.6961538461538	"Constitutive"	"chromosome"	"intragenic"
"ST4-74.fa"	56773	56774	"ST4-74.fa_56773_-"	"CDS"	"-"	56772	56778	"SL1344_0048"	"lspA"	"+"	"SL1344_0048"	"lspA"	56688	57189	"NSR"	88.89	73.68	83.33	100	9	19	54	5	78.5689285714286	84.7427118644068	"Constitutive"	"chromosome"	"intragenic"
"ST4-74.fa"	571427	571428	"ST4-74.fa_571427_-"	"CDS"	"-"	571426	571432	"SL1344_0503"	"sfbA"	"+"	"SL1344_0503"	"sfbA"	570599	571430	"Right"	100	63.64	80	88.89	6	11	50	9	76.4729411764706	81.3561016949153	"Constitutive"	"chromosome"	"intragenic"
"ST4-74.fa"	571427	571428	"ST4-74.fa_571427_-"	"intergenic"	"-"	571426	571432	"SL1344_0503"	"sfbA"	"++"	"SL1344_0504"	"sfbB"	571430	571466	"Right"	100	63.64	80	88.89	6	11	50	9	76.4729411764706	81.3561016949153	"Constitutive"	"chromosome"	"intergenic"
"ST4-74.fa"	572055	572056	"ST4-74.fa_572055_-"	"CDS"	"-"	572054	572060	"SL1344_0504"	"sfbB"	"+"	"SL1344_0504"	"sfbB"	571466	572483	"Right"	83.33	100	93.18	88.89	6	13	44	9	94.7357894736842	92.4515094339623	"Constitutive"	"chromosome"	"intragenic"
"ST4-74.fa"	574518	574519	"ST4-74.fa_574518_+"	"CDS"	"+"	574514	574520	"SL1344_0507"	"ybbS"	"-"	"SL1344_0507"	"ybbS"	574337	575264	"Right"	100	100	95.56	100	2	14	45	9	100	96.3	"Constitutive"	"chromosome"	"intragenic"
"ST4-74.fa"	575518	575519	"ST4-74.fa_575518_+"	"CDS"	"+"	575514	575520	"SL1344_0508"	"allA"	"+"	"SL1344_0508"	"allA"	575490	575973	"Right"	0	66.67	79.17	50	1	12	24	10	61.5415384615385	70.5905882352941	"Constitutive"	"chromosome"	"intragenic"
"ST4-74.fa"	575647	575648	"ST4-74.fa_575647_-"	"CDS"	"-"	575646	575652	"SL1344_0508"	"allA"	"+"	"SL1344_0508"	"allA"	575490	575973	"Right"	100	92.86	85.37	100	5	14	41	5	94.7389473684211	86.9602173913044	"Constitutive"	"chromosome"	"intragenic"
"ST4-74.fa"	575652	575653	"ST4-74.fa_575652_+"	"CDS"	"+"	575648	575654	"SL1344_0508"	"allA"	"+"	"SL1344_0508"	"allA"	575490	575973	"Right"	0	92.86	94.87	90	1	14	39	10	86.6693333333333	93.8761224489796	"Constitutive"	"chromosome"	"intragenic"
"ST4-74.fa"	577939	577940	"ST4-74.fa_577939_-"	"CDS"	"-"	577938	577944	"SL1344_0510"	"gcl"	"+"	"SL1344_0510"	"gcl"	576954	578736	"Right"	75	86.67	95.56	83.33	4	15	45	6	84.2131578947368	94.1211764705882	"Constitutive"	"chromosome"	"intragenic"
"ST4-74.fa"	581137	581138	"ST4-74.fa_581137_-"	"CDS"	"-"	581136	581142	"SL1344_0513"	"STM0520"	"+"	"SL1344_0513"	"STM0520"	580569	581817	"Right"	100	85.71	84.78	62.5	5	14	46	8	89.4705263157895	81.4792592592593	"Constitutive"	"chromosome"	"intragenic"
"ST4-74.fa"	581572	581573	"ST4-74.fa_581572_-"	"CDS"	"-"	581571	581577	"SL1344_0513"	"STM0520"	"+"	"SL1344_0513"	"STM0520"	580569	581817	"Right"	60	16.67	48	33.33	5	12	25	3	29.4141176470588	46.4282142857143	"LSP-specific"	"chromosome"	"intragenic"
"ST4-74.fa"	581715	581716	"ST4-74.fa_581715_+"	"CDS"	"+"	581711	581717	"SL1344_0513"	"STM0520"	"+"	"SL1344_0513"	"STM0520"	580569	581817	"Right"	75	70	73.91	72.73	8	10	46	11	72.2222222222222	73.6822807017544	"Constitutive"	"chromosome"	"intragenic"
"ST4-74.fa"	581755	581756	"ST4-74.fa_581755_-"	"CDS"	"-"	581754	581760	"SL1344_0513"	"STM0520"	"+"	"SL1344_0513"	"STM0520"	580569	581817	"Right"	100	90.91	81.08	85.71	4	11	37	7	93.334	81.8165909090909	"Constitutive"	"chromosome"	"intragenic"
"ST4-74.fa"	584274	584275	"ST4-74.fa_584274_+"	"CDS"	"+"	584270	584276	"SL1344_0516"	"allB"	"+"	"SL1344_0516"	"allB"	583445	584807	"Right"	85.71	92.86	94.12	87.5	7	14	51	8	90.4766666666667	93.2223728813559	"Constitutive"	"chromosome"	"intragenic"
"ST4-74.fa"	585903	585904	"ST4-74.fa_585903_+"	"CDS"	"+"	585899	585905	"SL1344_0517"	"ybbY"	"+"	"SL1344_0517"	"ybbY"	584865	586164	"Right"	75	100	78.38	70	4	7	37	10	90.9090909090909	76.5970212765957	"Constitutive"	"chromosome"	"intragenic"
"ST4-74.fa"	589591	589592	"ST4-74.fa_589591_-"	"CDS"	"-"	589590	589596	"SL1344_0521"	"allD"	"-"	"SL1344_0521"	"allD"	589467	590517	"Right"	75	92.31	75	66.67	4	13	40	6	88.2370588235294	73.9134782608696	"Constitutive"	"chromosome"	"intragenic"
"ST4-74.fa"	591561	591562	"ST4-74.fa_591561_+"	"CDS"	"+"	591557	591563	"SL1344_0522"	"fdrA"	"+"	"SL1344_0522"	"fdrA"	590847	592512	"Right"	100	100	93.1	100	5	7	58	6	100	93.746875	"Constitutive"	"chromosome"	"intragenic"
"ST4-74.fa"	593401	593402	"ST4-74.fa_593401_+"	"CDS"	"+"	593397	593403	"SL1344_0523"	"ylbE"	"+"	"SL1344_0523"	"ylbE"	592521	593781	"Right"	66.67	62.5	97.22	66.67	3	8	36	3	63.6372727272727	94.87	"Constitutive"	"chromosome"	"intragenic"
"ST4-74.fa"	595257	595258	"ST4-74.fa_595257_-"	"CDS"	"-"	595256	595262	"SL1344_0525"	"arcC"	"+"	"SL1344_0525"	"arcC"	594605	595499	"Right"	100	54.55	90.48	100	4	11	42	9	66.67	92.16	"Constitutive"	"chromosome"	"intragenic"
"ST4-74.fa"	595753	595754	"ST4-74.fa_595753_+"	"CDS"	"+"	595749	595755	"SL1344_0526"	"purK"	"-"	"SL1344_0526"	"purK"	595539	596607	"Right"	83.33	100	95.83	71.43	6	11	48	7	94.1164705882353	92.7245454545455	"Constitutive"	"chromosome"	"intragenic"
"ST4-74.fa"	59759	59760	"ST4-74.fa_59759_-"	"CDS"	"-"	59758	59764	"SL1344_0051"	"STM0050"	"+"	"SL1344_0051"	"STM0050"	58945	60148	"NSR"	92.31	100	95.83	83.33	13	16	72	6	96.5527586206896	94.8684615384615	"Constitutive"	"chromosome"	"intragenic"
"ST4-74.fa"	59797	59798	"ST4-74.fa_59797_+"	"CDS"	"+"	59793	59799	"SL1344_0051"	"STM0050"	"+"	"SL1344_0051"	"STM0050"	58945	60148	"NSR"	87.5	100	88.33	85.71	8	13	60	14	95.2380952380952	87.8343243243243	"Constitutive"	"chromosome"	"intragenic"
"ST4-74.fa"	600208	600209	"ST4-74.fa_600208_-"	"CDS"	"-"	600207	600213	"SL1344_0531"	"STM0538"	"-"	"SL1344_0531"	"STM0538"	600051	600876	"Right"	100	100	89.19	100	2	3	37	3	100	90.00075	"Constitutive"	"chromosome"	"intragenic"
"ST4-74.fa"	600757	600758	"ST4-74.fa_600757_-"	"CDS"	"-"	600756	600762	"SL1344_0531"	"STM0538"	"-"	"SL1344_0531"	"STM0538"	600051	600876	"Right"	100	100	92.98	85.71	3	3	57	7	100	92.18484375	"Constitutive"	"chromosome"	"intragenic"
"ST4-74.fa"	603670	603671	"ST4-74.fa_603670_-"	"CDS"	"-"	603669	603675	"SL1344_0536"	"fimA"	"+"	"SL1344_0536"	"fimA"	603617	604160	"Right"	66.67	60	77.14	100	3	5	35	1	62.50125	77.775	"Constitutive"	"chromosome"	"intragenic"
"ST4-74.fa"	607567	607568	"ST4-74.fa_607567_+"	"CDS"	"+"	607563	607569	"SL1344_0539"	"fimD"	"+"	"SL1344_0539"	"fimD"	605535	608148	"Right"	100	100	97.92	90.91	6	17	48	11	100	96.6130508474576	"Constitutive"	"chromosome"	"intragenic"
"ST4-74.fa"	609681	609682	"ST4-74.fa_609681_-"	"CDS"	"-"	609680	609686	"SL1344_0541"	"fimF"	"+"	"SL1344_0541"	"fimF"	609179	609698	"Right"	100	100	93.94	100	6	15	66	5	100	94.3667605633803	"Constitutive"	"chromosome"	"intragenic"
"ST4-74.fa"	611019	611020	"ST4-74.fa_611019_+"	"CDS"	"+"	611015	611021	"SL1344_0543"	"fimY"	"-"	"SL1344_0543"	"fimY"	610979	611702	"Right"	40	75	80	85.71	10	12	35	7	59.0909090909091	80.9516666666667	"Constitutive"	"chromosome"	"intragenic"
"ST4-74.fa"	61155	61156	"ST4-74.fa_61155_-"	"CDS"	"-"	61154	61160	"SL1344_0053"	"citB2"	"-"	"SL1344_0053"	"citB2"	61105	61792	"NSR"	77.78	60	76	75	9	5	25	4	71.43	75.8620689655172	"Constitutive"	"chromosome"	"intragenic"
"ST4-74.fa"	612359	612360	"ST4-74.fa_612359_+"	"CDS"	"+"	612355	612361	"SL1344_0545"	"fimW"	"-"	"SL1344_0545"	"fimW"	612193	612790	"Right"	100	66.67	75.47	60	7	12	53	5	78.9494736842105	74.1363793103448	"Constitutive"	"chromosome"	"intragenic"
"ST4-74.fa"	613718	613719	"ST4-74.fa_613718_-"	"intergenic"	"-"	613717	613723	"SL1344_0546"	"STM0555"	"--"	"SL1344_0547"	"STM0557"	613552	614291	"Right"	80	80	90.91	83.33	5	10	44	6	80	90.0004	"Constitutive"	"chromosome"	"intergenic"
"ST4-74.fa"	615748	615749	"ST4-74.fa_615748_-"	"CDS"	"-"	615747	615753	"SL1344_0547"	"STM0557"	"-"	"SL1344_0547"	"STM0557"	614291	615944	"Right"	85.71	100	97.87	100	7	8	47	8	93.3313333333333	98.1798181818182	"Constitutive"	"chromosome"	"intragenic"
"ST4-74.fa"	616680	616681	"ST4-74.fa_616680_+"	"CDS"	"+"	616676	616682	"SL1344_0548"	"gtrBa"	"-"	"SL1344_0548"	"gtrBa"	615924	616851	"Right"	100	50	88.89	87.5	6	10	45	8	68.75	88.6801886792453	"Constitutive"	"chromosome"	"intragenic"
"ST4-74.fa"	618388	618389	"ST4-74.fa_618388_-"	"CDS"	"-"	618387	618393	"SL1344_0550"	"STM0561"	"-"	"SL1344_0550"	"STM0561"	618077	618407	"Right"	100	100	91.3	83.33	7	9	46	12	100	89.6510344827586	"Constitutive"	"chromosome"	"intragenic"
"ST4-74.fa"	61992	61993	"ST4-74.fa_61992_-"	"CDS"	"-"	61991	61997	"SL1344_0054"	"citA2"	"-"	"SL1344_0054"	"citA2"	61793	63413	"NSR"	100	78.57	93.55	100	12	14	62	8	88.4607692307692	94.2871428571429	"Constitutive"	"chromosome"	"intragenic"
"ST4-74.fa"	61992	61993	"ST4-74.fa_61992_-"	"sRNA"	"-"	61991	61997	"STnc3220"	"no"	"+"	"STnc3220"	"no"	61806	62034	"NSR"	100	78.57	93.55	100	12	14	62	8	88.4607692307692	94.2871428571429	"Constitutive"	"chromosome"	"intragenic"
"ST4-74.fa"	62037	62038	"ST4-74.fa_62037_+"	"CDS"	"+"	62033	62039	"SL1344_0054"	"citA2"	"-"	"SL1344_0054"	"citA2"	61793	63413	"NSR"	85.71	91.67	94.34	88.89	7	12	53	9	89.4742105263158	93.5488709677419	"Constitutive"	"chromosome"	"intragenic"
"ST4-74.fa"	62037	62038	"ST4-74.fa_62037_+"	"intergenic"	"+"	62033	62039	"STnc3220"	"no"	"+-"	"SL1344_0055"	"STM0054"	62034	63547	"NSR"	85.71	91.67	94.34	88.89	7	12	53	9	89.4742105263158	93.5488709677419	"Constitutive"	"chromosome"	"intergenic"
"ST4-74.fa"	62037	62038	"ST4-74.fa_62037_+"	"sRNA"	"+"	62033	62039	"STnc3220"	"no"	"+"	"STnc3220"	"no"	61806	62034	"NSR"	85.71	91.67	94.34	88.89	7	12	53	9	89.4742105263158	93.5488709677419	"Constitutive"	"chromosome"	"intragenic"
"ST4-74.fa"	624377	624378	"ST4-74.fa_624377_-"	"CDS"	"-"	624376	624382	"SL1344_0556"	"pheP"	"+"	"SL1344_0556"	"pheP"	623686	625081	"Right"	100	100	89.58	100	5	11	48	7	100	90.9061818181818	"Constitutive"	"chromosome"	"intragenic"
"ST4-74.fa"	624767	624768	"ST4-74.fa_624767_-"	"CDS"	"-"	624766	624772	"SL1344_0556"	"pheP"	"+"	"SL1344_0556"	"pheP"	623686	625081	"Right"	100	92.86	88.37	100	2	14	43	7	93.7525	89.9982	"Constitutive"	"chromosome"	"intragenic"
"ST4-74.fa"	626969	626970	"ST4-74.fa_626969_+"	"CDS"	"+"	626965	626971	"SL1344_0558"	"apeE"	"+"	"SL1344_0558"	"apeE"	626680	628651	"Right"	100	90	100	80	8	10	47	15	94.4444444444444	95.1612903225806	"Constitutive"	"chromosome"	"intragenic"
"ST4-74.fa"	629177	629178	"ST4-74.fa_629177_+"	"CDS"	"+"	629173	629179	"SL1344_0559"	"STM0571"	"+"	"SL1344_0559"	"STM0571"	628817	631547	"Right"	40	70	84.21	62.5	5	10	38	8	60	80.4343478260869	"Constitutive"	"chromosome"	"intragenic"
"ST4-74.fa"	630471	630472	"ST4-74.fa_630471_-"	"CDS"	"-"	630470	630476	"SL1344_0559"	"STM0571"	"+"	"SL1344_0559"	"STM0571"	628817	631547	"Right"	87.5	100	94.87	100	8	13	39	9	95.2380952380952	95.831875	"Constitutive"	"chromosome"	"intragenic"
"ST4-74.fa"	630648	630649	"ST4-74.fa_630648_-"	"CDS"	"-"	630647	630653	"SL1344_0559"	"STM0571"	"+"	"SL1344_0559"	"STM0571"	628817	631547	"Right"	87.5	92.31	95.56	100	8	13	45	12	90.477619047619	96.4947368421053	"Constitutive"	"chromosome"	"intragenic"
"ST4-74.fa"	63348	63349	"ST4-74.fa_63348_+"	"CDS"	"+"	63344	63350	"SL1344_0054"	"citA2"	"-"	"SL1344_0054"	"citA2"	61793	63413	"NSR"	50	83.33	62.07	60	4	6	29	10	69.998	61.5392307692308	"Constitutive"	"chromosome"	"intragenic"
"ST4-74.fa"	63348	63349	"ST4-74.fa_63348_+"	"intergenic"	"+"	63344	63350	"STnc3220"	"no"	"+-"	"SL1344_0055"	"STM0054"	62034	63547	"NSR"	50	83.33	62.07	60	4	6	29	10	69.998	61.5392307692308	"Constitutive"	"chromosome"	"intergenic"
"ST4-74.fa"	634635	634636	"ST4-74.fa_634635_+"	"CDS"	"+"	634631	634637	"SL1344_0562"	"manZ"	"-"	"SL1344_0562"	"manZ"	633803	634658	"Right"	83.33	92.31	98.25	83.33	6	13	57	18	89.4742105263158	94.6692	"Constitutive"	"chromosome"	"intragenic"
"ST4-74.fa"	634766	634767	"ST4-74.fa_634766_+"	"CDS"	"+"	634762	634768	"SL1344_0563"	"manY"	"-"	"SL1344_0563"	"manY"	634660	635335	"Right"	100	75	68.42	50	3	8	38	8	81.8181818181818	65.2165217391304	"Constitutive"	"chromosome"	"intragenic"
"ST4-74.fa"	634815	634816	"ST4-74.fa_634815_-"	"CDS"	"-"	634814	634820	"SL1344_0563"	"manY"	"-"	"SL1344_0563"	"manY"	634660	635335	"Right"	100	90	93.18	92.31	6	10	44	13	93.75	92.9815789473684	"Constitutive"	"chromosome"	"intragenic"
"ST4-74.fa"	634820	634821	"ST4-74.fa_634820_+"	"CDS"	"+"	634816	634822	"SL1344_0563"	"manY"	"-"	"SL1344_0563"	"manY"	634660	635335	"Right"	60	100	92.59	77.78	5	10	54	9	86.6666666666667	90.4742857142857	"Constitutive"	"chromosome"	"intragenic"
"ST4-74.fa"	635237	635238	"ST4-74.fa_635237_+"	"CDS"	"+"	635233	635239	"SL1344_0563"	"manY"	"-"	"SL1344_0563"	"manY"	634660	635335	"Right"	40	90.91	91.53	81.82	5	11	59	11	75.000625	90.0041428571429	"Constitutive"	"chromosome"	"intragenic"
"ST4-74.fa"	635258	635259	"ST4-74.fa_635258_+"	"CDS"	"+"	635254	635260	"SL1344_0563"	"manY"	"-"	"SL1344_0563"	"manY"	634660	635335	"Right"	50	93.33	82.61	69.23	8	15	69	13	78.2586956521739	80.4887804878049	"Constitutive"	"chromosome"	"intragenic"
"ST4-74.fa"	636158	636159	"ST4-74.fa_636158_+"	"CDS"	"+"	636154	636160	"SL1344_0565"	"STM0577"	"-"	"SL1344_0565"	"STM0577"	635866	636316	"Right"	71.43	90.91	86.67	72.73	7	11	60	11	83.3344444444444	84.5102816901408	"Constitutive"	"chromosome"	"intragenic"
"ST4-74.fa"	636867	636868	"ST4-74.fa_636867_-"	"CDS"	"-"	636866	636872	"SL1344_0566"	"nfnB"	"-"	"SL1344_0566"	"nfnB"	636515	637169	"Right"	50	100	72	50	2	9	25	6	90.9090909090909	67.741935483871	"Constitutive"	"chromosome"	"intragenic"
"ST4-74.fa"	640174	640175	"ST4-74.fa_640174_+"	"CDS"	"+"	640170	640176	"SL1344_0571"	"ybdK"	"-"	"SL1344_0571"	"ybdK"	639165	640284	"Right"	85.71	100	100	85.71	7	7	43	7	92.855	97.9994	"Constitutive"	"chromosome"	"intragenic"
"ST4-74.fa"	647524	647525	"ST4-74.fa_647524_+"	"CDS"	"+"	647520	647526	"SL1344_0576"	"entF"	"+"	"SL1344_0576"	"entF"	644949	648834	"Right"	100	100	100	77.78	1	6	48	9	100	96.4915789473684	"Constitutive"	"chromosome"	"intragenic"
"ST4-74.fa"	652524	652525	"ST4-74.fa_652524_-"	"CDS"	"-"	652523	652529	"SL1344_0580"	"fepD"	"-"	"SL1344_0580"	"fepD"	652052	653060	"Right"	100	100	93.75	88.89	4	10	48	18	100	92.4245454545455	"Constitutive"	"chromosome"	"intragenic"
"ST4-74.fa"	655030	655031	"ST4-74.fa_655030_-"	"CDS"	"-"	655029	655035	"SL1344_0582"	"fepB"	"-"	"SL1344_0582"	"fepB"	654477	655434	"Right"	100	71.43	64.29	100	3	7	28	11	80.001	74.3620512820513	"Constitutive"	"chromosome"	"intragenic"
"ST4-74.fa"	655673	655674	"ST4-74.fa_655673_-"	"intergenic"	"-"	655672	655678	"SL1344_0582"	"fepB"	"-+"	"SL1344_0583"	"entC"	655434	655742	"Right"	NA	25	63.64	77.78	NA	4	33	9	25	66.67	"LSP-specific"	"chromosome"	"intergenic"
"ST4-74.fa"	657726	657727	"ST4-74.fa_657726_-"	"CDS"	"-"	657725	657731	"SL1344_0584"	"entE"	"+"	"SL1344_0584"	"entE"	656927	658538	"Right"	25	85.71	61.54	85.71	4	7	26	14	63.6336363636364	69.9995	"Constitutive"	"chromosome"	"intragenic"
"ST4-74.fa"	658173	658174	"ST4-74.fa_658173_-"	"CDS"	"-"	658172	658178	"SL1344_0584"	"entE"	"+"	"SL1344_0584"	"entE"	656927	658538	"Right"	50	87.5	84.09	73.33	8	8	44	15	68.75	81.354406779661	"Constitutive"	"chromosome"	"intragenic"
"ST4-74.fa"	658227	658228	"ST4-74.fa_658227_+"	"CDS"	"+"	658223	658229	"SL1344_0584"	"entE"	"+"	"SL1344_0584"	"entE"	656927	658538	"Right"	50	83.33	56.76	42.86	4	6	37	7	69.998	54.5486363636364	"Constitutive"	"chromosome"	"intragenic"
"ST4-74.fa"	663045	663046	"ST4-74.fa_663045_+"	"CDS"	"+"	663041	663047	"SL1344_0589"	"ybdD"	"+"	"SL1344_0589"	"ybdD"	662930	663128	"Right"	85.71	100	90.62	60	7	12	32	5	94.7352631578947	86.4821621621622	"Constitutive"	"chromosome"	"intragenic"
"ST4-74.fa"	671747	671748	"ST4-74.fa_671747_+"	"CDS"	"+"	671743	671749	"SL1344_0597"	"ahpF"	"+"	"SL1344_0597"	"ahpF"	670741	672307	"Right"	100	64.71	94.44	80	4	17	36	10	71.4319047619048	91.3008695652174	"Constitutive"	"chromosome"	"intragenic"
"ST4-74.fa"	671921	671922	"ST4-74.fa_671921_+"	"CDS"	"+"	671917	671923	"SL1344_0597"	"ahpF"	"+"	"SL1344_0597"	"ahpF"	670741	672307	"Right"	71.43	100	98.08	91.67	7	17	52	12	91.6670833333333	96.878125	"Constitutive"	"chromosome"	"intragenic"
"ST4-74.fa"	674047	674048	"ST4-74.fa_674047_+"	"CDS"	"+"	674043	674049	"SL1344_0599"	"STM0611"	"+"	"SL1344_0599"	"STM0611"	673191	675471	"Right"	63.64	77.78	72.5	53.33	11	9	40	15	70.003	67.2718181818182	"Constitutive"	"chromosome"	"intragenic"
"ST4-74.fa"	674623	674624	"ST4-74.fa_674623_+"	"CDS"	"+"	674619	674625	"SL1344_0599"	"STM0611"	"+"	"SL1344_0599"	"STM0611"	673191	675471	"Right"	77.78	84.62	84.44	73.33	9	13	45	15	81.8218181818182	81.6625	"Constitutive"	"chromosome"	"intragenic"
"ST4-74.fa"	674869	674870	"ST4-74.fa_674869_+"	"CDS"	"+"	674865	674871	"SL1344_0599"	"STM0611"	"+"	"SL1344_0599"	"STM0611"	673191	675471	"Right"	88.89	92.31	88.89	88.24	9	13	45	17	90.9109090909091	88.7117741935484	"Constitutive"	"chromosome"	"intragenic"
"ST4-74.fa"	68070	68071	"ST4-74.fa_68070_-"	"CDS"	"-"	68069	68075	"SL1344_0058"	"STM0057"	"-"	"SL1344_0058"	"STM0057"	67051	68392	"NSR"	100	100	91.53	100	5	10	59	12	100	92.9615492957747	"Constitutive"	"chromosome"	"intragenic"
"ST4-74.fa"	681113	681114	"ST4-74.fa_681113_+"	"CDS"	"+"	681109	681115	"SL1344_0606"	"citT"	"-"	"SL1344_0606"	"citT"	680392	681856	"Right"	87.5	83.33	75	81.82	8	6	40	11	85.7128571428571	76.4709803921569	"Constitutive"	"chromosome"	"intragenic"
"ST4-74.fa"	681255	681256	"ST4-74.fa_681255_-"	"CDS"	"-"	681254	681260	"SL1344_0606"	"citT"	"-"	"SL1344_0606"	"citT"	680392	681856	"Right"	66.67	88.89	88.24	90	6	9	51	10	80.002	88.5285245901639	"Constitutive"	"chromosome"	"intragenic"
"ST4-74.fa"	681681	681682	"ST4-74.fa_681681_-"	"CDS"	"-"	681680	681686	"SL1344_0606"	"citT"	"-"	"SL1344_0606"	"citT"	680392	681856	"Right"	66.67	83.33	81.63	83.33	9	6	49	12	73.334	81.9644262295082	"Constitutive"	"chromosome"	"intragenic"
"ST4-74.fa"	681939	681940	"ST4-74.fa_681939_+"	"CDS"	"+"	681935	681941	"SL1344_0607"	"citG"	"-"	"SL1344_0607"	"citG"	681893	682790	"Right"	75	33.33	86.36	63.64	8	6	22	11	57.1414285714286	78.7866666666667	"Constitutive"	"chromosome"	"intragenic"
"ST4-74.fa"	681987	681988	"ST4-74.fa_681987_-"	"CDS"	"-"	681986	681992	"SL1344_0607"	"citG"	"-"	"SL1344_0607"	"citG"	681893	682790	"Right"	75	100	84.31	91.67	4	9	51	12	92.3076923076923	85.7119047619048	"Constitutive"	"chromosome"	"intragenic"
"ST4-74.fa"	684091	684092	"ST4-74.fa_684091_+"	"CDS"	"+"	684087	684093	"SL1344_0609"	"citF"	"-"	"SL1344_0609"	"citF"	683316	684846	"Right"	66.67	66.67	76.67	100	6	6	30	13	66.67	83.7232558139535	"Constitutive"	"chromosome"	"intragenic"
"ST4-74.fa"	684175	684176	"ST4-74.fa_684175_+"	"CDS"	"+"	684171	684177	"SL1344_0609"	"citF"	"-"	"SL1344_0609"	"citF"	683316	684846	"Right"	87.5	77.78	80.77	76.92	8	9	26	13	82.3541176470588	79.4866666666667	"Constitutive"	"chromosome"	"intragenic"
"ST4-74.fa"	684184	684185	"ST4-74.fa_684184_-"	"CDS"	"-"	684183	684189	"SL1344_0609"	"citF"	"-"	"SL1344_0609"	"citF"	683316	684846	"Right"	83.33	100	96.08	100	6	11	51	10	94.1164705882353	96.7226229508197	"Constitutive"	"chromosome"	"intragenic"
"ST4-74.fa"	685072	685073	"ST4-74.fa_685072_+"	"CDS"	"+"	685068	685074	"SL1344_0610"	"citE"	"-"	"SL1344_0610"	"citE"	684855	685764	"Right"	71.43	91.67	80.56	71.43	7	12	36	14	84.2131578947368	78.0036	"Constitutive"	"chromosome"	"intragenic"
"ST4-74.fa"	686639	686640	"ST4-74.fa_686639_+"	"CDS"	"+"	686635	686641	"SL1344_0612"	"citC"	"-"	"SL1344_0612"	"citC"	686053	687130	"Right"	100	90.91	92.86	72.73	9	11	42	11	95.0005	88.6820754716981	"Constitutive"	"chromosome"	"intragenic"
"ST4-74.fa"	688217	688218	"ST4-74.fa_688217_-"	"CDS"	"-"	688216	688222	"SL1344_0613"	"citA"	"+"	"SL1344_0613"	"citA"	687514	689176	"Right"	66.67	100	88.89	100	6	6	27	2	83.335	89.6562068965517	"Constitutive"	"chromosome"	"intragenic"
"ST4-74.fa"	690257	690258	"ST4-74.fa_690257_+"	"CDS"	"+"	690253	690259	"SL1344_0615"	"dcuC"	"-"	"SL1344_0615"	"dcuC"	689878	691132	"Right"	80	62.5	68.75	66.67	5	8	32	9	69.2307692307692	68.2934146341463	"Constitutive"	"chromosome"	"intragenic"
"ST4-74.fa"	69228	69229	"ST4-74.fa_69228_-"	"CDS"	"-"	69227	69233	"SL1344_0059"	"citC2"	"+"	"SL1344_0059"	"citC2"	68636	69683	"NSR"	66.67	83.33	95.83	87.5	3	6	48	8	77.7766666666667	94.64	"Constitutive"	"chromosome"	"intragenic"
"ST4-74.fa"	693834	693835	"ST4-74.fa_693834_-"	"CDS"	"-"	693833	693839	"SL1344_0619"	"STM0631"	"+"	"SL1344_0619"	"STM0631"	693143	693932	"Right"	100	80	86.49	90.91	5	10	37	11	86.6666666666667	87.5029166666666	"Constitutive"	"chromosome"	"intragenic"
"ST4-74.fa"	694382	694383	"ST4-74.fa_694382_+"	"CDS"	"+"	694378	694384	"SL1344_0621"	"lipA"	"-"	"SL1344_0621"	"lipA"	694349	695315	"Right"	100	0	80	66.67	2	3	30	12	40	76.1914285714286	"Constitutive"	"chromosome"	"intragenic"
"ST4-74.fa"	695716	695717	"ST4-74.fa_695716_+"	"CDS"	"+"	695712	695718	"SL1344_0622"	"ybeF"	"-"	"SL1344_0622"	"ybeF"	695520	696474	"Right"	80	87.5	85.29	76.92	5	8	34	13	84.6153846153846	82.9748936170213	"Constitutive"	"chromosome"	"intragenic"
"ST4-74.fa"	695761	695762	"ST4-74.fa_695761_-"	"CDS"	"-"	695760	695766	"SL1344_0622"	"ybeF"	"-"	"SL1344_0622"	"ybeF"	695520	696474	"Right"	100	91.67	95.92	90.91	1	12	49	11	92.3107692307692	95.0015	"Constitutive"	"chromosome"	"intragenic"
"ST4-74.fa"	69769	69770	"ST4-74.fa_69769_+"	"CDS"	"+"	69765	69771	"SL1344_0060"	"citD2"	"+"	"SL1344_0060"	"citD2"	69712	70006	"NSR"	75	57.14	73.17	87.5	8	14	41	8	63.6345454545455	75.5095918367347	"Constitutive"	"chromosome"	"intragenic"
"ST4-74.fa"	697691	697692	"ST4-74.fa_697691_-"	"CDS"	"-"	697690	697696	"SL1344_0624"	"ybeD"	"-"	"SL1344_0624"	"ybeD"	697516	697711	"Right"	75	100	96	87.5	4	14	50	8	94.4444444444444	94.8275862068966	"Constitutive"	"chromosome"	"intragenic"
"ST4-74.fa"	698948	698949	"ST4-74.fa_698948_+"	"CDS"	"+"	698944	698950	"SL1344_0625"	"dacA"	"-"	"SL1344_0625"	"dacA"	697888	699100	"Right"	90.91	69.23	90.7	91.67	11	13	43	12	79.1666666666667	90.9116363636363	"Constitutive"	"chromosome"	"intragenic"
"ST4-74.fa"	703230	703231	"ST4-74.fa_703230_+"	"CDS"	"+"	703226	703232	"SL1344_0628"	"mrdA"	"-"	"SL1344_0628"	"mrdA"	701432	703334	"Right"	62.5	77.78	93.62	88.89	8	9	47	9	70.5894117647059	92.8598214285714	"Constitutive"	"chromosome"	"intragenic"
"ST4-74.fa"	703728	703729	"ST4-74.fa_703728_+"	"CDS"	"+"	703724	703730	"SL1344_0629"	"ybeA"	"-"	"SL1344_0629"	"ybeA"	703364	703832	"Right"	80	91.67	94.64	90.91	10	12	56	11	86.3654545454545	94.0276119402985	"Constitutive"	"chromosome"	"intragenic"
"ST4-74.fa"	704656	704657	"ST4-74.fa_704656_+"	"CDS"	"+"	704652	704658	"SL1344_0631"	"cobC"	"-"	"SL1344_0631"	"cobC"	704481	705090	"Right"	100	100	94.12	90	5	10	51	10	100	93.4445901639344	"Constitutive"	"chromosome"	"intragenic"
"ST4-74.fa"	705730	705731	"ST4-74.fa_705730_-"	"CDS"	"-"	705729	705735	"SL1344_0632"	"cobD"	"+"	"SL1344_0632"	"cobD"	705186	706281	"Right"	66.67	92.31	94.83	100	3	13	58	10	87.5025	95.5902941176471	"Constitutive"	"chromosome"	"intragenic"
"ST4-74.fa"	706511	706512	"ST4-74.fa_706511_+"	"CDS"	"+"	706507	706513	"SL1344_0633"	"nadD"	"-"	"SL1344_0633"	"nadD"	706255	706897	"Right"	100	91.67	94.44	85.71	3	12	54	7	93.336	93.4381967213115	"Constitutive"	"chromosome"	"intragenic"
"ST4-74.fa"	706811	706812	"ST4-74.fa_706811_+"	"CDS"	"+"	706807	706813	"SL1344_0633"	"nadD"	"-"	"SL1344_0633"	"nadD"	706255	706897	"Right"	100	100	86.67	100	4	11	60	9	100	88.4086956521739	"Constitutive"	"chromosome"	"intragenic"
"ST4-74.fa"	707923	707924	"ST4-74.fa_707923_-"	"CDS"	"-"	707922	707928	"SL1344_0634"	"holA"	"-"	"SL1344_0634"	"holA"	706898	707930	"Right"	100	93.75	93.88	84.62	4	16	49	13	95	91.9383870967742	"Constitutive"	"chromosome"	"intragenic"
"ST4-74.fa"	710089	710090	"ST4-74.fa_710089_-"	"CDS"	"-"	710088	710094	"SL1344_0636"	"leuS"	"-"	"SL1344_0636"	"leuS"	708534	711117	"Right"	100	100	95.74	100	5	8	47	14	100	96.7177049180328	"Constitutive"	"chromosome"	"intragenic"
"ST4-74.fa"	710629	710630	"ST4-74.fa_710629_-"	"CDS"	"-"	710628	710634	"SL1344_0636"	"leuS"	"-"	"SL1344_0636"	"leuS"	708534	711117	"Right"	100	87.5	92.59	100	7	8	54	12	93.3333333333333	93.9372727272727	"Constitutive"	"chromosome"	"intragenic"
"ST4-74.fa"	714585	714586	"ST4-74.fa_714585_+"	"CDS"	"+"	714581	714587	"SL1344_0640"	"STM0652"	"+"	"SL1344_0640"	"STM0652"	713954	715883	"Right"	100	100	91.07	91.67	2	4	56	12	100	91.1758823529412	"Constitutive"	"chromosome"	"intragenic"
"ST4-74.fa"	71534	71535	"ST4-74.fa_71534_+"	"CDS"	"+"	71530	71536	"SL1344_0062"	"citF2"	"+"	"SL1344_0062"	"citF2"	70882	72403	"NSR"	87.5	87.5	85.37	100	8	16	41	4	87.5	86.6704444444444	"Constitutive"	"chromosome"	"intragenic"
"ST4-74.fa"	716420	716421	"ST4-74.fa_716420_+"	"CDS"	"+"	716416	716422	"SL1344_0641"	"ybeL"	"+"	"SL1344_0641"	"ybeL"	715975	716449	"Right"	66.67	71.43	80.49	90	3	7	41	10	70.002	82.3547058823529	"Constitutive"	"chromosome"	"intragenic"
"ST4-74.fa"	718214	718215	"ST4-74.fa_718214_-"	"CDS"	"-"	718213	718219	"SL1344_0643"	"ybeR"	"+"	"SL1344_0643"	"ybeR"	717607	718315	"Right"	80	86.67	91.3	84.62	5	15	46	13	85.0025	89.8281355932204	"Constitutive"	"chromosome"	"intragenic"
"ST4-74.fa"	721641	721642	"ST4-74.fa_721641_-"	"CDS"	"-"	721640	721646	"SL1344_0647"	"ybeV"	"+"	"SL1344_0647"	"ybeV"	720449	721922	"Right"	100	60	78.57	75	6	5	42	8	81.8181818181818	77.9988	"Constitutive"	"chromosome"	"intragenic"
"ST4-74.fa"	727130	727131	"ST4-74.fa_727130_+"	"CDS"	"+"	727126	727132	"SL1344_0652"	"gltK"	"-"	"SL1344_0652"	"gltK"	726745	727420	"Right"	100	75	79.07	81.82	4	8	43	11	83.3333333333333	79.6301851851852	"Constitutive"	"chromosome"	"intragenic"
"ST4-74.fa"	727930	727931	"ST4-74.fa_727930_+"	"CDS"	"+"	727926	727932	"SL1344_0653"	"gltJ"	"-"	"SL1344_0653"	"gltJ"	727419	728160	"Right"	100	75	87.8	100	3	4	41	5	85.7142857142857	89.1260869565217	"Constitutive"	"chromosome"	"intragenic"
"ST4-74.fa"	728959	728960	"ST4-74.fa_728959_+"	"CDS"	"+"	728955	728961	"SL1344_0654"	"gltI"	"-"	"SL1344_0654"	"gltI"	728319	729246	"Right"	100	100	97.83	87.5	3	7	46	8	100	96.2996296296296	"Constitutive"	"chromosome"	"intragenic"
"ST4-74.fa"	730237	730238	"ST4-74.fa_730237_+"	"CDS"	"+"	730233	730239	"SL1344_0655"	"lnt"	"-"	"SL1344_0655"	"lnt"	729582	731121	"Right"	85.71	90	90.2	100	7	10	51	8	88.2335294117647	91.528813559322	"Constitutive"	"chromosome"	"intragenic"
"ST4-74.fa"	731700	731701	"ST4-74.fa_731700_-"	"CDS"	"-"	731699	731705	"SL1344_0656"	"ybeX"	"-"	"SL1344_0656"	"ybeX"	731140	732019	"Right"	50	50	76.67	85.71	6	2	30	7	50	78.3802702702703	"Constitutive"	"chromosome"	"intragenic"
"ST4-74.fa"	731900	731901	"ST4-74.fa_731900_+"	"CDS"	"+"	731896	731902	"SL1344_0656"	"ybeX"	"-"	"SL1344_0656"	"ybeX"	731140	732019	"Right"	85.71	100	95.12	100	7	12	41	6	94.7352631578947	95.7429787234043	"Constitutive"	"chromosome"	"intragenic"
"ST4-74.fa"	739241	739242	"ST4-74.fa_739241_-"	"CDS"	"-"	739240	739246	"SL1344_0662"	"asnB"	"-"	"SL1344_0662"	"asnB"	738349	740014	"Right"	100	28.57	58.33	50	2	7	36	4	44.4433333333333	57.497	"Constitutive"	"chromosome"	"intragenic"
"ST4-74.fa"	742123	742124	"ST4-74.fa_742123_-"	"CDS"	"-"	742122	742128	"SL1344_0664"	"nagC"	"-"	"SL1344_0664"	"nagC"	741102	742323	"Right"	83.33	77.78	80.85	80	6	9	47	5	80	80.7682692307692	"Constitutive"	"chromosome"	"intragenic"
"ST4-74.fa"	742141	742142	"ST4-74.fa_742141_+"	"CDS"	"+"	742137	742143	"SL1344_0664"	"nagC"	"-"	"SL1344_0664"	"nagC"	741102	742323	"Right"	100	100	96	100	4	8	50	5	100	96.3636363636364	"Constitutive"	"chromosome"	"intragenic"
"ST4-74.fa"	744334	744335	"ST4-74.fa_744334_+"	"CDS"	"+"	744330	744336	"SL1344_0666"	"nagB"	"-"	"SL1344_0666"	"nagB"	743541	744342	"Right"	40	62.5	77.14	66.67	5	8	35	3	53.8461538461538	76.3134210526316	"Constitutive"	"chromosome"	"intragenic"
"ST4-74.fa"	745218	745219	"ST4-74.fa_745218_-"	"CDS"	"-"	745217	745223	"SL1344_0667"	"nagE"	"+"	"SL1344_0667"	"nagE"	744668	746621	"Right"	100	88.89	86.49	83.33	5	9	37	6	92.8578571428571	86.0490697674418	"Constitutive"	"chromosome"	"intragenic"
"ST4-74.fa"	746211	746212	"ST4-74.fa_746211_+"	"CDS"	"+"	746207	746213	"SL1344_0667"	"nagE"	"+"	"SL1344_0667"	"nagE"	744668	746621	"Right"	100	100	91.43	81.82	5	12	35	11	100	89.1319565217391	"Constitutive"	"chromosome"	"intragenic"
"ST4-74.fa"	750668	750669	"ST4-74.fa_750668_+"	"CDS"	"+"	750664	750670	"SL1344_0670"	"ybfN"	"+"	"SL1344_0670"	"ybfN"	750400	750733	"Right"	85.71	100	97.5	100	7	16	40	5	95.6508695652174	97.7777777777778	"Constitutive"	"chromosome"	"intragenic"
"ST4-74.fa"	751142	751143	"ST4-74.fa_751142_+"	"CDS"	"+"	751138	751144	"SL1344_0671"	"STM0689"	"-"	"SL1344_0671"	"STM0689"	750781	752086	"Right"	100	88.89	93.55	100	2	9	31	2	90.91	93.9409090909091	"Constitutive"	"chromosome"	"intragenic"
"ST4-74.fa"	756129	756130	"ST4-74.fa_756129_+"	"CDS"	"+"	756125	756131	"SL1344_0675"	"fur"	"-"	"SL1344_0675"	"fur"	755804	756257	"Right"	60	80	100	100	5	10	49	6	73.3333333333333	100	"Constitutive"	"chromosome"	"intragenic"
"ST4-74.fa"	756797	756798	"ST4-74.fa_756797_-"	"CDS"	"-"	756796	756802	"SL1344_0676"	"fldA"	"-"	"SL1344_0676"	"fldA"	756538	757069	"Right"	100	50	82.22	80	1	4	45	10	60	81.8163636363636	"Constitutive"	"chromosome"	"intragenic"
"ST4-74.fa"	759949	759950	"ST4-74.fa_759949_+"	"CDS"	"+"	759945	759951	"SL1344_0680"	"pgm"	"+"	"SL1344_0680"	"pgm"	759168	760809	"Right"	100	90	92.19	91.67	6	10	64	12	93.75	92.1078947368421	"Constitutive"	"chromosome"	"intragenic"
"ST4-74.fa"	76013	76014	"ST4-74.fa_76013_-"	"CDS"	"-"	76012	76018	"SL1344_0067"	"carA"	"+"	"SL1344_0067"	"carA"	75882	77031	"NSR"	100	100	90.57	84.62	4	7	53	13	100	89.3980303030303	"Constitutive"	"chromosome"	"intragenic"
"ST4-74.fa"	762345	762346	"ST4-74.fa_762345_-"	"CDS"	"-"	762344	762350	"SL1344_0682"	"potE"	"-"	"SL1344_0682"	"potE"	761473	762793	"Right"	60	46.15	67.5	40	5	13	40	10	49.9972222222222	62	"Constitutive"	"chromosome"	"intragenic"
"ST4-74.fa"	762503	762504	"ST4-74.fa_762503_+"	"CDS"	"+"	762499	762505	"SL1344_0682"	"potE"	"-"	"SL1344_0682"	"potE"	761473	762793	"Right"	80	85.71	90.91	80	5	7	33	10	83.3308333333333	88.3727906976744	"Constitutive"	"chromosome"	"intragenic"
"ST4-74.fa"	766763	766764	"ST4-74.fa_766763_+"	"CDS"	"+"	766759	766765	"SL1344_0685"	"kdpD"	"-"	"SL1344_0685"	"kdpD"	766423	769108	"Right"	100	100	69.57	82.35	5	8	46	17	100	73.0185714285714	"Constitutive"	"chromosome"	"intragenic"
"ST4-74.fa"	768002	768003	"ST4-74.fa_768002_-"	"CDS"	"-"	768001	768007	"SL1344_0685"	"kdpD"	"-"	"SL1344_0685"	"kdpD"	766423	769108	"Right"	42.86	66.67	79.59	62.5	7	3	49	8	50.003	77.1914035087719	"Constitutive"	"chromosome"	"intragenic"
"ST4-74.fa"	768410	768411	"ST4-74.fa_768410_-"	"CDS"	"-"	768409	768415	"SL1344_0685"	"kdpD"	"-"	"SL1344_0685"	"kdpD"	766423	769108	"Right"	66.67	83.33	63.41	71.43	6	6	41	7	75	64.5795833333333	"Constitutive"	"chromosome"	"intragenic"
"ST4-74.fa"	768464	768465	"ST4-74.fa_768464_+"	"CDS"	"+"	768460	768466	"SL1344_0685"	"kdpD"	"-"	"SL1344_0685"	"kdpD"	766423	769108	"Right"	66.67	72.73	68.89	66.67	6	11	45	12	70.5911764705883	68.4226315789474	"Constitutive"	"chromosome"	"intragenic"
"ST4-74.fa"	769084	769085	"ST4-74.fa_769084_+"	"CDS"	"+"	769080	769086	"SL1344_0685"	"kdpD"	"-"	"SL1344_0685"	"kdpD"	766423	769108	"Right"	80	100	76.36	84.21	5	12	55	19	94.1176470588235	78.3755405405405	"Constitutive"	"chromosome"	"intragenic"
"ST4-74.fa"	769854	769855	"ST4-74.fa_769854_+"	"CDS"	"+"	769850	769856	"SL1344_0687"	"kdpB"	"-"	"SL1344_0687"	"kdpB"	769697	771746	"Right"	62.5	90.91	68.09	78.57	8	11	47	14	78.9478947368421	70.4952459016394	"Constitutive"	"chromosome"	"intragenic"
"ST4-74.fa"	770241	770242	"ST4-74.fa_770241_+"	"CDS"	"+"	770237	770243	"SL1344_0687"	"kdpB"	"-"	"SL1344_0687"	"kdpB"	769697	771746	"Right"	100	100	86.79	94.74	9	10	53	19	100	88.8879166666667	"Constitutive"	"chromosome"	"intragenic"
"ST4-74.fa"	770961	770962	"ST4-74.fa_770961_+"	"CDS"	"+"	770957	770963	"SL1344_0687"	"kdpB"	"-"	"SL1344_0687"	"kdpB"	769697	771746	"Right"	66.67	66.67	90.48	100	9	6	42	10	66.67	92.3107692307692	"Constitutive"	"chromosome"	"intragenic"
"ST4-74.fa"	773423	773424	"ST4-74.fa_773423_+"	"CDS"	"+"	773419	773425	"SL1344_0688"	"kdpA"	"-"	"SL1344_0688"	"kdpA"	771766	773446	"Right"	85.71	77.78	77.55	75	7	9	49	12	81.249375	77.0483606557377	"Constitutive"	"chromosome"	"intragenic"
"ST4-74.fa"	77677	77678	"ST4-74.fa_77677_-"	"CDS"	"-"	77676	77682	"SL1344_0068"	"carB"	"+"	"SL1344_0068"	"carB"	77049	80277	"NSR"	100	57.14	89.58	100	6	7	48	7	76.9215384615385	90.9061818181818	"Constitutive"	"chromosome"	"intragenic"
"ST4-74.fa"	778764	778765	"ST4-74.fa_778764_-"	"CDS"	"-"	778763	778769	"SL1344_0693"	"ybgJ"	"+"	"SL1344_0693"	"ybgJ"	778217	778874	"Right"	100	50	84.85	100	3	4	33	5	71.4285714285714	86.8434210526316	"Constitutive"	"chromosome"	"intragenic"
"ST4-74.fa"	77932	77933	"ST4-74.fa_77932_-"	"CDS"	"-"	77931	77937	"SL1344_0068"	"carB"	"+"	"SL1344_0068"	"carB"	77049	80277	"NSR"	100	81.82	91.38	88.89	4	11	58	9	86.668	91.0455223880597	"Constitutive"	"chromosome"	"intragenic"
"ST4-74.fa"	780219	780220	"ST4-74.fa_780219_-"	"CDS"	"-"	780218	780224	"SL1344_0695"	"ybgL"	"+"	"SL1344_0695"	"ybgL"	779789	780524	"Right"	66.67	100	91.89	50	6	9	37	6	86.668	86.0448837209302	"Constitutive"	"chromosome"	"intragenic"
"ST4-74.fa"	780986	780987	"ST4-74.fa_780986_-"	"intergenic"	"-"	780985	780991	"SL1344_0696"	"STM0715"	"++"	"SL1344_0697"	"fimB"	780979	781038	"Right"	87.5	91.67	88.89	77.78	8	12	45	9	90.002	87.0383333333333	"Constitutive"	"chromosome"	"intergenic"
"ST4-74.fa"	780991	780992	"ST4-74.fa_780991_+"	"intergenic"	"+"	780987	780993	"SL1344_0696"	"STM0715"	"++"	"SL1344_0697"	"fimB"	780979	781038	"Right"	87.5	100	93.75	90.91	8	8	48	11	93.75	93.2205084745763	"Constitutive"	"chromosome"	"intergenic"
"ST4-74.fa"	793816	793817	"ST4-74.fa_793816_+"	"CDS"	"+"	793812	793818	"SL1344_0710"	"nei"	"+"	"SL1344_0710"	"nei"	793335	794127	"Right"	75	90	98.15	85.71	4	10	54	14	85.7142857142857	95.5888235294118	"Constitutive"	"chromosome"	"intragenic"
"ST4-74.fa"	795977	795978	"ST4-74.fa_795977_+"	"CDS"	"+"	795973	795979	"SL1344_0712"	"gltA"	"-"	"SL1344_0712"	"gltA"	795364	796648	"Right"	80	88.89	91.11	100	5	9	45	10	85.715	92.7263636363636	"Constitutive"	"chromosome"	"intragenic"
"ST4-74.fa"	800459	800460	"ST4-74.fa_800459_-"	"CDS"	"-"	800458	800464	"SL1344_0717"	"sdhB"	"+"	"SL1344_0717"	"sdhB"	799912	800632	"Right"	60	40	59.57	50	5	5	47	4	50	58.8194117647059	"Constitutive"	"chromosome"	"intragenic"
"ST4-74.fa"	801954	801955	"ST4-74.fa_801954_-"	"CDS"	"-"	801953	801959	"SL1344_0718"	"sucA"	"+"	"SL1344_0718"	"sucA"	801155	803957	"Right"	100	100	98	100	5	13	50	2	100	98.0769230769231	"Constitutive"	"chromosome"	"intragenic"
"ST4-74.fa"	805094	805095	"ST4-74.fa_805094_-"	"CDS"	"-"	805093	805099	"SL1344_0719"	"sucB"	"+"	"SL1344_0719"	"sucB"	803971	805180	"Right"	100	100	96.3	100	6	10	54	6	100	96.67	"Constitutive"	"chromosome"	"intragenic"
"ST4-74.fa"	8052	8053	"ST4-74.fa_8052_-"	"CDS"	"-"	8051	8057	"SL1344_0007"	"talB"	"+"	"SL1344_0007"	"talB"	7664	8618	"NSR"	77.78	87.5	95.65	100	9	8	46	9	82.3541176470588	96.3618181818182	"Constitutive"	"chromosome"	"intragenic"
"ST4-74.fa"	805748	805749	"ST4-74.fa_805748_-"	"CDS"	"-"	805747	805753	"SL1344_0720"	"sucC"	"+"	"SL1344_0720"	"sucC"	805321	806488	"Right"	100	87.5	90	87.5	3	8	60	8	90.9090909090909	89.7058823529412	"Constitutive"	"chromosome"	"intragenic"
"ST4-74.fa"	805904	805905	"ST4-74.fa_805904_-"	"CDS"	"-"	805903	805909	"SL1344_0720"	"sucC"	"+"	"SL1344_0720"	"sucC"	805321	806488	"Right"	100	75	75	66.67	5	8	40	6	84.6153846153846	73.9134782608696	"Constitutive"	"chromosome"	"intragenic"
"ST4-74.fa"	811577	811578	"ST4-74.fa_811577_-"	"CDS"	"-"	811576	811582	"SL1344_0723"	"cydB"	"+"	"SL1344_0723"	"cydB"	810523	811663	"Right"	85.71	90	85.42	66.67	7	10	48	9	88.2335294117647	82.4594736842105	"Constitutive"	"chromosome"	"intragenic"
"ST4-74.fa"	813622	813623	"ST4-74.fa_813622_-"	"CDS"	"-"	813621	813627	"SL1344_0728"	"tolR"	"+"	"SL1344_0728"	"tolR"	813534	813963	"Right"	50	60	70.21	62.5	4	5	47	8	55.5555555555556	69.0885454545455	"Constitutive"	"chromosome"	"intragenic"
"ST4-74.fa"	814112	814113	"ST4-74.fa_814112_-"	"CDS"	"-"	814111	814117	"SL1344_0729"	"tolA"	"+"	"SL1344_0729"	"tolA"	814027	815251	"Right"	33.33	87.5	81.82	90	3	8	55	10	72.7263636363636	83.0784615384615	"Constitutive"	"chromosome"	"intragenic"
"ST4-74.fa"	81470	81471	"ST4-74.fa_81470_+"	"CDS"	"+"	81466	81472	"SL1344_0070"	"caiE"	"-"	"SL1344_0070"	"caiE"	81022	81619	"NSR"	60	78.57	88.64	100	5	14	44	7	73.6831578947368	90.1992156862745	"Constitutive"	"chromosome"	"intragenic"
"ST4-74.fa"	81593	81594	"ST4-74.fa_81593_+"	"CDS"	"+"	81589	81595	"SL1344_0070"	"caiE"	"-"	"SL1344_0070"	"caiE"	81022	81619	"NSR"	50	86.67	75.68	83.33	4	15	37	6	78.95	76.7474418604651	"Constitutive"	"chromosome"	"intragenic"
"ST4-74.fa"	8184	8185	"ST4-74.fa_8184_-"	"CDS"	"-"	8183	8189	"SL1344_0007"	"talB"	"+"	"SL1344_0007"	"talB"	7664	8618	"NSR"	100	83.33	73.53	100	7	6	34	5	92.3061538461538	76.9235897435897	"Constitutive"	"chromosome"	"intragenic"
"ST4-74.fa"	820691	820692	"ST4-74.fa_820691_+"	"CDS"	"+"	820687	820693	"SL1344_0734"	"pnuC"	"+"	"SL1344_0734"	"pnuC"	820556	821276	"Right"	50	83.33	84.44	71.43	2	6	45	7	74.9975	82.6886538461538	"Constitutive"	"chromosome"	"intragenic"
"ST4-74.fa"	821138	821139	"ST4-74.fa_821138_+"	"CDS"	"+"	821134	821140	"SL1344_0734"	"pnuC"	"+"	"SL1344_0734"	"pnuC"	820556	821276	"Right"	100	100	95.31	90.91	3	8	64	11	100	94.6646666666667	"Constitutive"	"chromosome"	"intragenic"
"ST4-74.fa"	821190	821191	"ST4-74.fa_821190_-"	"CDS"	"-"	821189	821195	"SL1344_0734"	"pnuC"	"+"	"SL1344_0734"	"pnuC"	820556	821276	"Right"	50	52.94	70	100	6	17	40	9	52.1730434782609	75.5102040816327	"Constitutive"	"chromosome"	"intragenic"
"ST4-74.fa"	825301	825302	"ST4-74.fa_825301_-"	"CDS"	"-"	825300	825306	"SL1344_0739"	"STM0762"	"-"	"SL1344_0739"	"STM0762"	824733	825579	"Right"	100	75	77.78	85.71	6	12	27	7	83.3333333333333	79.4126470588235	"Constitutive"	"chromosome"	"intragenic"
"ST4-74.fa"	82622	82623	"ST4-74.fa_82622_-"	"CDS"	"-"	82621	82627	"SL1344_0072"	"caiC"	"-"	"SL1344_0072"	"caiC"	82566	84120	"NSR"	100	75	91.67	69.23	7	16	48	13	82.6086956521739	86.8877049180328	"Constitutive"	"chromosome"	"intragenic"
"ST4-74.fa"	827296	827297	"ST4-74.fa_827296_+"	"CDS"	"+"	827292	827298	"SL1344_0741"	"STM0764"	"-"	"SL1344_0741"	"STM0764"	826599	827526	"Right"	50	85.71	88.37	66.67	4	7	43	6	72.7245454545454	85.7128571428571	"Constitutive"	"chromosome"	"intragenic"
"ST4-74.fa"	83350	83351	"ST4-74.fa_83350_-"	"CDS"	"-"	83349	83355	"SL1344_0072"	"caiC"	"-"	"SL1344_0072"	"caiC"	82566	84120	"NSR"	100	92.86	97.87	100	7	14	47	7	95.24	98.1461111111111	"Constitutive"	"chromosome"	"intragenic"
"ST4-74.fa"	833517	833518	"ST4-74.fa_833517_+"	"intergenic"	"+"	833513	833519	"SL1344_0746"	"STM0769"	"++"	"SL1344_0747"	"STM0770"	833291	833670	"Right"	100	80	76	66.67	4	5	50	6	88.8888888888889	75.0003571428572	"Constitutive"	"chromosome"	"intergenic"
"ST4-74.fa"	833525	833526	"ST4-74.fa_833525_-"	"intergenic"	"-"	833524	833530	"SL1344_0746"	"STM0769"	"++"	"SL1344_0747"	"STM0770"	833291	833670	"Right"	71.43	75	78.57	83.33	7	8	42	6	73.334	79.165	"Constitutive"	"chromosome"	"intergenic"
"ST4-74.fa"	836142	836143	"ST4-74.fa_836142_-"	"CDS"	"-"	836141	836147	"SL1344_0749"	"gpmA"	"-"	"SL1344_0749"	"gpmA"	835616	836369	"Right"	100	100	93.88	88.89	10	3	49	9	100	93.1056896551724	"Constitutive"	"chromosome"	"intragenic"
"ST4-74.fa"	836920	836921	"ST4-74.fa_836920_-"	"CDS"	"-"	836919	836925	"SL1344_0750"	"galM"	"-"	"SL1344_0750"	"galM"	836592	837633	"Right"	100	100	93.75	100	5	3	48	7	100	94.5454545454545	"Constitutive"	"chromosome"	"intragenic"
"ST4-74.fa"	837747	837748	"ST4-74.fa_837747_+"	"CDS"	"+"	837743	837749	"SL1344_0751"	"galK"	"-"	"SL1344_0751"	"galK"	837626	838775	"Right"	85.71	71.43	91.23	88.89	7	7	57	9	78.57	90.9109090909091	"Constitutive"	"chromosome"	"intragenic"
"ST4-74.fa"	838251	838252	"ST4-74.fa_838251_-"	"CDS"	"-"	838250	838256	"SL1344_0751"	"galK"	"-"	"SL1344_0751"	"galK"	837626	838775	"Right"	83.33	75	88.1	100	6	8	42	5	78.57	89.3659574468085	"Constitutive"	"chromosome"	"intragenic"
"ST4-74.fa"	838683	838684	"ST4-74.fa_838683_+"	"CDS"	"+"	838679	838685	"SL1344_0751"	"galK"	"-"	"SL1344_0751"	"galK"	837626	838775	"Right"	85.71	75	93.33	90	7	8	60	10	79.998	92.8542857142857	"Constitutive"	"chromosome"	"intragenic"
"ST4-74.fa"	840459	840460	"ST4-74.fa_840459_-"	"CDS"	"-"	840458	840464	"SL1344_0753"	"galE"	"-"	"SL1344_0753"	"galE"	839834	840851	"Right"	100	88.89	84.38	100	7	9	32	4	93.750625	86.1155555555555	"Constitutive"	"chromosome"	"intragenic"
"ST4-74.fa"	841467	841468	"ST4-74.fa_841467_+"	"CDS"	"+"	841463	841469	"SL1344_0754"	"STM0777"	"-"	"SL1344_0754"	"STM0777"	841073	841982	"Right"	80	50	79.03	54.55	5	8	62	11	61.5384615384615	75.3412328767123	"Constitutive"	"chromosome"	"intragenic"
"ST4-74.fa"	843862	843863	"ST4-74.fa_843862_-"	"CDS"	"-"	843861	843867	"SL1344_0756"	"modE"	"-"	"SL1344_0756"	"modE"	843695	844484	"Right"	80	62.5	73.58	77.78	5	8	53	9	69.2307692307692	74.1896774193548	"Constitutive"	"chromosome"	"intragenic"
"ST4-74.fa"	843948	843949	"ST4-74.fa_843948_+"	"CDS"	"+"	843944	843950	"SL1344_0756"	"modE"	"-"	"SL1344_0756"	"modE"	843695	844484	"Right"	100	91.67	92.16	100	7	12	51	11	94.7389473684211	93.5509677419355	"Constitutive"	"chromosome"	"intragenic"
"ST4-74.fa"	844230	844231	"ST4-74.fa_844230_+"	"CDS"	"+"	844226	844232	"SL1344_0756"	"modE"	"-"	"SL1344_0756"	"modE"	843695	844484	"Right"	100	83.33	93.48	90	7	12	46	10	89.4715789473684	92.8585714285714	"Constitutive"	"chromosome"	"intragenic"
"ST4-74.fa"	845173	845174	"ST4-74.fa_845173_-"	"CDS"	"-"	845172	845178	"SL1344_0758"	"modA"	"+"	"SL1344_0758"	"modA"	844928	845702	"Right"	50	100	88.89	100	4	4	36	4	75	90.001	"Constitutive"	"chromosome"	"intragenic"
"ST4-74.fa"	845178	845179	"ST4-74.fa_845178_+"	"CDS"	"+"	845174	845180	"SL1344_0758"	"modA"	"+"	"SL1344_0758"	"modA"	844928	845702	"Right"	50	75	66.04	72.73	6	8	53	11	64.2857142857143	67.18984375	"Constitutive"	"chromosome"	"intragenic"
"ST4-74.fa"	847702	847703	"ST4-74.fa_847702_-"	"CDS"	"-"	847701	847707	"SL1344_0761"	"ybhA"	"-"	"SL1344_0761"	"ybhA"	847452	848271	"Right"	100	100	87.3	100	7	5	63	3	100	87.8772727272727	"Constitutive"	"chromosome"	"intragenic"
"ST4-74.fa"	84924	84925	"ST4-74.fa_84924_-"	"CDS"	"-"	84923	84929	"SL1344_0073"	"caiB"	"-"	"SL1344_0073"	"caiB"	84182	85454	"NSR"	100	90.91	95.83	90.91	5	11	48	11	93.750625	94.9127118644068	"Constitutive"	"chromosome"	"intragenic"
"ST4-74.fa"	84948	84949	"ST4-74.fa_84948_+"	"CDS"	"+"	84944	84950	"SL1344_0073"	"caiB"	"-"	"SL1344_0073"	"caiB"	84182	85454	"NSR"	85.71	71.43	73.91	100	7	14	46	6	76.19	76.9203846153846	"Constitutive"	"chromosome"	"intragenic"
"ST4-74.fa"	850771	850772	"ST4-74.fa_850771_-"	"CDS"	"-"	850770	850776	"SL1344_0763"	"ybhC"	"-"	"SL1344_0763"	"ybhC"	849573	850857	"Right"	66.67	83.33	76.6	71.43	6	6	47	7	75	75.9298148148148	"Constitutive"	"chromosome"	"intragenic"
"ST4-74.fa"	852201	852202	"ST4-74.fa_852201_+"	"CDS"	"+"	852197	852203	"SL1344_0764"	"hutI"	"+"	"SL1344_0764"	"hutI"	851094	852318	"Right"	100	62.5	84.62	87.5	2	8	39	8	70	85.1102127659575	"Constitutive"	"chromosome"	"intragenic"
"ST4-74.fa"	855009	855010	"ST4-74.fa_855009_+"	"CDS"	"+"	855005	855011	"SL1344_0767"	"hutU"	"+"	"SL1344_0767"	"hutU"	854222	855908	"Right"	66.67	91.67	76	100	3	12	50	10	86.67	80	"Constitutive"	"chromosome"	"intragenic"
"ST4-74.fa"	856204	856205	"ST4-74.fa_856204_-"	"CDS"	"-"	856203	856209	"SL1344_0768"	"hutH"	"+"	"SL1344_0768"	"hutH"	855909	857430	"Right"	100	100	93.22	91.67	4	10	59	12	100	92.9580281690141	"Constitutive"	"chromosome"	"intragenic"
"ST4-74.fa"	858167	858168	"ST4-74.fa_858167_-"	"CDS"	"-"	858166	858172	"SL1344_0770"	"bioA"	"-"	"SL1344_0770"	"bioA"	858048	859338	"Right"	100	90	90	100	3	10	50	8	92.3076923076923	91.3793103448276	"Constitutive"	"chromosome"	"intragenic"
"ST4-74.fa"	863068	863069	"ST4-74.fa_863068_+"	"intergenic"	"+"	863064	863070	"SL1344_0774"	"bioDa"	"+-"	"STnc3340"	"no"	863037	863328	"Right"	50	37.5	66.67	57.14	2	8	45	7	40	65.3871153846154	"Constitutive"	"chromosome"	"intergenic"
"ST4-74.fa"	863736	863737	"ST4-74.fa_863736_+"	"CDS"	"+"	863732	863738	"SL1344_0775"	"uvrB"	"+"	"SL1344_0775"	"uvrB"	863687	865709	"Right"	100	100	96.08	100	2	8	51	6	100	96.4926315789474	"Constitutive"	"chromosome"	"intragenic"
"ST4-74.fa"	86490	86491	"ST4-74.fa_86490_+"	"CDS"	"+"	86486	86492	"SL1344_0074"	"caiA"	"-"	"SL1344_0074"	"caiA"	85511	86654	"NSR"	100	92.86	91.18	75	7	14	34	8	95.24	88.0980952380952	"Constitutive"	"chromosome"	"intragenic"
"ST4-74.fa"	864918	864919	"ST4-74.fa_864918_+"	"CDS"	"+"	864914	864920	"SL1344_0775"	"uvrB"	"+"	"SL1344_0775"	"uvrB"	863687	865709	"Right"	100	100	96.08	100	5	9	51	5	100	96.43	"Constitutive"	"chromosome"	"intragenic"
"ST4-74.fa"	866185	866186	"ST4-74.fa_866185_+"	"intergenic"	"+"	866181	866187	"SL1344_0775"	"uvrB"	"++"	"SL1344_0776"	"slrP"	865709	866198	"Right"	100	100	82	66.67	3	6	50	9	100	79.6615254237288	"Constitutive"	"chromosome"	"intergenic"
"ST4-74.fa"	869029	869030	"ST4-74.fa_869029_-"	"CDS"	"-"	869028	869034	"SL1344_0777"	"ybhK"	"-"	"SL1344_0777"	"ybhK"	868587	869496	"Right"	75	63.64	86.79	90	4	11	53	10	66.6693333333333	87.2995238095238	"Constitutive"	"chromosome"	"intragenic"
"ST4-74.fa"	869065	869066	"ST4-74.fa_869065_-"	"CDS"	"-"	869064	869070	"SL1344_0777"	"ybhK"	"-"	"SL1344_0777"	"ybhK"	868587	869496	"Right"	83.33	75	89.29	88.89	6	8	56	9	78.57	89.2346153846154	"Constitutive"	"chromosome"	"intragenic"
"ST4-74.fa"	869113	869114	"ST4-74.fa_869113_+"	"CDS"	"+"	869109	869115	"SL1344_0777"	"ybhK"	"-"	"SL1344_0777"	"ybhK"	868587	869496	"Right"	0	100	81.08	88.89	1	8	37	9	88.8888888888889	82.6080434782609	"Constitutive"	"chromosome"	"intragenic"
"ST4-74.fa"	871159	871160	"ST4-74.fa_871159_+"	"CDS"	"+"	871155	871161	"SL1344_0779"	"moaB"	"+"	"SL1344_0779"	"moaB"	870903	871416	"Right"	100	85.71	79.17	80	3	7	48	10	89.997	79.3131034482759	"Constitutive"	"chromosome"	"intragenic"
"ST4-74.fa"	871632	871633	"ST4-74.fa_871632_-"	"CDS"	"-"	871631	871637	"SL1344_0780"	"moaC"	"+"	"SL1344_0780"	"moaC"	871418	871904	"Right"	100	66.67	76.47	50	1	6	34	6	71.4314285714286	72.4995	"Constitutive"	"chromosome"	"intragenic"
"ST4-74.fa"	875465	875466	"ST4-74.fa_875465_+"	"CDS"	"+"	875461	875467	"SL1344_0787"	"ybhN"	"-"	"SL1344_0787"	"ybhN"	875404	876367	"Right"	80	62.5	89.8	100	5	8	49	7	69.2307692307692	91.075	"Constitutive"	"chromosome"	"intragenic"
"ST4-74.fa"	87607	87608	"ST4-74.fa_87607_+"	"CDS"	"+"	87603	87609	"SL1344_0075"	"caiT"	"-"	"SL1344_0075"	"caiT"	86688	88206	"NSR"	100	64.29	75	25	4	14	20	4	72.2255555555556	66.6666666666667	"Constitutive"	"chromosome"	"intragenic"
"ST4-74.fa"	876646	876647	"ST4-74.fa_876646_+"	"CDS"	"+"	876642	876648	"SL1344_0788"	"ybhO"	"-"	"SL1344_0788"	"ybhO"	876366	877608	"Right"	100	57.14	90.7	90.91	6	7	43	11	76.9215384615385	90.7427777777778	"Constitutive"	"chromosome"	"intragenic"
"ST4-74.fa"	879354	879355	"ST4-74.fa_879354_-"	"CDS"	"-"	879353	879359	"SL1344_0791"	"ybhR"	"-"	"SL1344_0791"	"ybhR"	878867	879974	"Right"	0	60	91.3	90	1	5	46	10	50	91.0678571428572	"Constitutive"	"chromosome"	"intragenic"
"ST4-74.fa"	879438	879439	"ST4-74.fa_879438_+"	"CDS"	"+"	879434	879440	"SL1344_0791"	"ybhR"	"-"	"SL1344_0791"	"ybhR"	878867	879974	"Right"	100	100	87.18	90	4	3	39	10	100	87.7555102040816	"Constitutive"	"chromosome"	"intragenic"
"ST4-74.fa"	880688	880689	"ST4-74.fa_880688_-"	"CDS"	"-"	880687	880693	"SL1344_0792"	"ybhS"	"-"	"SL1344_0792"	"ybhS"	880089	881220	"Right"	100	100	92.59	87.5	1	2	27	8	100	91.4265714285714	"Constitutive"	"chromosome"	"intragenic"
"ST4-74.fa"	882149	882150	"ST4-74.fa_882149_+"	"CDS"	"+"	882145	882151	"SL1344_0793"	"ybhF"	"-"	"SL1344_0793"	"ybhF"	881212	882949	"Right"	100	85.71	98.21	90	5	7	56	10	91.6641666666666	96.9660606060606	"Constitutive"	"chromosome"	"intragenic"
"ST4-74.fa"	883470	883471	"ST4-74.fa_883470_-"	"CDS"	"-"	883469	883475	"SL1344_0794"	"STM0818"	"-"	"SL1344_0794"	"STM0818"	882941	883937	"Right"	100	100	93.75	100	2	7	48	13	100	95.0819672131148	"Constitutive"	"chromosome"	"intragenic"
"ST4-74.fa"	885285	885286	"ST4-74.fa_885285_+"	"CDS"	"+"	885281	885287	"SL1344_0796"	"rhlE"	"+"	"SL1344_0796"	"rhlE"	884840	886205	"Right"	83.33	80	89.58	75	6	5	48	4	81.8163636363636	88.4584615384615	"Constitutive"	"chromosome"	"intragenic"
"ST4-74.fa"	886683	886684	"ST4-74.fa_886683_+"	"CDS"	"+"	886679	886685	"SL1344_0797"	"dinG"	"+"	"SL1344_0797"	"dinG"	886511	888557	"Right"	71.43	66.67	74.07	100	7	6	54	5	69.2330769230769	76.2674576271186	"Constitutive"	"chromosome"	"intragenic"
"ST4-74.fa"	887352	887353	"ST4-74.fa_887352_-"	"CDS"	"-"	887351	887357	"SL1344_0797"	"dinG"	"+"	"SL1344_0797"	"dinG"	886511	888557	"Right"	83.33	90	90.7	100	6	10	43	8	87.49875	92.1588235294118	"Constitutive"	"chromosome"	"intragenic"
"ST4-74.fa"	887739	887740	"ST4-74.fa_887739_+"	"CDS"	"+"	887735	887741	"SL1344_0797"	"dinG"	"+"	"SL1344_0797"	"dinG"	886511	888557	"Right"	100	100	96.67	75	6	8	60	4	100	95.315625	"Constitutive"	"chromosome"	"intragenic"
"ST4-74.fa"	892952	892953	"ST4-74.fa_892952_+"	"CDS"	"+"	892948	892954	"SL1344_0802"	"ybiO"	"-"	"SL1344_0802"	"ybiO"	891661	893884	"Right"	62.5	75	89.83	100	8	4	59	6	66.6666666666667	90.7687692307692	"Constitutive"	"chromosome"	"intragenic"
"ST4-74.fa"	897117	897118	"ST4-74.fa_897117_+"	"CDS"	"+"	897113	897119	"SL1344_0806"	"dps"	"-"	"SL1344_0806"	"dps"	896747	897251	"Right"	80	83.33	76.92	75	5	6	39	4	81.8163636363636	76.7413953488372	"Constitutive"	"chromosome"	"intragenic"
"ST4-74.fa"	903215	903216	"ST4-74.fa_903215_-"	"CDS"	"-"	903214	903220	"SL1344_0812"	"ybiS"	"-"	"SL1344_0812"	"ybiS"	903157	904078	"Right"	100	81.82	94.87	92.86	6	11	39	14	88.2364705882353	94.3390566037736	"Constitutive"	"chromosome"	"intragenic"
"ST4-74.fa"	903806	903807	"ST4-74.fa_903806_+"	"CDS"	"+"	903802	903808	"SL1344_0812"	"ybiS"	"-"	"SL1344_0812"	"ybiS"	903157	904078	"Right"	100	80	96.08	83.33	1	10	51	6	81.8181818181818	94.7378947368421	"Constitutive"	"chromosome"	"intragenic"
"ST4-74.fa"	904390	904391	"ST4-74.fa_904390_-"	"CDS"	"-"	904389	904395	"SL1344_0813"	"ybiT"	"+"	"SL1344_0813"	"ybiT"	904296	905889	"Right"	80	66.67	86.84	63.64	5	12	38	11	70.5905882352941	81.6318367346939	"Constitutive"	"chromosome"	"intragenic"
"ST4-74.fa"	9046	9047	"ST4-74.fa_9046_+"	"CDS"	"+"	9042	9048	"SL1344_0008"	"mog"	"+"	"SL1344_0008"	"mog"	8728	9319	"NSR"	100	93.75	90.7	100	4	16	43	6	95	91.8387755102041	"Constitutive"	"chromosome"	"intragenic"
"ST4-74.fa"	905674	905675	"ST4-74.fa_905674_-"	"CDS"	"-"	905673	905679	"SL1344_0813"	"ybiT"	"+"	"SL1344_0813"	"ybiT"	904296	905889	"Right"	100	83.33	97.78	80	6	12	45	15	88.8866666666667	93.335	"Constitutive"	"chromosome"	"intragenic"
"ST4-74.fa"	905758	905759	"ST4-74.fa_905758_-"	"CDS"	"-"	905757	905763	"SL1344_0813"	"ybiT"	"+"	"SL1344_0813"	"ybiT"	904296	905889	"Right"	100	77.78	93.18	83.33	5	9	44	12	85.7157142857143	91.0692857142857	"Constitutive"	"chromosome"	"intragenic"
"ST4-74.fa"	90656	90657	"ST4-74.fa_90656_+"	"CDS"	"+"	90652	90658	"SL1344_0078"	"fixC"	"+"	"SL1344_0078"	"fixC"	90463	91750	"NSR"	50	72.73	86.67	80	6	11	30	5	64.7076470588235	85.7171428571429	"Constitutive"	"chromosome"	"intragenic"
"ST4-74.fa"	90836	90837	"ST4-74.fa_90836_-"	"CDS"	"-"	90835	90841	"SL1344_0078"	"fixC"	"+"	"SL1344_0078"	"fixC"	90463	91750	"NSR"	100	80	80	80	4	15	40	5	84.2105263157895	80	"Constitutive"	"chromosome"	"intragenic"
"ST4-74.fa"	91025	91026	"ST4-74.fa_91025_-"	"CDS"	"-"	91024	91030	"SL1344_0078"	"fixC"	"+"	"SL1344_0078"	"fixC"	90463	91750	"NSR"	60	95.24	100	71.43	5	21	50	7	88.4630769230769	96.4914035087719	"Constitutive"	"chromosome"	"intragenic"
"ST4-74.fa"	91262	91263	"ST4-74.fa_91262_-"	"CDS"	"-"	91261	91267	"SL1344_0078"	"fixC"	"+"	"SL1344_0078"	"fixC"	90463	91750	"NSR"	100	100	86.11	100	4	14	36	4	100	87.499	"Constitutive"	"chromosome"	"intragenic"
"ST4-74.fa"	912825	912826	"ST4-74.fa_912825_+"	"CDS"	"+"	912821	912827	"SL1344_0819"	"pflF"	"-"	"SL1344_0819"	"pflF"	910607	913040	"Right"	100	91.67	97.87	91.67	2	12	47	12	92.86	96.6089830508475	"Constitutive"	"chromosome"	"intragenic"
"ST4-74.fa"	917815	917816	"ST4-74.fa_917815_+"	"CDS"	"+"	917811	917817	"SL1344_0824"	"yliA"	"+"	"SL1344_0824"	"yliA"	917361	919233	"Right"	80	100	93.88	72.73	5	14	49	11	94.7368421052632	90.0025	"Constitutive"	"chromosome"	"intragenic"
"ST4-74.fa"	921039	921040	"ST4-74.fa_921039_+"	"CDS"	"+"	921035	921041	"SL1344_0826"	"yliC"	"+"	"SL1344_0826"	"yliC"	920864	921785	"Right"	100	84.62	90.57	90.91	3	13	53	11	87.50375	90.6284375	"Constitutive"	"chromosome"	"intragenic"
"ST4-74.fa"	923066	923067	"ST4-74.fa_923066_-"	"CDS"	"-"	923065	923071	"SL1344_0828"	"rimO"	"-"	"SL1344_0828"	"rimO"	922789	924115	"Right"	100	100	96.23	100	3	7	53	9	100	96.7772580645161	"Constitutive"	"chromosome"	"intragenic"
"ST4-74.fa"	923849	923850	"ST4-74.fa_923849_-"	"CDS"	"-"	923848	923854	"SL1344_0828"	"rimO"	"-"	"SL1344_0828"	"rimO"	922789	924115	"Right"	100	100	77.27	75	4	7	44	4	100	77.0808333333333	"Constitutive"	"chromosome"	"intragenic"
"ST4-74.fa"	924541	924542	"ST4-74.fa_924541_+"	"CDS"	"+"	924537	924543	"SL1344_0829"	"bssR"	"+"	"SL1344_0829"	"bssR"	924345	924729	"Right"	100	90	94.55	100	4	10	55	8	92.8571428571429	95.2420634920635	"Constitutive"	"chromosome"	"intragenic"
"ST4-74.fa"	926970	926971	"ST4-74.fa_926970_+"	"CDS"	"+"	926966	926972	"SL1344_0832"	"STM0856"	"+"	"SL1344_0832"	"STM0856"	926739	927687	"Right"	66.67	88.89	77.78	60	3	9	45	10	83.335	74.5472727272727	"Constitutive"	"chromosome"	"intragenic"
"ST4-74.fa"	927277	927278	"ST4-74.fa_927277_+"	"CDS"	"+"	927273	927279	"SL1344_0832"	"STM0856"	"+"	"SL1344_0832"	"STM0856"	926739	927687	"Right"	100	100	83.33	84.62	3	12	48	13	100	83.6049180327869	"Constitutive"	"chromosome"	"intragenic"
"ST4-74.fa"	928911	928912	"ST4-74.fa_928911_+"	"CDS"	"+"	928907	928913	"SL1344_0833"	"STM0857"	"+"	"SL1344_0833"	"STM0857"	927980	929144	"Right"	100	91.67	90.16	100	2	12	61	11	92.86	91.6633333333333	"Constitutive"	"chromosome"	"intragenic"
"ST4-74.fa"	929091	929092	"ST4-74.fa_929091_-"	"CDS"	"-"	929090	929096	"SL1344_0833"	"STM0857"	"+"	"SL1344_0833"	"STM0857"	927980	929144	"Right"	100	88.24	96.49	85.71	4	17	57	7	90.48	95.3109375	"Constitutive"	"chromosome"	"intragenic"
"ST4-74.fa"	930058	930059	"ST4-74.fa_930058_+"	"CDS"	"+"	930054	930060	"SL1344_0834"	"STM0858"	"+"	"SL1344_0834"	"STM0858"	929592	931278	"Right"	100	75	92.31	77.78	3	12	52	9	80	90.1662295081967	"Constitutive"	"chromosome"	"intragenic"
"ST4-74.fa"	930205	930206	"ST4-74.fa_930205_-"	"CDS"	"-"	930204	930210	"SL1344_0834"	"STM0858"	"+"	"SL1344_0834"	"STM0858"	929592	931278	"Right"	80	100	89.58	75	5	10	48	8	93.3333333333333	87.4971428571429	"Constitutive"	"chromosome"	"intragenic"
"ST4-74.fa"	930557	930558	"ST4-74.fa_930557_-"	"CDS"	"-"	930556	930562	"SL1344_0834"	"STM0858"	"+"	"SL1344_0834"	"STM0858"	929592	931278	"Right"	83.33	70	56.41	50	6	10	39	6	74.99875	55.5553333333333	"Constitutive"	"chromosome"	"intragenic"
"ST4-74.fa"	931048	931049	"ST4-74.fa_931048_+"	"CDS"	"+"	931044	931050	"SL1344_0834"	"STM0858"	"+"	"SL1344_0834"	"STM0858"	929592	931278	"Right"	100	71.43	68.89	83.33	3	7	45	12	80.001	71.93	"Constitutive"	"chromosome"	"intragenic"
"ST4-74.fa"	931745	931746	"ST4-74.fa_931745_+"	"CDS"	"+"	931741	931747	"SL1344_0835"	"STM0859"	"-"	"SL1344_0835"	"STM0859"	931283	932174	"Right"	33.33	80	80	0	3	10	40	6	69.23	69.5652173913043	"Constitutive"	"chromosome"	"intragenic"
"ST4-74.fa"	932478	932479	"ST4-74.fa_932478_-"	"CDS"	"-"	932477	932483	"SL1344_0836"	"STM0860"	"-"	"SL1344_0836"	"STM0860"	932438	932864	"Right"	100	100	91.84	100	5	14	49	8	100	92.9852631578947	"Constitutive"	"chromosome"	"intragenic"
"ST4-74.fa"	932935	932936	"ST4-74.fa_932935_-"	"intergenic"	"-"	932934	932940	"SL1344_0836"	"STM0860"	"-+"	"SL1344_0837"	"yliI"	932864	933210	"Right"	28.57	61.54	65.79	83.33	7	13	38	6	50.0005	68.1818181818182	"Constitutive"	"chromosome"	"intergenic"
"ST4-74.fa"	932953	932954	"ST4-74.fa_932953_+"	"intergenic"	"+"	932949	932955	"SL1344_0836"	"STM0860"	"-+"	"SL1344_0837"	"yliI"	932864	933210	"Right"	57.14	75	78	57.14	7	12	50	7	68.42	75.4382456140351	"Constitutive"	"chromosome"	"intergenic"
"ST4-74.fa"	933639	933640	"ST4-74.fa_933639_+"	"CDS"	"+"	933635	933641	"SL1344_0837"	"yliI"	"+"	"SL1344_0837"	"yliI"	933210	933891	"Right"	100	100	91.23	71.43	4	8	57	7	100	89.064375	"Constitutive"	"chromosome"	"intragenic"
"ST4-74.fa"	935109	935110	"ST4-74.fa_935109_+"	"CDS"	"+"	935105	935111	"SL1344_0839"	"dacC"	"+"	"SL1344_0839"	"dacC"	934757	935960	"Right"	100	100	76.74	71.43	2	4	43	7	100	75.9966	"Constitutive"	"chromosome"	"intragenic"
"ST4-74.fa"	935526	935527	"ST4-74.fa_935526_-"	"CDS"	"-"	935525	935531	"SL1344_0839"	"dacC"	"+"	"SL1344_0839"	"dacC"	934757	935960	"Right"	50	55.56	57.14	75	4	9	49	8	53.8492307692308	59.6466666666667	"Constitutive"	"chromosome"	"intragenic"
"ST4-74.fa"	936934	936935	"ST4-74.fa_936934_+"	"CDS"	"+"	936930	936936	"SL1344_0841"	"ybjG"	"-"	"SL1344_0841"	"ybjG"	936834	937443	"Right"	100	75	88.57	80	1	4	35	5	80	87.49875	"Constitutive"	"chromosome"	"intragenic"
"ST4-74.fa"	937264	937265	"ST4-74.fa_937264_+"	"CDS"	"+"	937260	937266	"SL1344_0841"	"ybjG"	"-"	"SL1344_0841"	"ybjG"	936834	937443	"Right"	NA	100	95.56	100	NA	3	45	5	100	96.004	"Constitutive"	"chromosome"	"intragenic"
"ST4-74.fa"	93808	93809	"ST4-74.fa_93808_+"	"CDS"	"+"	93804	93810	"SL1344_0081"	"STM0080"	"+"	"SL1344_0081"	"STM0080"	93609	93840	"NSR"	100	100	95.35	66.67	11	12	43	6	100	91.8381632653061	"Constitutive"	"chromosome"	"intragenic"
"ST4-74.fa"	938614	938615	"ST4-74.fa_938614_-"	"CDS"	"-"	938613	938619	"SL1344_0842"	"mdfA"	"+"	"SL1344_0842"	"mdfA"	937755	938988	"Right"	100	100	82.61	85.71	3	3	23	7	100	83.3333333333333	"Constitutive"	"chromosome"	"intragenic"
"ST4-74.fa"	938650	938651	"ST4-74.fa_938650_-"	"CDS"	"-"	938649	938655	"SL1344_0842"	"mdfA"	"+"	"SL1344_0842"	"mdfA"	937755	938988	"Right"	33.33	66.67	84.85	100	3	12	33	7	60.002	87.50125	"Constitutive"	"chromosome"	"intragenic"
"ST4-74.fa"	940301	940302	"ST4-74.fa_940301_+"	"CDS"	"+"	940297	940303	"SL1344_0844"	"STM0868"	"-"	"SL1344_0844"	"STM0868"	939853	941065	"Right"	0	100	67.44	66.67	1	5	43	3	83.3333333333333	67.3897826086957	"Constitutive"	"chromosome"	"intragenic"
"ST4-74.fa"	94212	94213	"ST4-74.fa_94212_-"	"CDS"	"-"	94211	94217	"SL1344_0082"	"STM0081"	"+"	"SL1344_0082"	"STM0081"	94133	94550	"NSR"	100	100	97.67	100	4	12	43	7	100	97.9962	"Constitutive"	"chromosome"	"intragenic"
"ST4-74.fa"	942228	942229	"ST4-74.fa_942228_+"	"CDS"	"+"	942224	942230	"SL1344_0846"	"STM0870"	"-"	"SL1344_0846"	"STM0870"	941969	943655	"Right"	100	85.71	86.96	87.5	3	7	46	8	89.997	87.04	"Constitutive"	"chromosome"	"intragenic"
"ST4-74.fa"	943134	943135	"ST4-74.fa_943134_+"	"CDS"	"+"	943130	943136	"SL1344_0846"	"STM0870"	"-"	"SL1344_0846"	"STM0870"	941969	943655	"Right"	100	100	98.11	88.89	3	6	53	9	100	96.7716129032258	"Constitutive"	"chromosome"	"intragenic"
"ST4-74.fa"	944118	944119	"ST4-74.fa_944118_-"	"CDS"	"-"	944117	944123	"SL1344_0847"	"ybjM"	"+"	"SL1344_0847"	"ybjM"	943925	944303	"Right"	100	83.33	85.71	71.43	3	6	21	7	88.8866666666667	82.14	"Constitutive"	"chromosome"	"intragenic"
"ST4-74.fa"	94902	94903	"ST4-74.fa_94902_+"	"CDS"	"+"	94898	94904	"SL1344_0083"	"STM0082"	"-"	"SL1344_0083"	"STM0082"	94773	95064	"NSR"	73.33	81.82	75	40	15	11	28	5	76.9219230769231	69.6969696969697	"Constitutive"	"chromosome"	"intragenic"
"ST4-74.fa"	949472	949473	"ST4-74.fa_949472_+"	"CDS"	"+"	949468	949474	"SL1344_0855"	"potG"	"+"	"SL1344_0855"	"potG"	948844	949978	"Right"	0	50	81.82	100	1	8	55	9	44.4444444444444	84.3765625	"Constitutive"	"chromosome"	"intragenic"
"ST4-74.fa"	949870	949871	"ST4-74.fa_949870_+"	"CDS"	"+"	949866	949872	"SL1344_0855"	"potG"	"+"	"SL1344_0855"	"potG"	948844	949978	"Right"	0	60	52.94	60	1	10	34	5	54.5454545454545	53.8451282051282	"Constitutive"	"chromosome"	"intragenic"
"ST4-74.fa"	950513	950514	"ST4-74.fa_950513_+"	"CDS"	"+"	950509	950515	"SL1344_0856"	"potH"	"+"	"SL1344_0856"	"potH"	949987	950941	"Right"	100	100	76.09	50	1	5	46	4	100	74.0028	"Constitutive"	"chromosome"	"intragenic"
"ST4-74.fa"	952943	952944	"ST4-74.fa_952943_+"	"CDS"	"+"	952939	952945	"SL1344_0859"	"rumB"	"+"	"SL1344_0859"	"rumB"	952372	953503	"Right"	100	100	96.36	75	1	11	55	8	100	93.647619047619	"Constitutive"	"chromosome"	"intragenic"
"ST4-74.fa"	953932	953933	"ST4-74.fa_953932_+"	"CDS"	"+"	953928	953934	"SL1344_0860"	"STM0884"	"+"	"SL1344_0860"	"STM0884"	953785	955129	"Right"	100	100	94.83	90	1	12	58	10	100	94.1197058823529	"Constitutive"	"chromosome"	"intragenic"
"ST4-74.fa"	957210	957211	"ST4-74.fa_957210_-"	"CDS"	"-"	957209	957215	"SL1344_0863"	"artJ"	"-"	"SL1344_0863"	"artJ"	957194	957926	"Right"	80	100	77.42	80	5	5	31	5	90	77.7783333333333	"Constitutive"	"chromosome"	"intragenic"
"ST4-74.fa"	958547	958548	"ST4-74.fa_958547_+"	"CDS"	"+"	958543	958549	"SL1344_0864"	"artM"	"-"	"SL1344_0864"	"artM"	958162	958831	"Right"	66.67	100	97.87	100	3	14	47	10	94.1182352941177	98.2436842105263	"Constitutive"	"chromosome"	"intragenic"
"ST4-74.fa"	958634	958635	"ST4-74.fa_958634_+"	"CDS"	"+"	958630	958636	"SL1344_0864"	"artM"	"-"	"SL1344_0864"	"artM"	958162	958831	"Right"	66.67	0	52.5	57.14	3	6	40	7	22.2233333333333	53.1910638297872	"LSP-specific"	"chromosome"	"intragenic"
"ST4-74.fa"	958892	958893	"ST4-74.fa_958892_-"	"CDS"	"-"	958891	958897	"SL1344_0865"	"artQ"	"-"	"SL1344_0865"	"artQ"	958830	959547	"Right"	100	100	90.48	100	2	8	42	8	100	92.0032	"Constitutive"	"chromosome"	"intragenic"
"ST4-74.fa"	958897	958898	"ST4-74.fa_958897_+"	"CDS"	"+"	958893	958899	"SL1344_0865"	"artQ"	"-"	"SL1344_0865"	"artQ"	958830	959547	"Right"	100	93.33	86.89	57.14	3	15	61	7	94.4416666666667	83.8275	"Constitutive"	"chromosome"	"intragenic"
"ST4-74.fa"	959482	959483	"ST4-74.fa_959482_+"	"CDS"	"+"	959478	959484	"SL1344_0865"	"artQ"	"-"	"SL1344_0865"	"artQ"	958830	959547	"Right"	100	83.33	85	100	1	12	40	4	84.6123076923077	86.3636363636364	"Constitutive"	"chromosome"	"intragenic"
"ST4-74.fa"	960070	960071	"ST4-74.fa_960070_+"	"CDS"	"+"	960066	960072	"SL1344_0866"	"artI"	"-"	"SL1344_0866"	"artI"	959553	960285	"Right"	100	90.91	91.49	100	2	11	47	7	92.3084615384615	92.5931481481481	"Constitutive"	"chromosome"	"intragenic"
"ST4-74.fa"	960681	960682	"ST4-74.fa_960681_-"	"CDS"	"-"	960680	960686	"SL1344_0867"	"artP"	"-"	"SL1344_0867"	"artP"	960302	961031	"Right"	100	100	87.5	88.89	4	10	48	9	100	87.7194736842105	"Constitutive"	"chromosome"	"intragenic"
"ST4-74.fa"	962509	962510	"ST4-74.fa_962509_+"	"CDS"	"+"	962505	962511	"SL1344_0870"	"ybjR"	"+"	"SL1344_0870"	"ybjR"	962223	963054	"Right"	66.67	77.78	70	50	3	9	30	6	75.0025	66.6666666666667	"Constitutive"	"chromosome"	"intragenic"
"ST4-74.fa"	964898	964899	"ST4-74.fa_964898_+"	"CDS"	"+"	964894	964900	"SL1344_0872"	"ybjT"	"-"	"SL1344_0872"	"ybjT"	964159	965593	"Right"	50	100	87.8	100	4	10	41	8	85.7142857142857	89.7918367346939	"Constitutive"	"chromosome"	"intragenic"
"ST4-74.fa"	967556	967557	"ST4-74.fa_967556_+"	"CDS"	"+"	967552	967558	"SL1344_0874"	"poxB"	"-"	"SL1344_0874"	"poxB"	966643	968362	"Right"	66.67	93.33	93.18	100	3	15	44	8	88.8866666666667	94.2292307692308	"Constitutive"	"chromosome"	"intragenic"
"ST4-74.fa"	96793	96794	"ST4-74.fa_96793_+"	"CDS"	"+"	96789	96795	"SL1344_0084"	"STM0084"	"+"	"SL1344_0084"	"STM0084"	95961	97851	"NSR"	92.31	70	89.74	100	13	10	39	7	82.61	91.3013043478261	"Constitutive"	"chromosome"	"intragenic"
"ST4-74.fa"	968120	968121	"ST4-74.fa_968120_+"	"CDS"	"+"	968116	968122	"SL1344_0874"	"poxB"	"-"	"SL1344_0874"	"poxB"	966643	968362	"Right"	50	70	77.08	81.82	2	10	48	11	66.6666666666667	77.9637288135593	"Constitutive"	"chromosome"	"intragenic"
"ST4-74.fa"	969872	969873	"ST4-74.fa_969872_+"	"CDS"	"+"	969868	969874	"SL1344_0876"	"hcp"	"-"	"SL1344_0876"	"hcp"	969499	971152	"Right"	100	93.33	92.86	87.5	1	15	42	8	93.746875	92.0024	"Constitutive"	"chromosome"	"intragenic"
"ST4-74.fa"	970418	970419	"ST4-74.fa_970418_+"	"CDS"	"+"	970414	970420	"SL1344_0876"	"hcp"	"-"	"SL1344_0876"	"hcp"	969499	971152	"Right"	100	60	80.43	83.33	2	15	46	6	64.7058823529412	80.7646153846154	"Constitutive"	"chromosome"	"intragenic"
"ST4-74.fa"	971776	971777	"ST4-74.fa_971776_+"	"CDS"	"+"	971772	971778	"SL1344_0877"	"ybjE"	"-"	"SL1344_0877"	"ybjE"	971295	972087	"Right"	100	84.62	91.84	88.89	4	13	49	9	88.2388235294118	91.3822413793103	"Constitutive"	"chromosome"	"intragenic"
"ST4-74.fa"	972832	972833	"ST4-74.fa_972832_+"	"CDS"	"+"	972828	972834	"SL1344_0878"	"ybjD"	"+"	"SL1344_0878"	"ybjD"	972396	974055	"Right"	100	84.62	84	88.89	3	13	50	9	87.50375	84.7459322033898	"Constitutive"	"chromosome"	"intragenic"
"ST4-74.fa"	975409	975410	"ST4-74.fa_975409_+"	"CDS"	"+"	975405	975411	"SL1344_0880"	"ybjY"	"+"	"SL1344_0880"	"ybjY"	975147	976266	"Right"	100	90	87.8	88.89	3	10	41	9	92.3076923076923	87.9962	"Constitutive"	"chromosome"	"intragenic"
"ST4-74.fa"	975436	975437	"ST4-74.fa_975436_+"	"CDS"	"+"	975432	975438	"SL1344_0880"	"ybjY"	"+"	"SL1344_0880"	"ybjY"	975147	976266	"Right"	50	66.67	48.48	60	2	9	33	5	63.6390909090909	49.9957894736842	"Constitutive"	"chromosome"	"intragenic"
"ST4-74.fa"	977712	977713	"ST4-74.fa_977712_+"	"CDS"	"+"	977708	977714	"SL1344_0881"	"ybjZ"	"+"	"SL1344_0881"	"ybjZ"	976262	978209	"Right"	100	90	98.04	100	3	10	51	15	92.3076923076923	98.4854545454545	"Constitutive"	"chromosome"	"intragenic"
"ST4-74.fa"	981257	981258	"ST4-74.fa_981257_+"	"CDS"	"+"	981253	981259	"SL1344_0884"	"clpA"	"+"	"SL1344_0884"	"clpA"	979234	981511	"Right"	75	100	81.25	81.82	4	4	48	11	87.5	81.3562711864407	"Constitutive"	"chromosome"	"intragenic"
"ST4-74.fa"	984552	984553	"ST4-74.fa_984552_+"	"CDS"	"+"	984548	984554	"SL1344_0888"	"STM0950"	"-"	"SL1344_0888"	"STM0950"	984215	984893	"Right"	100	100	94.74	100	4	7	57	14	100	95.7771830985915	"Constitutive"	"chromosome"	"intragenic"
"ST4-74.fa"	984672	984673	"ST4-74.fa_984672_+"	"CDS"	"+"	984668	984674	"SL1344_0888"	"STM0950"	"-"	"SL1344_0888"	"STM0950"	984215	984893	"Right"	100	100	72.73	100	1	1	33	9	100	78.5735714285714	"Constitutive"	"chromosome"	"intragenic"
"ST4-74.fa"	98808	98809	"ST4-74.fa_98808_-"	"CDS"	"-"	98807	98813	"SL1344_0087"	"kefC"	"+"	"SL1344_0087"	"kefC"	98780	100643	"NSR"	100	100	92	90.91	6	14	50	11	100	91.8034426229508	"Constitutive"	"chromosome"	"intragenic"
"ST4-74.fa"	992089	992090	"ST4-74.fa_992089_-"	"CDS"	"-"	992088	992094	"SL1344_0896"	"trxB"	"-"	"SL1344_0896"	"trxB"	991764	992733	"Right"	66.67	62.5	81.13	83.33	3	8	53	6	63.6372727272727	81.3537288135593	"Constitutive"	"chromosome"	"intragenic"
"ST4-74.fa"	997412	997413	"ST4-74.fa_997412_-"	"CDS"	"-"	997411	997417	"SL1344_0898"	"ftsK"	"+"	"SL1344_0898"	"ftsK"	993907	997993	"Right"	100	100	88.24	100	4	9	51	7	100	89.6593103448276	"Constitutive"	"chromosome"	"intragenic"
"ST4-74.fa"	997412	997413	"ST4-74.fa_997412_-"	"intergenic"	"-"	997411	997417	"SL1344_repeat_region_1"	"no"	"++"	"SL1344_0899"	"lolA"	996423	998132	"Right"	100	100	88.24	100	4	9	51	7	100	89.6593103448276	"Constitutive"	"chromosome"	"intergenic"
"ST4-74.fa"	997577	997578	"ST4-74.fa_997577_+"	"CDS"	"+"	997573	997579	"SL1344_0898"	"ftsK"	"+"	"SL1344_0898"	"ftsK"	993907	997993	"Right"	NA	85.71	86.89	80	NA	7	61	10	85.71	85.9195774647887	"Constitutive"	"chromosome"	"intragenic"
"ST4-74.fa"	997577	997578	"ST4-74.fa_997577_+"	"intergenic"	"+"	997573	997579	"SL1344_repeat_region_1"	"no"	"++"	"SL1344_0899"	"lolA"	996423	998132	"Right"	NA	85.71	86.89	80	NA	7	61	10	85.71	85.9195774647887	"Constitutive"	"chromosome"	"intergenic"
"ST4-74.fa"	997814	997815	"ST4-74.fa_997814_+"	"CDS"	"+"	997810	997816	"SL1344_0898"	"ftsK"	"+"	"SL1344_0898"	"ftsK"	993907	997993	"Right"	100	77.78	86.54	75	1	9	52	8	80.002	85.0013333333333	"Constitutive"	"chromosome"	"intragenic"
"ST4-74.fa"	997814	997815	"ST4-74.fa_997814_+"	"intergenic"	"+"	997810	997816	"SL1344_repeat_region_1"	"no"	"++"	"SL1344_0899"	"lolA"	996423	998132	"Right"	100	77.78	86.54	75	1	9	52	8	80.002	85.0013333333333	"Constitutive"	"chromosome"	"intergenic"
"ST4-74.fa"	998640	998641	"ST4-74.fa_998640_+"	"CDS"	"+"	998636	998642	"SL1344_0899"	"lolA"	"+"	"SL1344_0899"	"lolA"	998132	998747	"Right"	NA	90	91.23	88.89	NA	10	57	9	90	90.9109090909091	"Constitutive"	"chromosome"	"intragenic"
"ST4-74.fa"	999318	999319	"ST4-74.fa_999318_+"	"CDS"	"+"	999314	999320	"SL1344_0900"	"ycaJ"	"+"	"SL1344_0900"	"ycaJ"	998756	1000100	"Right"	100	75	85.45	60	1	8	55	10	77.7777777777778	81.5346153846154	"Constitutive"	"chromosome"	"intragenic"
